<?xml version="1.0" encoding="UTF-8"?>
<!-- Translates Orca Actions to Interface Commands action = Orca Action String
cmd = command to send, -->

<includes  xmlns:xi="http://www.w3.org/2001/XInclude">

  <repositorymanager>
    <entry>
      <name>Unraid Power off / Telnet</name>
      <description language='English'>Power off command for Unraid NAS Server using Telnet</description>
      <description language='German'>Power off Befehl für Unraid NAS Server über Telnet</description>
      <author>Carsten Thielepape</author>
      <version>5.0.2</version>
      <minorcaversion>5.0.2</minorcaversion>
      <sources>
        <source>
          <local>$var(APPLICATIONPATH)/codesets/telnet/CODESET_telnet_UNRAID.xml</local>
          <sourcefile>$var(REPOSITORYWWWPATH)/codesets/CODESET_telnet_UNRAID.zip</sourcefile>
          <targetpath>codesets/telnet</targetpath>
        </source>
      </sources>
      <dependencies>
        <dependency>
          <type>interfaces</type>
          <name>Telnet</name>
        </dependency>
      </dependencies>
    </entry>
  </repositorymanager>

  <action string="codeset" name='power_off' waitforresponse='0' cmd='poweroff\n' />

</includes>
