<?xml version="1.0" encoding="UTF-8"?>
<elements>
  <element name="Anchor Info Buttons" type="ANCHOR" posx="center" >
    <elements>
      <element name="Headline Audio"      type="BUTTON"   posx="left"           posy="top"                       width="%50"  height="of:height:Anchor Info Buttons:/7" picturenormal="button wide*" fontsize="%h70"  caption='Audio' action='Send' actionpars='{"commandname":"main.audio-infomation.query"}' />
      <element name="Headline Video"      type="BUTTON"   posx="right"          posy="top"                       width="%50"  height="of:height:Headline Audio"         picturenormal="button wide*"  fontsize="%h70"  caption='Video' action='Send' actionpars='{"commandname":"main.video-infomation.query"}'/>
      <element name="Headline Audio In"   type="BUTTON"   posx="left"           posy="of:bottom:Headline Audio"  width="%25"  height="of:height:Headline Audio"         picturenormal="background boxes" picturepressed="background boxes" fontsize="%h70"  caption='In'/>
      <element name="Headline Audio Out"  type="BUTTON"   posx="of:right:last"  posy="of:bottom:Headline Audio"  width="%25"  height="of:height:Headline Audio"         picturenormal="background boxes" picturepressed="background boxes" fontsize="%h70"  caption='Out'/>
      <element name="Headline Video In"   type="BUTTON"   posx="of:right:last"  posy="of:bottom:Headline Video"  width="%25"  height="of:height:Headline Audio"         picturenormal="background boxes" picturepressed="background boxes" fontsize="%h70"  caption='In'/>
      <element name="Headline Video Out"  type="BUTTON"   posx="right"          posy="of:bottom:Headline Video"  width="%25"  height="of:height:Headline Audio"         picturenormal="background boxes" picturepressed="background boxes" fontsize="%h70"  caption='Out'/>

      <element name="AudioInfo Textvalue Input Selection"   type="TEXTFIELD" posx="of:left:Headline Audio In"   posy="of:bottom:Headline Audio In"              width="%25" height="of:height:Headline Audio"   caption="$var($dvar(definition_alias_mediaplayer_template)_audioinfo_audio_input_selection)"  fontsize='%h60'   htextalign='left' />
      <element name="AudioInfo Textvalue Input Codec"       type="TEXTFIELD" posx="of:left:Headline Audio In"   posy="of:bottom:last"                           width="%25" height="of:height:Headline Audio"   caption="$var($dvar(definition_alias_mediaplayer_template)_audioinfo_audio_input_codec)"      fontsize='%h60'   htextalign='left' />
      <element name="AudioInfo Textvalue Input Frequency"   type="TEXTFIELD" posx="of:left:Headline Audio In"   posy="of:bottom:last"                           width="%25" height="of:height:Headline Audio"   caption="$var($dvar(definition_alias_mediaplayer_template)_audioinfo_audio_input_frequency)"  fontsize='%h60'   htextalign='left' />
      <element name="AudioInfo Textvalue Input Channels"    type="TEXTFIELD" posx="of:left:Headline Audio In"   posy="of:bottom:last"                           width="%25" height="of:height:Headline Audio"   caption="$var($dvar(definition_alias_mediaplayer_template)_audioinfo_audio_input_channels)"   fontsize='%h60'   htextalign='left' />
      <element name="AudioInfo Textvalue Input Effect"      type="TEXTFIELD" posx="of:left:Headline Audio In"   posy="of:bottom:last"                           width="%50" height="of:height:Headline Audio"   caption=""                                                                                    fontsize='%h60'   htextalign='left' />

      <element name="AudioInfo Textvalue Output Effect"     type="TEXTFIELD" posx="of:left:Headline Audio Out"  posy="of:top:AudioInfo Textvalue Input Codec"   width="%25" height="of:height:Headline Audio"   caption="$var($dvar(definition_alias_mediaplayer_template)_audioinfo_audio_output_effect)"    fontsize='%h60'   htextalign='left' />
      <element name="AudioInfo Textvalue Output Channels"   type="TEXTFIELD" posx="of:left:Headline Audio Out"  posy="of:top:AudioInfo Textvalue Input Channels" width="%25" height="of:height:Headline Audio"  caption="$var($dvar(definition_alias_mediaplayer_template)_audioinfo_audio_output_channels)"  fontsize='%h60'   htextalign='left' />

      <element name="VideoInfo Textvalue Input Selection"   type="TEXTFIELD" posx="of:left:Headline Video In"   posy="of:bottom:Headline Video In"              width="%25" height="of:height:Headline Audio"   caption="$var($dvar(definition_alias_mediaplayer_template)_videoinfo_video_input_selection)"  fontsize='%h60'   htextalign='left' />
      <element name="VideoInfo Textvalue Input Resolution"  type="TEXTFIELD" posx="of:left:Headline Video In"   posy="of:bottom:last"                           width="%25" height="of:height:Headline Audio"   caption="$var($dvar(definition_alias_mediaplayer_template)_videoinfo_video_input_resolution)" fontsize='%h60'   htextalign='left' />
      <element name="VideoInfo Textvalue Input Color"       type="TEXTFIELD" posx="of:left:Headline Video In"   posy="of:bottom:last"                           width="%25" height="of:height:Headline Audio"   caption="$var($dvar(definition_alias_mediaplayer_template)_videoinfo_video_input_color)"      fontsize='%h60'   htextalign='left' />
      <element name="VideoInfo Textvalue Input Bits"        type="TEXTFIELD" posx="of:left:Headline Video In"   posy="of:bottom:last"                           width="%25" height="of:height:Headline Audio"   caption="$var($dvar(definition_alias_mediaplayer_template)_videoinfo_video_input_bits)"       fontsize='%h60'   htextalign='left' />
      <element name="VideoInfo Textvalue Output Selection"  type="TEXTFIELD" posx="right"                       posy="of:bottom:Headline Video Out"             width="%25" height="of:height:Headline Audio"   caption="$var($dvar(definition_alias_mediaplayer_template)_videoinfo_video_output_selection)" fontsize='%h60'   htextalign='left' />
      <element name="VideoInfo Textvalue Output Resolution" type="TEXTFIELD" posx="right"                       posy="of:bottom:last"                           width="%25" height="of:height:Headline Audio"   caption="$var($dvar(definition_alias_mediaplayer_template)_videoinfo_video_output_resolution)" fontsize='%h60'   htextalign='left' />
      <element name="VideoInfo Textvalue Output Color"      type="TEXTFIELD" posx="right"                       posy="of:bottom:last"                           width="%25" height="of:height:Headline Audio"   caption="$var($dvar(definition_alias_mediaplayer_template)_videoinfo_video_output_color)"     fontsize='%h60'   htextalign='left' />
      <element name="VideoInfo Textvalue Output Bits"       type="TEXTFIELD" posx="right"                       posy="of:bottom:last"                           width="%25" height="of:height:Headline Audio"   caption="$var($dvar(definition_alias_mediaplayer_template)_videoinfo_video_output_bits)"      fontsize='%h60'   htextalign='left' />
      <element name="VideoInfo Textvalue Output Effect"     type="TEXTFIELD" posx="right"                       posy="of:bottom:last"                           width="%25" height="of:height:Headline Audio"   caption="$var($dvar(definition_alias_mediaplayer_template)_videoinfo_video_output_effect)"    fontsize='%h60'   htextalign='left' />
      <element name="VideoInfo Textvalue"                   type="TEXTFIELD" posx="left"                        posy="of:top:last"                              width="%50" height="of:height:Headline Audio"   caption="$var($dvar(definition_alias_mediaplayer_template)_videoinfo)"                        fontsize='%h60'   htextalign='left' />

    </elements>
  </element>

</elements>

