<?xml version="1.0" encoding="UTF-8"?>
<elements>
  <element name="Frame" type="PICTURE" posx="left" posy="top"  picturenormal="background boxes" />
  <element name="Anchor Input Device Buttons" type="ANCHOR" posx="center" posy="middle" width="%92" height="%92">
    <elements>
      <element name="Button Favorites[0]"    type="BUTTON" posx="left"  posy="top" width="%50"    height="of:width:self:*0.27" picturenormal="button wide*" action="Send Favorite 0"              caption="$var($dvar(definition_alias_mediaplayer_template)_listtext[0])" />
      <element name="Button Favorites[1]"    type="BUTTON" posx="right" posy="top" width="%50"    height="of:width:self:*0.27" picturenormal="button wide*" action="Send Favorite 1"              caption="$var($dvar(definition_alias_mediaplayer_template)_listtext[1])" />
      <element name="Button Favorites[2]"    type="BUTTON" posx="left"  posy="of:bottom:last" width="%50"    height="of:width:self:*0.27" picturenormal="button wide*" action="Send Favorite 2"   caption="$var($dvar(definition_alias_mediaplayer_template)_listtext[2})" />
      <element name="Button Favorites[3]"    type="BUTTON" posx="right" posy="of:top:last" width="%50"    height="of:width:self:*0.27" picturenormal="button wide*" action="Send Favorite 3"      caption="$var($dvar(definition_alias_mediaplayer_template)_listtext[3])" />
      <element name="Button Favorites[4]"    type="BUTTON" posx="left"  posy="of:bottom:last" width="%50"    height="of:width:self:*0.27" picturenormal="button wide*" action="Send Favorite 4"   caption="$var($dvar(definition_alias_mediaplayer_template)_listtext[4])" />
      <element name="Button Favorites[5]"    type="BUTTON" posx="right" posy="of:top:last" width="%50"    height="of:width:self:*0.27" picturenormal="button wide*" action="Send Favorite 5"      caption="$var($dvar(definition_alias_mediaplayer_template)_listtext[5])" />
      <element name="Button Favorites[6]"    type="BUTTON" posx="left"  posy="of:bottom:last" width="%50"    height="of:width:self:*0.27" picturenormal="button wide*" action="Send Favorite 6"   caption="$var($dvar(definition_alias_mediaplayer_template)_listtext[6])" />
      <element name="Button Favorites[7]"    type="BUTTON" posx="right" posy="of:top:last" width="%50"    height="of:width:self:*0.27" picturenormal="button wide*" action="Send Favorite 7"      caption="$var($dvar(definition_alias_mediaplayer_template)_listtext[7])" />
      <element name="Button Favorites[8]"    type="BUTTON" posx="left"  posy="of:bottom:last" width="%50"    height="of:width:self:*0.27" picturenormal="button wide*" action="Send Favorite 8"   caption="$var($dvar(definition_alias_mediaplayer_template)_listtext[8])" />
      <element name="Button Favorites[9]"    type="BUTTON" posx="right" posy="of:top:last" width="%50"    height="of:width:self:*0.27" picturenormal="button wide*" action="Send Favorite 9"      caption="$var($dvar(definition_alias_mediaplayer_template)_listtext[9])" />
      <element name="Button Favorites PGUP"  type="BUTTON" posx="left"  posy="of:bottom:last" width="%50" height="of:width:self:*0.27" picturenormal="button wide*" action="Send Favorite PGUP"   caption="Up" />
      <element name="Button Favorites PGDN"  type="BUTTON" posx="right" posy="of:top:last" width="%50" height="of:width:self:*0.27" picturenormal="button wide*" action="Send Favorite PGDN"      caption="Down" />
    </elements>
  </element>
</elements>
