<?xml version="1.0" encoding="UTF-8"?>
<page name='Page_Devices_$dvar(definition_activity_template)'>
  <page_parameter>
    <!-- Interface and Config in this section are the default for all elements where these parameters have not been assigned to an ACTION -->
  </page_parameter>
  <elements xmlns:xi="http://www.w3.org/2001/XInclude">
    <element name='Background Main Screen' type='BACKGROUND' picturenormal='background' />
    <element name='Anchor Device Buttons' type='ANCHOR' posx='center' posy='%90' width='%80' height='%92'>
        <element  name='Picture Device[1]'   type='PICTURE' posx='left'  posy='top'    width='%27' height='of:width:self:*0.5' action='Show Page' actionpars='{"pagename":"$var($dvar(definition_activity_template)_ACTIVITYDEVICES_STARTPAGE[1])"}'   picturenormal='$var($dvar(definition_activity_template)_ACTIVITYDEVICES_PICTURE[1])' />
        <element  name='Picture Device[2]'   type='PICTURE' posx='left'  posy='%7.7'   width='%27' height='of:width:self:*0.5' action='Show Page' actionpars='{"pagename":"$var($dvar(definition_activity_template)_ACTIVITYDEVICES_STARTPAGE[2])"}'   picturenormal='$var($dvar(definition_activity_template)_ACTIVITYDEVICES_PICTURE[2])' />
        <element  name='Picture Device[3]'   type='PICTURE' posx='left'  posy='%15.4'  width='%27' height='of:width:self:*0.5' action='Show Page' actionpars='{"pagename":"$var($dvar(definition_activity_template)_ACTIVITYDEVICES_STARTPAGE[3])"}'   picturenormal='$var($dvar(definition_activity_template)_ACTIVITYDEVICES_PICTURE[3])' />
        <element  name='Picture Device[4]'   type='PICTURE' posx='left'  posy='%21.1'  width='%27' height='of:width:self:*0.5' action='Show Page' actionpars='{"pagename":"$var($dvar(definition_activity_template)_ACTIVITYDEVICES_STARTPAGE[4])"}'   picturenormal='$var($dvar(definition_activity_template)_ACTIVITYDEVICES_PICTURE[4])' />
        <element  name='Picture Device[5]'   type='PICTURE' posx='left'  posy='%30.8'  width='%27' height='of:width:self:*0.5' action='Show Page' actionpars='{"pagename":"$var($dvar(definition_activity_template)_ACTIVITYDEVICES_STARTPAGE[5])"}'   picturenormal='$var($dvar(definition_activity_template)_ACTIVITYDEVICES_PICTURE[5])' />
        <element  name='Picture Device[6]'   type='PICTURE' posx='left'  posy='%38.5'  width='%27' height='of:width:self:*0.5' action='Show Page' actionpars='{"pagename":"$var($dvar(definition_activity_template)_ACTIVITYDEVICES_STARTPAGE[6])"}'   picturenormal='$var($dvar(definition_activity_template)_ACTIVITYDEVICES_PICTURE[6])' />
        <element  name='Picture Device[7]'   type='PICTURE' posx='left'  posy='%46.2'  width='%27' height='of:width:self:*0.5' action='Show Page' actionpars='{"pagename":"$var($dvar(definition_activity_template)_ACTIVITYDEVICES_STARTPAGE[7])"}'   picturenormal='$var($dvar(definition_activity_template)_ACTIVITYDEVICES_PICTURE[7])' />
        <element  name='Picture Device[8]'   type='PICTURE' posx='left'  posy='%53.8'  width='%27' height='of:width:self:*0.5' action='Show Page' actionpars='{"pagename":"$var($dvar(definition_activity_template)_ACTIVITYDEVICES_STARTPAGE[8])"}'   picturenormal='$var($dvar(definition_activity_template)_ACTIVITYDEVICES_PICTURE[8])' />
        <element  name='Picture Device[9]'   type='PICTURE' posx='left'  posy='%61.5'  width='%27' height='of:width:self:*0.5' action='Show Page' actionpars='{"pagename":"$var($dvar(definition_activity_template)_ACTIVITYDEVICES_STARTPAGE[9])"}'   picturenormal='$var($dvar(definition_activity_template)_ACTIVITYDEVICES_PICTURE[9])' />
        <element  name='Picture Device[10]'  type='PICTURE' posx='left'  posy='%69.2'  width='%27' height='of:width:self:*0.5' action='Show Page' actionpars='{"pagename":"$var($dvar(definition_activity_template)_ACTIVITYDEVICES_STARTPAGE[10])"}'  picturenormal='$var($dvar(definition_activity_template)_ACTIVITYDEVICES_PICTURE[10])' />
        <element  name='Picture Device[11]'  type='PICTURE' posx='left'  posy='%76.9'  width='%27' height='of:width:self:*0.5' action='Show Page' actionpars='{"pagename":"$var($dvar(definition_activity_template)_ACTIVITYDEVICES_STARTPAGE[11])"}'  picturenormal='$var($dvar(definition_activity_template)_ACTIVITYDEVICES_PICTURE[11])' />
        <element  name='Picture Device[12]'  type='PICTURE' posx='left'  posy='%84.6'  width='%27' height='of:width:self:*0.5' action='Show Page' actionpars='{"pagename":"$var($dvar(definition_activity_template)_ACTIVITYDEVICES_STARTPAGE[12])"}'  picturenormal='$var($dvar(definition_activity_template)_ACTIVITYDEVICES_PICTURE[12])' />
        <element  name='Picture Device[13]'  type='PICTURE' posx='left'  posy='%92.3'  width='%27' height='of:width:self:*0.5' action='Show Page' actionpars='{"pagename":"$var($dvar(definition_activity_template)_ACTIVITYDEVICES_STARTPAGE[11])"}'  picturenormal='$var($dvar(definition_activity_template)_ACTIVITYDEVICES_PICTURE[11])' />
        <element  name='Picture Device[14]'  type='PICTURE' posx='left'  posy='bottom' width='%27' height='of:width:self:*0.5' action='Show Page' actionpars='{"pagename":"$var($dvar(definition_activity_template)_ACTIVITYDEVICES_STARTPAGE[12])"}'  picturenormal='$var($dvar(definition_activity_template)_ACTIVITYDEVICES_PICTURE[12])' />

        <element  name='Button Device[1]'    type='BUTTON'  posx='right' posy='top'    width='%55' height='of:height:Picture Device[1]'  picturenormal='button wide framed*' action='Show Page' actionpars='{"pagename":"$var($dvar(definition_activity_template)_ACTIVITYDEVICES_STARTPAGE[1])"}'  caption='$var($dvar(definition_activity_template)_ACTIVITYDEVICES_NAME[1])'  autohide="1"/>
        <element  name='Button Device[2]'    type='BUTTON'  posx='right' posy='%7.7'   width='%55' height='of:height:Picture Device[2]'  picturenormal='button wide framed*' action='Show Page' actionpars='{"pagename":"$var($dvar(definition_activity_template)_ACTIVITYDEVICES_STARTPAGE[2])"}'  caption='$var($dvar(definition_activity_template)_ACTIVITYDEVICES_NAME[2])'  autohide="1"/>
        <element  name='Button Device[3]'    type='BUTTON'  posx='right' posy='%15.4'  width='%55' height='of:height:Picture Device[3]'  picturenormal='button wide framed*' action='Show Page' actionpars='{"pagename":"$var($dvar(definition_activity_template)_ACTIVITYDEVICES_STARTPAGE[3])"}'  caption='$var($dvar(definition_activity_template)_ACTIVITYDEVICES_NAME[3])'  autohide="1"/>
        <element  name='Button Device[4]'    type='BUTTON'  posx='right' posy='%21.1'  width='%55' height='of:height:Picture Device[4]'  picturenormal='button wide framed*' action='Show Page' actionpars='{"pagename":"$var($dvar(definition_activity_template)_ACTIVITYDEVICES_STARTPAGE[4])"}'  caption='$var($dvar(definition_activity_template)_ACTIVITYDEVICES_NAME[4])'  autohide="1"/>
        <element  name='Button Device[5]'    type='BUTTON'  posx='right' posy='%30.8'  width='%55' height='of:height:Picture Device[5]'  picturenormal='button wide framed*' action='Show Page' actionpars='{"pagename":"$var($dvar(definition_activity_template)_ACTIVITYDEVICES_STARTPAGE[5])"}'  caption='$var($dvar(definition_activity_template)_ACTIVITYDEVICES_NAME[5])'  autohide="1"/>
        <element  name='Button Device[6]'    type='BUTTON'  posx='right' posy='%38.5'  width='%55' height='of:height:Picture Device[6]'  picturenormal='button wide framed*' action='Show Page' actionpars='{"pagename":"$var($dvar(definition_activity_template)_ACTIVITYDEVICES_STARTPAGE[6])"}'  caption='$var($dvar(definition_activity_template)_ACTIVITYDEVICES_NAME[6])'  autohide="1"/>
        <element  name='Button Device[7]'    type='BUTTON'  posx='right' posy='%46.2'  width='%55' height='of:height:Picture Device[7]'  picturenormal='button wide framed*' action='Show Page' actionpars='{"pagename":"$var($dvar(definition_activity_template)_ACTIVITYDEVICES_STARTPAGE[7])"}'  caption='$var($dvar(definition_activity_template)_ACTIVITYDEVICES_NAME[7])'  autohide="1"/>
        <element  name='Button Device[8]'    type='BUTTON'  posx='right' posy='%53.8'  width='%55' height='of:height:Picture Device[8]'  picturenormal='button wide framed*' action='Show Page' actionpars='{"pagename":"$var($dvar(definition_activity_template)_ACTIVITYDEVICES_STARTPAGE[8])"}'  caption='$var($dvar(definition_activity_template)_ACTIVITYDEVICES_NAME[8])'  autohide="1"/>
        <element  name='Button Device[9]'    type='BUTTON'  posx='right' posy='%61.5'  width='%55' height='of:height:Picture Device[9]'  picturenormal='button wide framed*' action='Show Page' actionpars='{"pagename":"$var($dvar(definition_activity_template)_ACTIVITYDEVICES_STARTPAGE[9])"}'  caption='$var($dvar(definition_activity_template)_ACTIVITYDEVICES_NAME[9])'  autohide="1"/>
        <element  name='Button Device[10]'   type='BUTTON'  posx='right' posy='%69.2'  width='%55' height='of:height:Picture Device[10]' picturenormal='button wide framed*' action='Show Page' actionpars='{"pagename":"$var($dvar(definition_activity_template)_ACTIVITYDEVICES_STARTPAGE[10])"}' caption='$var($dvar(definition_activity_template)_ACTIVITYDEVICES_NAME[10])' autohide="1"/>
        <element  name='Button Device[11]'   type='BUTTON'  posx='right' posy='%76.9'  width='%55' height='of:height:Picture Device[11]' picturenormal='button wide framed*' action='Show Page' actionpars='{"pagename":"$var($dvar(definition_activity_template)_ACTIVITYDEVICES_STARTPAGE[11])"}' caption='$var($dvar(definition_activity_template)_ACTIVITYDEVICES_NAME[11])' autohide="1"/>
        <element  name='Button Device[12]'   type='BUTTON'  posx='right' posy='%84.6'  width='%55' height='of:height:Picture Device[12]' picturenormal='button wide framed*' action='Show Page' actionpars='{"pagename":"$var($dvar(definition_activity_template)_ACTIVITYDEVICES_STARTPAGE[12])"}' caption='$var($dvar(definition_activity_template)_ACTIVITYDEVICES_NAME[12])' autohide="1"/>
        <element  name='Button Device[13]'   type='BUTTON'  posx='right' posy='%92.3'  width='%55' height='of:height:Picture Device[13]' picturenormal='button wide framed*' action='Show Page' actionpars='{"pagename":"$var($dvar(definition_activity_template)_ACTIVITYDEVICES_STARTPAGE[13])"}' caption='$var($dvar(definition_activity_template)_ACTIVITYDEVICES_NAME[13])' autohide="1"/>
        <element  name='Button Device[14]'   type='BUTTON'  posx='right' posy='bottom' width='%55' height='of:height:Picture Device[14]' picturenormal='button wide framed*' action='Show Page' actionpars='{"pagename":"$var($dvar(definition_activity_template)_ACTIVITYDEVICES_STARTPAGE[14])"}' caption='$var($dvar(definition_activity_template)_ACTIVITYDEVICES_NAME[14])' autohide="1"/>

    </element>
  </elements>
</page>
