<?xml version="1.0" encoding="utf-8" standalone="yes"?>
<!--$Revision$ -->
<strings>

  <repositorymanager>
    <entry>
      <name>English</name>
      <description language='English'>English language strings</description>
      <description language='German'>Englische Zeichenketten</description>
      <author>Carsten Thielepape</author>
      <version>5.0.2</version>
      <minorcaversion>5.0.2</minorcaversion>
      <sources>
        <source>
          <local>$var(APPLICATIONPATH)/languages/English</local>
          <sourcefile>$var(REPOSITORYWWWPATH)/languages/English.zip</sourcefile>
          <targetpath>languages</targetpath>
        </source>
      </sources>
    </entry>
  </repositorymanager>

  <string id="0">Reserved</string>
  <string id="1">Reserved</string>
  <string id="2">Reserved</string>
  <string id="3">Reserved</string>
  <string id="4">Reserved</string>
  <string id="5">Reserved</string>
  <string id="6">Reserved</string>
  <string id="7">Reserved</string>
  <string id="8">Reserved</string>
  <string id="9">Reserved</string>
  <!--Standard Strings from KODI -->
  <string id="11">Monday</string>
  <string id="12">Tuesday</string>
  <string id="13">Wednesday</string>
  <string id="14">Thursday</string>
  <string id="15">Friday</string>
  <string id="16">Saturday</string>
  <string id="17">Sunday</string>
  <string id="21">January</string>
  <string id="22">February</string>
  <string id="23">March</string>
  <string id="24">April</string>
  <string id="25">May</string>
  <string id="26">June</string>
  <string id="27">July</string>
  <string id="28">August</string>
  <string id="29">September</string>
  <string id="30">October</string>
  <string id="31">November</string>
  <string id="32">December</string>
  <string id="41">Mon</string>
  <string id="42">Tue</string>
  <string id="43">Wed</string>
  <string id="44">Thu</string>
  <string id="45">Fri</string>
  <string id="46">Sat</string>
  <string id="47">Sun</string>
  <string id="51">Jan</string>
  <string id="52">Feb</string>
  <string id="53">Mar</string>
  <string id="54">Apr</string>
  <string id="55">May</string>
  <string id="56">Jun</string>
  <string id="57">Jul</string>
  <string id="58">Aug</string>
  <string id="59">Sep</string>
  <string id="60">Oct</string>
  <string id="61">Nov</string>
  <string id="62">Dec</string>
  <string id="71">N</string>
  <string id="72">NNE</string>
  <string id="73">NE</string>
  <string id="74">ENE</string>
  <string id="75">E</string>
  <string id="76">ESE</string>
  <string id="77">SE</string>
  <string id="78">SSE</string>
  <string id="79">S</string>
  <string id="80">SSW</string>
  <string id="81">SW</string>
  <string id="82">WSW</string>
  <string id="83">W</string>
  <string id="84">WNW</string>
  <string id="85">NW</string>
  <string id="86">NNW</string>
  <string id="87">VAR</string>

  <string id="400">Loading Definition</string>
  <string id="401">Loading Pages</string>
  <string id="403">Loading Actions</string>
  <string id="404">Loading Gestures</string>
  <string id="405">Execute Application Start Actions</string>
  <string id="406">Execute Definition Start Actions</string>
  <string id="409">Register Interfaces</string>
  <string id="410">Creating Pages</string>
  <string id="411">Waiting for finishing rotation</string>
  <string id="412">Parsing Definition Files</string>
  <string id="413">Loading Definition Languages</string>
  <string id="414">Loading Definition Settings</string>
  <string id="415">Can\'t find ORCA files at: %s and can\'t load initial setup definition \nPlease select location and restart ORCA (or get online)</string>
  <string id="416">Loading central repository...</string>
  <string id="417">Register Fonts</string>
  <string id="418">Initialize interface settings</string>
  <string id="419">No ORCA files found</string>
  <string id="420">Found new ORCA installation</string>
  <string id="421">ORCA needs do download central components (skins,fonts,languages, etc). This can take up to 20 MB of files. Would you like to to continue?</string>
  <string id="422">New ORCA version found</string>
  <string id="423">Register keyhandler scripts</string>
  <string id="424">Register systems scripts</string>
  <string id="425">Register tools scripts</string>

  <string id="450">Try to discover device</string>
  <string id="451">Unable to discover device</string>
  <string id="452">Details</string>
  <string id="453">Initialize Definition Parameter</string>
  <string id="454">Adjusting Definition</string>
  <string id="455">Configure Activities</string>
  <string id="456">Saving settings</string>

    <!--String for Settings Dialog -->
  <string id="501">Initialisation</string>
  <string id="502">Language</string>
  <string id="503">Choose Language</string>
  <string id="504">Regional Settings</string>
  <string id="505">Choose date/time format</string>
  <string id="506">Select Definition</string>
  <string id="507">Select the Definition (Layout) to use</string>
  <string id="508">Skin</string>
  <string id="509">Choose Skin</string>
  <string id="510">Early page load</string>
  <string id="511">Init all pages at startup (slower start, faster app)</string>
  <string id="512">Page load delay</string>
  <string id="513">Delay in secs for loading pages if not done at startup</string>
  <string id="514">Ignore Atlas</string>
  <string id="515">Do not use or create ATLAS files</string>
  <string id="516">Configure</string>
  <string id="517">Run</string>
  <string id="518">Adjust screen ratio</string>
  <string id="519">How to adjust the presentation, if the definition ratio does not match screen ratio</string>
  <string id="520">Behavior</string>
  <string id="521">Touch</string>
  <string id="522">Perform Action on touch down or touch up</string>
  <string id="523">Manage Definition</string>
  <string id="524">Load online Definitions, copy, rename, or delete Definitions</string>
  <string id="525">Repeat Touch Init Delay</string>
  <string id="526">Delay in secs for taking a long touch as a repeating touch</string>
  <string id="527">Repeat Touch Continous Delay</string>
  <string id="528">Delay in secs between sending the next command on a long touch</string>
  <string id="529">Disable interface on error</string>
  <string id="530">Disables an interface, if an error occurs</string>
  <string id="531">Path to Orca Files</string>
  <string id="532">Sets the file root path for Orca files (Definitions, etc)</string>
  <string id="533">Disconnect interface on sleep</string>
  <string id="534">Disconnects all interfaces/scripts, when device goes to sleep</string>
  <string id="535">Screen Size</string>
  <string id="536">Override detected screensize (0=autodetect)</string>
  <string id="537">Long Touch time</string>
  <string id="538">Time in secs, to recognice a long touch</string>
  <string id="539">Generic</string>
  <string id="540">Resume</string>
  <string id="541">Check for network connectivity</string>
  <string id="542">Wait until a connection to the network exists</string>
  <string id="543">IP address to check</string>
  <string id="544">This is the IP address to verify for internet connection</string>
  <string id="545">Network status detection type</string>
  <string id="546">How detect if the device has a network connection</string>
  <string id="547">Powerstati</string>
  <string id="548">Show the status flags of devices and activities</string>
  <string id="549">Show Powerstati</string>
  <string id="550">Presentation</string>
  <string id="551">Clock with seconds</string>
  <string id="552">Format the time with or without seconds</string>
  <string id="553">Long date format</string>
  <string id="554">Use a short date format or a long date format</string>
  <string id="555">Long day format</string>
  <string id="556">Use a short day format or a long day format</string>
  <string id="557">Long month format</string>
  <string id="558">Use a short month format or a long month format</string>

  <string id="560">Settings</string>
  <string id="561">Interfaces</string>
  <string id="562">Configure interface settings</string>
  <string id="563">Select</string>
  <string id="565">Change config</string>
  <string id="566">Add a new config, delete a config or rename a config</string>
  <string id="567">Vibrate</string>
  <string id="568">Vibrate on touches</string>
  <string id="569">Add</string>
  <string id="570">Del</string>
  <string id="571">Rename</string>
  <string id="572">Tools</string>
  <string id="573">Cache Tools</string>
  <string id="574">Clear ATLAS</string>
  <string id="575">Delete atlas (Grafic) files</string>
  <string id="576">Clear ATLAS</string>
  <string id="577">Scripts</string>
  <string id="578">Configure script settings / Start scripts</string>
  <string id="579">System</string>
  <string id="580">Definition</string>
  <string id="585">Info</string>
  <string id="586">Orca Application Information</string>
  <string id="587">Version</string>
  <string id="588">Author</string>
  <string id="589">Support</string>

  <string id="590">Sound Volumes (0-100) (0=disable)</string>
  <string id="591">Startup</string>
  <string id="592">Startup Sound Volume</string>
  <string id="593">Shutdown</string>
  <string id="594">Shutdown Sound Volume</string>
  <string id="595">Error</string>
  <string id="596">Error Sound Volume</string>
  <string id="597">Message</string>
  <string id="598">Message Sound Volume</string>
  <string id="599">Question</string>
  <string id="600">Question Sound Volume</string>
  <string id="601">Notification</string>
  <string id="602">Notification Sound Volume</string>
  <string id="603">Ring</string>
  <string id="604">Ring Sound Volume</string>
  <string id="605">Success</string>
  <string id="606">Success Sound Volume</string>
  <string id="607">Click</string>
  <string id="608">Click Sound Volume</string>
  <string id="609">Credits</string>
  <string id="610">Credits to contributors</string>
  <string id="611">Show credits</string>
  <string id="612">Borders</string>
  <string id="613">Show screen widget borders (for debugging)</string>
  <string id="614">Technical</string>
  <string id="615">IP Address V4</string>
  <string id="616">Gateway V4</string>
  <string id="617">Subnet V4</string>
  <string id="618">IP Address V6</string>
  <string id="619">MAC Address</string>
  <string id="624">Page effect type</string>
  <string id="625">Default page effect type</string>
  <string id="626">Page effect direction</string>
  <string id="627">Default page effect direction</string>
  <string id="633">Others</string>
  <string id="634">Sounds</string>
  <string id="635">Choose Sounds</string>
  <string id="636">About</string>
  <string id="637">Infos about ORCA</string>
  <string id="652">Definition Information</string>
  <string id="653">Log</string>
  <string id="654">Show ORCA Logfile</string>
  <string id="655">Show Logfile</string>
  <string id="656">Close</string>
  <string id="657">Installation Hints</string>
  <string id="658">Show installations hints for this definition</string>
  <string id="659">Show Hints</string>
  <string id="660">License</string>
  <string id="661">Show ORCA license</string>
  <string id="662">Show License</string>
  <string id="666">Your Codeset</string>
  <string id="670">Repositories</string>
  <string id="671">Online Source</string>
  <string id="672">Network Address for online resources</string>
  <string id="673">Version</string>
  <string id="674">Finished loading repository entries</string>
  <string id="675">Rename</string>
  <string id="676">Copy</string>
  <string id="677">Delete</string>
  <string id="678">Get Online</string>
  <string id="679">Installed Repositories</string>
  <string id="680">Online resources</string>
  <string id="681">Load Online resources</string>
  <string id="682">Load definitions, interfaces, codesets,.. from online repositories</string>
  <string id="683">Definitions</string>
  <string id="684">Codesets</string>
  <string id="685">Skins</string>
  <string id="686">Interfaces</string>
  <string id="687">Languages</string>
  <string id="688">Other</string>
  <string id="689">Sounds</string>
  <string id="690">Wizard Templates</string>
  <string id="691">Fonts</string>
  <string id="694">Online resources to use</string>
  <string id="695">Online Resource</string>
  <string id="696">Load descriptions</string>
  <string id="697">Load all available resource descriptions from marked resources</string>
  <string id="698">Unable to load any repository descriptions</string>
  <string id="699">Resources</string>
  <string id="700">Main Interface</string>
  <string id="701">Main Interface to use</string>
  <string id="702">Main Config</string>
  <string id="703">Main Config to use</string>
  <string id="704">Power On Interface</string>
  <string id="705">Power On Interface to use</string>
  <string id="706">Power On Config</string>
  <string id="707">Power On Config to use</string>
  <string id="708">Wait for device powered on</string>
  <string id="709">Wait until the device is powered</string>
  <string id="710">Get current volume at start</string>
  <string id="711">Requests the current main volume when the device page is shown</string>
  <string id="716">Change Settings</string>
  <string id="717">Main definition settings</string>
  <string id="718">Imported definition settings</string>
  <string id="720">Show Discover results</string>
  <string id="721">Show the results from device discovery functions</string>
  <string id="722">Discover</string>
  <string id="723">Volume Control Interface</string>
  <string id="724">Interface to use for volume control</string>
  <string id="725">Volume Control Config</string>
  <string id="726">Config to use for volume control</string>
  <string id="727">Discover Command</string>
  <string id="728">Command to send to trigger autodiscover</string>
  <string id="729">Discover forced</string>
  <string id="730">Scripts</string>
  <string id="731">Gestures</string>
  <string id="732">Use Gestures</string>
  <string id="733">Invert Gestures</string>
  <string id="734">Invert the Top/Down/Left/Right Gestures (must be on position 1-4)</string>
  <string id="735">Gesture Name</string>
  <string id="736">Name of Gesture</string>
  <string id="737">Gesture Action</string>
  <string id="738">Action to Gesture</string>
  <string id="739">Activate gestures for this definition</string>
  <string id="742">Select from sendcommand actionlist</string>
  <string id="743">Select from full actionlist</string>
  <string id="744">select from codeset</string>
  <string id="750">Type</string>
  <string id="751">Version</string>
  <string id="752">Update</string>
  <string id="753">Update All</string>
  <string id="754">Discover Script</string>
  <string id="755">Discover Script to use for discover</string>
  <string id="760">Re-discover devices</string>
  <string id="761">Re-discover devives used in this definition</string>
  <string id="800">sec</string>
  <string id="801">min</string>
  <string id="802">hour</string>

    <!--Button Strings -->
  <string id="1000">Power</string>
  <string id="1001">Power On</string>
  <string id="1002">Power Off</string>
  <string id="1003">Power Toggle</string>
  <string id="1004">Play</string>
  <string id="1005">Play/Pause</string>
  <string id="1006">Pause</string>
  <string id="1007">Stop</string>
  <string id="1008">Next</string>
  <string id="1009">Prev</string>
  <string id="1010">F.Fwd</string>
  <string id="1011">F.Rev</string>
  <string id="1012">Record</string>
  <string id="1013">Eject</string>
  <string id="1014">Mute</string>
  <string id="1015">Mute On</string>
  <string id="1016">Mute Off</string>
  <string id="1017">OK</string>
  <string id="1018">Left</string>
  <string id="1019">Right</string>
  <string id="1020">Up</string>
  <string id="1021">Down</string>
  <string id="1022">Info</string>
  <string id="1023">Info 2</string>
  <string id="1024">Menu</string>
  <string id="1025">Menu 2</string>
  <string id="1026">Back</string>
  <string id="1027">Esc</string>
  <string id="1028">Shuffle</string>
  <string id="1029">Shuffle On</string>
  <string id="1030">Shuffle Off</string>
  <string id="1031">Repeat</string>
  <string id="1032">Repeat On</string>
  <string id="1033">Repeat Off</string>
  <string id="1034">Volume Up</string>
  <string id="1035">Volume Down</string>
  <string id="1036">Channel Up</string>
  <string id="1037">Channel Down</string>
  <string id="1038">Prev Channel</string>
  <string id="1039">Channel Swap</string>
  <string id="1040">PIP</string>
  <string id="1041">PIP On</string>
  <string id="1042">PIP Off</string>
  <string id="1043">PIP Swap</string>
  <string id="1044">PIP Select</string>
  <string id="1050">Subtitles On/Off</string>
  <string id="1051">Subtitles On</string>
  <string id="1052">Subtitles Off</string>
  <string id="1053">Subtitles select</string>
  <string id="1054">Exit</string>
  <string id="1055">Guide</string>
  <string id="1056">EPG</string>
  <string id="1057">Teletext</string>
  <string id="1058">Volume</string>
  <string id="1059">Channel</string>
  <string id="1060">Recordings</string>
  <string id="1061">TV Recs.</string>
  <string id="1062">Escape</string>
  <string id="1063">Name</string>
  <string id="1064">Previous Chapter</string>
  <string id="1065">Next Chapter</string>
  <string id="1066">Left Mouse Click</string>
  <string id="1067">Right Mouse Click</string>
  <string id="1070">Close Application</string>
  <string id="1071">Audio Channel</string>
  <string id="1072">Input Text</string>
  <string id="1073">Favs</string>
  <string id="1074">Index</string>
  <string id="1075">Hold</string>
  <string id="1076">Freeze</string>
  <string id="1077">Sub titles</string>
  <string id="1078">Aspect</string>
  <string id="1079">Return</string>
  <string id="1080">Option</string>
  <string id="1081">SD Card</string>
  <string id="1082">Source</string>
  <string id="1083">Sleep</string>
  <string id="1084">Reso lution</string>
  <string id="1085">TV Radio</string>
  <string id="1086">Page</string>
  <string id="1087">OSD</string>
  <string id="1088">Search</string>
  <string id="1089">Favorite</string>
  <string id="1090">Zoom</string>
  <string id="1091">Portal</string>
  <string id="1092">More...</string>
  <string id="1093">Back</string>
  <string id="1094">3D</string>
  <string id="1095">Clock</string>
  <string id="1096">AV Mode</string>
  <string id="1097">3D Select</string>
  <string id="1098">3D On</string>
  <string id="1099">3D Off</string>
  <string id="1100">3D Auto</string>
  <string id="1101">3D SBS</string>
  <string id="1102">3D OU</string>
  <string id="1110">Home</string>
  <string id="1111">User</string>
  <string id="1112">Context</string>
  <string id="1113">Angle</string>
  <string id="1115">Timer</string>
  <string id="1116">Help</string>
  <string id="1117">Brighness</string>
  <string id="1118">Audio Effect</string>
  <string id="1119">Functions</string>

  <string id="1200">Downloads</string>
  <string id="1201">Desktop</string>
  <string id="1202">Documents</string>
  <string id="1203">Pictures</string>
  <string id="1204">Videos</string>
  <string id="1205">Music</string>

  <string id="2000">Activities</string>
  <string id="2001">Devices</string>
  <string id="2002">Settings</string>
  <string id="2003">Quit</string>
  <string id="3001">TV</string>
  <string id="3002">Sat Receiver</string>
  <string id="3003">Cable Receiver</string>
  <string id="3004">TV Receiver</string>
  <string id="3005">Tuner</string>
  <string id="3006">Amplifier</string>
  <string id="3007">Game Console</string>
  <string id="3008">NAS</string>
  <string id="3009">Power Strip</string>
  <string id="3010">CD Player</string>
  <string id="3011">DVD Player</string>
  <string id="3012">BD Player</string>
  <string id="3013">Radio</string>
  <string id="3014">Hifi center</string>
  <string id="3015">HTPC</string>
  <string id="3016">KODI</string>
  <string id="3017">DVB Viewer</string>
  <string id="3018">Lights</string>
  <string id="3019">PC</string>
  <string id="3020">Camcorder</string>
  <string id="3021">Internet Radio</string>

  <!--Input Strings -->
  <string id="3100">iPod</string>
  <string id="3101">Tuner</string>
  <string id="3102">SAT TU</string>
  <string id="3103">DVD</string>
  <string id="3104">TV/CBL</string>
  <string id="3105">VCR</string>
  <string id="3106">TV</string>
  <string id="3107">Radio</string>
  <string id="3108">BlueRay</string>
  <string id="3109">Console</string>
  <string id="3110">HDMI 1</string>
  <string id="3111">HDMI 2</string>
  <string id="3112">HDMI 3</string>
  <string id="3113">HDMI 4</string>
  <string id="3114">AUX 1</string>
  <string id="3115">AUX 2</string>
  <string id="3116">AUX 3</string>
  <string id="3117">AUX 4</string>
  <string id="3118">CD</string>
  <string id="3119">Tape</string>
  <string id="3120">PC</string>
  <string id="3121">Camcorder</string>
  <string id="3122">USB</string>
  <string id="3123">Network</string>
  <string id="3124">Radio FM</string>
  <string id="3125">Radio AM</string>
  <string id="3126">Video</string>
  <string id="3127">Scart</string>
  <string id="3128">PVR</string>
  <string id="3129">Music</string>
  <string id="3130">S-Video</string>
  <string id="3131">Component</string>
  <string id="3132">Bluetooth</string>
  <string id="3133">Cloud</string>

    <!--Effect Strings -->
  <string id="3200">Cinema</string>
  <string id="3201">Music</string>
  <string id="3202">Standard</string>
  <string id="3203">Direct</string>
  <string id="3204">Pure</string>
  <string id="3205">Simulation</string>

  <!-- Activity Strings -->
  <string id="4000">Watch TV</string>
  <string id="4001">Watch Movies</string>
  <string id="4002">Listen Music</string>
  <string id="4003">Play Games</string>
  <string id="4005">Start Internet Radio</string>

  <string id="4100">Yellow</string>
  <string id="4101">Blue</string>
  <string id="4102">Red</string>
  <string id="4103">Green</string>

  <string id="5000">Continue</string>
  <string id="5001">Yes</string>
  <string id="5002">No</string>
  <string id="5003">Question</string>
  <string id="5004">Quit ORCA?</string>
  <string id="5005">Quit ORCA!</string>
  <string id="5006">Info</string>
  <string id="5007">Orca Remote Control Application Version: $var(VERSION)</string>
  <string id="5008">OK</string>
  <string id="5009">Cancel</string>
  <string id="5010">Message</string>
  <string id="5011">You need to restart ORCA to apply this change!</string>
  <string id="5012">Waiting for network connectivity</string>
  <string id="5013">Do you really want to delete this definition? This can't not be undone!</string>
  <string id="5014">Please wait!</string>
  <string id="5015">Loading File</string>
  <string id="5016">Load</string>
  <string id="5017">Error</string>
  <string id="5018">Libraries</string>
  <string id="5019">Favorites</string>
  <string id="5020">Computer</string>
  <string id="5021">Locations</string>
  <string id="5022">List View</string>
  <string id="5023">Icon View</string>
  <string id="5024">Waiting for</string>
  <string id="5025">Save</string>
  <string id="5026">Do you want to activate this definition?</string>
  <string id="5027">Select File</string>
  <string id="5028">Discovered Devices</string>
  <string id="5029">IP</string>
  <string id="5030">Manufacturer</string>
  <string id="5031">Model</string>
  <string id="5032">Pretty Name</string>
  <string id="5034">MAC</string>
  <string id="5035">Hostname</string>
  <string id="5040">Warning</string>
  <string id="5041">Zipping File</string>
  <string id="5042">ORCA requires write access, please grant</string>
  <string id="5043">Grant Access</string>
  <string id="5044">Do you really want to delete this setting?</string>


  <!--Generic Interfaces Config Strings for multi interface use-->
  <string id="6000">Codeset</string>
  <string id="6001">Codeset to use</string>
  <string id="6002">Port Number</string>
  <string id="6003">The TCP/IP port</string>
  <string id="6004">Host</string>
  <string id="6005">Host Name or IP Address</string>
  <string id="6006">User</string>
  <string id="6007">User name for logon</string>
  <string id="6008">Password</string>
  <string id="6009">Required password</string>
  <string id="6010">Time to close connection</string>
  <string id="6011">Delay in secs, after the connection will be closed (0=immediate,-1=never)</string>
  <string id="6012">Host Name or IP Address (discover for autodetect)</string>
  <string id="6013">Discover Manufacturer</string>
  <string id="6014">For Autodiscover: Manufacturer Name to look for (or leave blank)</string>
  <string id="6015">Discover Models</string>
  <string id="6016">For Autodiscover: Models Name to look for, seperated by , (or leave blank)</string>
  <string id="6017">Discover Pretty Name</string>
  <string id="6018">For Autodiscover: Pretty device name to look for (or leave blank)</string>
  <string id="6019">Timeout</string>
  <string id="6020">Timeout for network commands</string>
  <string id="6021">Discovered IP</string>
  <string id="6022">For Autodiscover: The last discovered IP</string>
  <string id="6023">Discover Service Types IP</string>
  <string id="6024">Service types to discover (Comma seperated)</string>
  <string id="6025">Discover Timeout</string>
  <string id="6026">Timeout for autodiscover in seconds</string>
  <string id="6027">Parse Result</string>
  <string id="6028">How should the result of a command be parsed</string>
  <string id="6029">Tokenize String</string>
  <string id="6030">If the result should be tokenized, this is string to use</string>
  <string id="6031">Save discovered IP Address</string>
  <string id="6032">Save and reuse the discovered device IP</string>
  <string id="6033">Configure discover settings</string>
  <string id="6034">Configure the setting for discover scripts</string>
  <string id="6035">Discover Script Name</string>
  <string id="6036">Name of the discover script to use</string>


</strings>
