<?xml version="1.0" encoding="UTF-8"?>
<includes  xmlns:xi="http://www.w3.org/2001/XInclude">

  <action name="Add NavigationBar $dvar(definition_alias_mediaplayer_template)" replaceoption="replaceexisting">
    <action name="Add Topline Net"   string="loadelement" filename="$var($dvar(definition_alias_mediaplayer_template)_NAVIGATIONBAR)" pagename="Page_Device_$dvar(definition_alias_mediaplayer_template)_Net"   condition="$var($dvar(definition_alias_mediaplayer_template)_NAVIGATIONBAR)!="/>
    <action name="Add Topline Radio" string="loadelement" filename="$var($dvar(definition_alias_mediaplayer_template)_NAVIGATIONBAR)" pagename="Page_Device_$dvar(definition_alias_mediaplayer_template)_Radio" condition="$var($dvar(definition_alias_mediaplayer_template)_NAVIGATIONBAR)!="/>
    <action name="Add Topline Core"  string="loadelement" filename="$var($dvar(definition_alias_mediaplayer_template)_NAVIGATIONBAR)" pagename="Page_Device_$dvar(definition_alias_mediaplayer_template)"       condition="$var($dvar(definition_alias_mediaplayer_template)_NAVIGATIONBAR)!="/>
  </action>

  <action name="FKT GetVolume_$dvar(definition_alias_mediaplayer_template)">
    <action name="if we want to to get the volume" string="if $var($dvar(definition_alias_mediaplayer_template)_GETCURRENTVOL)==1"/>
       <action name="Send Get Main Volume"    string="Send Get Volume"        retvar="$dvar(definition_alias_mediaplayer_template)_mainvolume"      interface="$var($dvar(definition_alias_mediaplayer_template)_INTERFACE_MAIN)" configname="$var($dvar(definition_alias_mediaplayer_template)_CONFIGNAME_MAIN)"  condition="$var($dvar(definition_alias_mediaplayer_template)_GETCURRENTVOL)==1"/>
       <action name="Send Get Volume Sub"     string="Send Get Volume Sub"    retvar="$dvar(definition_alias_mediaplayer_template)_subwoofervolume" interface="$var($dvar(definition_alias_mediaplayer_template)_INTERFACE_MAIN)" configname="$var($dvar(definition_alias_mediaplayer_template)_CONFIGNAME_MAIN)"  condition="$var($dvar(definition_alias_mediaplayer_template)_GETCURRENTVOL)==1"/>
       <action name="Send Get Volume Center"  string="Send Get Volume Center" retvar="$dvar(definition_alias_mediaplayer_template)_centervolume"    interface="$var($dvar(definition_alias_mediaplayer_template)_INTERFACE_MAIN)" configname="$var($dvar(definition_alias_mediaplayer_template)_CONFIGNAME_MAIN)"  condition="$var($dvar(definition_alias_mediaplayer_template)_GETCURRENTVOL)==1"/>
    <action name="endif" string="endif" />
  </action>

  <action name="Change Service $dvar(definition_alias_mediaplayer_template)">
    <action name="Init Var" string="setvar tmp_serviceindex=" />
    <action name="Get Button Text" string="setvar TMP_SERVICENAME=$par(DROPDOWNVALUE)" />
    <action name="Loop through servicelist" string="forin" varname="$dvar(definition_alias_mediaplayer_template)_DEVICESETTINGS_NetService_name[]"  level="1" actionname="FKT Find Service Index $dvar(definition_alias_mediaplayer_template)" />
    <action name="If we found something" string="if" condition="tmp_serviceindex!=" />
      <action name="Compile Var Name" string="setvar tmpvarname=$dvar(definition_alias_mediaplayer_template)_DEVICESETTINGS_NetService_id[$var(tmp_serviceindex)]" />
      <action name="Get the ID of the Service" string="modifyvar" operator="fromvar" varname="tmpvarname" />
      <action name="Show Player Page"  string="showpage Page_Device_$dvar(definition_alias_mediaplayer_template)_Net" effect="slide" direction="left" />
      <action name="Show PlayerPage NET"  string="showpage Page_Device_$dvar(definition_alias_mediaplayer_template)_Net" effect="slide" direction="left"/>
      <action name="Select Input Net" string="sendcommand main.input-selector" commandparameter='{"value":"2b"}' interface="$var($dvar(definition_alias_mediaplayer_template)_INTERFACE_MAIN)" configname="$var($dvar(definition_alias_mediaplayer_template)_CONFIGNAME_MAIN)"/>
      <action name="And Call it" string="sendcommand main.net-service" commandparameter='{"value":"$var(tmpvarname)"}' interface="$var($dvar(definition_alias_mediaplayer_template)_INTERFACE_MAIN)" configname="$var($dvar(definition_alias_mediaplayer_template)_CONFIGNAME_MAIN)"/>
      <action name="Confirm with OK" string='Send OK' interface="$var($dvar(definition_alias_mediaplayer_template)_INTERFACE_MAIN)" configname="$var($dvar(definition_alias_mediaplayer_template)_CONFIGNAME_MAIN)"/>
      <action name="Update Receiver Info" string="call $dvar(definition_alias_mediaplayer_template) Update All Triggers" />
      <action1 name="Confirm with OK" string='Send OK' interface="$var($dvar(definition_alias_mediaplayer_template)_INTERFACE_MAIN)" configname="$var($dvar(definition_alias_mediaplayer_template)_CONFIGNAME_MAIN)"/>
    <action name="endif" string="endif" />
  </action>

  <action name="FKT Find Service Index $dvar(definition_alias_mediaplayer_template)">
    <action name="if service name is requested service name"  string="setvar tmp_serviceindex=$par(forin_index)" condition="$var(TMP_SERVICENAME2_value)==$var(TMP_SERVICENAME)"/>
  </action>

  <action name="Change Preset $dvar(definition_alias_mediaplayer_template)">
    <action name="Init Var" string="setvar tmp_presetindex=" />
    <action name="Get Button Text" string="setvar TMP_PRESETNAME=$par(DROPDOWNVALUE)" />
    <action name="Loop through presetlist" string="forin" varname="$dvar(definition_alias_mediaplayer_template)_DEVICESETTINGS_Presets_name[]"  level="1" actionname="FKT Find Preset Index $dvar(definition_alias_mediaplayer_template)" />
    <action name="If we found something" string="if" condition="tmp_presetindex!=" />
      <action name="Compile Var Name" string="setvar tmpvarname=$dvar(definition_alias_mediaplayer_template)_DEVICESETTINGS_Presets_id[$var(tmp_presetindex)]" />
      <action name="Get the ID of the Preset" string="modifyvar" operator="fromvar" varname="tmpvarname" />
      <action name="And Call it" string="sendcommand channel_select"  commandparameter='{"value":"$var(tmpvarname)"}' interface="$var($dvar(definition_alias_mediaplayer_template)_INTERFACE_MAIN)" configname="$var($dvar(definition_alias_mediaplayer_template)_CONFIGNAME_MAIN)"/>
      <action name="Update Receiver Info" string="call $dvar(definition_alias_mediaplayer_template) Update All Triggers" />
    <action name="endif" string="endif" />
  </action>

  <action name="FKT Find Preset Index $dvar(definition_alias_mediaplayer_template)">
    <action name="if preset name is requested preset name"  string="setvar tmp_presetindex=$par(forin_index)" condition="$par(forin_value)==$var(TMP_PRESETNAME)"/>
  </action>

  <action name="Change Source $dvar(definition_alias_mediaplayer_template)">
    <action name="Init Var" string="setvar tmp_sourceindex=" />
    <action name="Get Button Text" string="setvar TMP_SOURCENAME=$par(DROPDOWNVALUE)" />
    <action name="Loop through sourcelist" string="forin" varname="$dvar(definition_alias_mediaplayer_template)_DEVICESETTINGS_Sources_name[]" level="1" actionname="FKT Find Source Index $dvar(definition_alias_mediaplayer_template)" />
    <action name="If we found something" string="if" condition="tmp_sourceindex!=" />
      <action name="Compile Var Name" string="setvar tmpvarname=$dvar(definition_alias_mediaplayer_template)_DEVICESETTINGS_Sources_id[$var(tmp_sourceindex)]" />
      <action name="Get the ID of the Source" string="modifyvar" operator="fromvar" varname="tmpvarname" />
      <action name="Show Radio Page FM"    string="showpage Page_Device_$dvar(definition_alias_mediaplayer_template)_Radio" effect="slide" direction="left" condition="$var(tmpvarname)=24"/>
      <action name="Show Radio Page AM"    string="showpage Page_Device_$dvar(definition_alias_mediaplayer_template)_Radio" effect="slide" direction="left" condition="$var(tmpvarname)=25"/>
      <action name="Show Radio Page DAB"   string="showpage Page_Device_$dvar(definition_alias_mediaplayer_template)_Radio" effect="slide" direction="left" condition="$var(tmpvarname)=33"/>
      <action name="Show Radio Page Tuner" string="showpage Page_Device_$dvar(definition_alias_mediaplayer_template)_Radio" effect="slide" direction="left" condition="$var(tmpvarname)=26"/>
      <action name="Show PlayerPage USB"  string="showpage Page_Device_$dvar(definition_alias_mediaplayer_template)_Net" effect="slide" direction="left" condition="$var(tmpvarname)=29"/>
      <action name="Show PlayerPage USB"  string="showpage Page_Device_$dvar(definition_alias_mediaplayer_template)_Net" effect="slide" direction="left" condition="$var(tmpvarname)=2a"/>
      <action name="Show PlayerPage DLNA" string="showpage Page_Device_$dvar(definition_alias_mediaplayer_template)_Net" effect="slide" direction="left" condition="$var(tmpvarname)=27"/>
      <action name="Show PlayerPage NET"  string="showpage Page_Device_$dvar(definition_alias_mediaplayer_template)_Net" effect="slide" direction="left" condition="$var(tmpvarname)=2b"/>
      <action name="And Call it" string="sendcommand main.input-selector" commandparameter='{"value":"$var(tmpvarname)"}' interface="$var($dvar(definition_alias_mediaplayer_template)_INTERFACE_MAIN)" configname="$var($dvar(definition_alias_mediaplayer_template)_CONFIGNAME_MAIN)"/>
      <action name="Update Receiver Info" string="call $dvar(definition_alias_mediaplayer_template) Update All Triggers" />
    <action name="endif" string="endif" />
  </action>

  <action name="FKT Find Source Index $dvar(definition_alias_mediaplayer_template)">
    <action name="if source name is requested source name"  string="setvar tmp_sourceindex=$par(forin_index)" condition="$par(forin_value)==$var(TMP_SOURCENAME)"/>
  </action>

  <action name="Change Mode $dvar(definition_alias_mediaplayer_template)">
    <action name="Init Var"                       string="setvar tmp_modeindex=" />
    <action name="Get Button Text"                string="setvar TMP_MODENAME=$par(DROPDOWNVALUE)" />
    <action name="Loop through modelist"          string="forin" varname="$dvar(definition_alias_mediaplayer_template)_DEVICESETTINGS_ListeningMode_name[]" level="1" actionname="FKT Find Mode Index $dvar(definition_alias_mediaplayer_template)" />
    <action name="If we found something"          string="if" condition="tmp_modeindex!=" />
      <action name="Compile Var Name"             string="setvar tmpvarname=$dvar(definition_alias_mediaplayer_template)_DEVICESETTINGS_ListeningMode_key[$var(tmp_modeindex)]" />
      <action name="Get the ID of the Mode"       string="modifyvar" operator="fromvar" varname="tmpvarname" />
      <action name="And Call it"                  string="sendcommand main.listening-mode" commandparameter='{"value":"$var(tmpvarname)"}' interface="$var($dvar(definition_alias_mediaplayer_template)_INTERFACE_MAIN)" configname="$var($dvar(definition_alias_mediaplayer_template)_CONFIGNAME_MAIN)"/>
      <action name="Update Receiver Info"         string="call $dvar(definition_alias_mediaplayer_template) Update All Triggers" />
    <action name="endif"                          string="endif" />
   </action>

  <action name="FKT Find Mode Index $dvar(definition_alias_mediaplayer_template)">
    <action name="if mode name is requested mode name"  string="setvar tmp_modeindex=$par(forin_index)" condition="$par(forin_value)==$var(TMP_MODENAME)"/>
  </action>

  <!--- eiscp Function linked to pagestart / pagestop-->

  <action name="$dvar(definition_alias_mediaplayer_template) Set Subwoofer Volume By Widget">
    <action name="Sets the target var"          string="setvar volumetoset=$var($dvar(definition_alias_mediaplayer_template)_subwoofervolume)" />
    <action name="And set the subwoofer volume" string="call Send Set Volume Sub"/>
    <action name="Update the text as well"      string="updatewidget Amp Volume Sub Textvalue" />
  </action>

  <action name="$dvar(definition_alias_mediaplayer_template) Set Center Volume By Widget">
    <action name="Sets the target var"        string="setvar volumetoset=$var($dvar(definition_alias_mediaplayer_template)_centervolume)" />
    <action name="And set the center volume"  string="call Send Set Volume Center"/>
    <action name="Update the text as well"    string="updatewidget Amp Volume Center Textvalue" />
  </action>

  <action name="$dvar(definition_alias_mediaplayer_template) Set Main Volume By Widget">
    <action name="Sets the target var"              string="setvar volumetoset=$var($dvar(definition_alias_mediaplayer_template)_mainvolume)" />
    <action name="And set the main volume"          string="call Send Set Volume"/>
    <action name="Update all text as well"          string="updatewidget Main Volume Textvalue" />
    <action name="Update all sliders/Knobs as well" string="updatewidget Main Volume" />
  </action>


  <action name="PageStart Page_Device_$dvar(definition_alias_mediaplayer_template) Onkyo">
    <!-- Just for the main page, the standard pagestart option will be called by the media template -->

    <action name="Init Receiver Commands"            string="sendcommand init"     retvar="$dvar(definition_alias_mediaplayer_template)_DEVICESETTINGS" interface="$var($dvar(definition_alias_mediaplayer_template)_INTERFACE_MAIN)" configname="$var($dvar(definition_alias_mediaplayer_template)_CONFIGNAME_MAIN)" condition="$var(DEVICEISONLINE)!=FALSE" />
    <action name="Show Warning if nothing found"     string="showquestion"         title="$lvar(5040): $dvar(definition_alias_onkyoavr)" message="$lvar(onkyoAVR_10009)" actionyes="dummy" condition="$var($dvar(definition_alias_mediaplayer_template)_DEVICESETTINGS_Model)=Onkyo"/>
    <action name="Show Warning if nothing found"     string="showquestion"         title="$lvar(5040): $dvar(definition_alias_onkyoavr)" message="$lvar(onkyoAVR_10009)" actionyes="dummy" condition="$var($dvar(definition_alias_mediaplayer_template)_DEVICESETTINGS_Model)=Unknown"/>
    <action name="Set OnkyoAVR Power On Action"      string="setwidgetattribute"   widgetname="Button Power On" attributename="action" attributevalue="FKT SwitchOn $dvar(definition_alias_mediaplayer_template) Force" />
    <action name="Set OnkyoAVR Power Off Action"     string="setwidgetattribute"   widgetname="Button Power Off" attributename="action" attributevalue="FKT SwitchOff $dvar(definition_alias_mediaplayer_template) Force" />
    <action name="Send Default Picture Type to Link" string="sendcommand main.net-usb-jacket-art.setlink" interface="$var($dvar(definition_alias_mediaplayer_template)_INTERFACE_MAIN)" configname="$var($dvar(definition_alias_mediaplayer_template)_CONFIGNAME_MAIN)"  condition="$var(DEVICEISONLINE)!=FALSE"/>
    <action name="Send Get Audio"                    string="sendcommand main.audio-infomation.query" retvar="$dvar(definition_alias_mediaplayer_template)_audioinfo" interface="$var($dvar(definition_alias_mediaplayer_template)_INTERFACE_MAIN)" configname="$var($dvar(definition_alias_mediaplayer_template)_CONFIGNAME_MAIN)"  condition="$var(DEVICEISONLINE)!=FALSE"/>
    <action name="Send Get Video"                    string="sendcommand main.video-infomation.query" retvar="$dvar(definition_alias_mediaplayer_template)_videoinfo" interface="$var($dvar(definition_alias_mediaplayer_template)_INTERFACE_MAIN)" configname="$var($dvar(definition_alias_mediaplayer_template)_CONFIGNAME_MAIN)"  condition="$var(DEVICEISONLINE)!=FALSE"/>
  </action>


  <action name="$dvar(definition_alias_mediaplayer_template)_updateimage" >
    <action name="Only on main Page" string="if $var(CURRENTPAGE)=Page_Device_$dvar(definition_alias_mediaplayer_template)" />
      <action name="Set ONKYO Device Name Text" string="setvar $dvar(definition_alias_mediaplayer_template)_DEVICESETTINGS_Model=Onkyo" condition="$var($dvar(definition_alias_mediaplayer_template)_DEVICESETTINGS_Model)=Unknown"/>
      <action name="And Show It" string="updatewidget Device Pretty Name" />
      <action name="Replace Standard Picture" string="if $var($dvar(definition_alias_mediaplayer_template)_DEVICEPICTURE)=device TV receiver" />
        <action name="check if we have a device picture"  string="modifyfile" operator="existfile"  filename="$var(DEFINITIONPATH[onkyo AVR])/pics/devices/$var($dvar(definition_alias_mediaplayer_template)_DEVICESETTINGS_Model).png" dstvarname="tmpfileexist"/>
        <action name="And set it device picture, if exist #1" string="setvar $dvar(definition_alias_mediaplayer_template)_DEVICESETTINGS_Picture=$var(DEFINITIONPATH[onkyo AVR])/pics/devices/$var($dvar(definition_alias_mediaplayer_template)_DEVICESETTINGS_Model).png" condition="$var(tmpfileexist)=TRUE"/>
        <action name="And set it device picture, if exist #2" string="setwidgetattribute" attributename="picturenormal" widgetname="Picture Device" attributevalue="$var(DEFINITIONPATH[onkyo AVR])/pics/devices/$var($dvar(definition_alias_mediaplayer_template)_DEVICESETTINGS_Model).png" condition="$var(tmpfileexist)=TRUE" />
      <action name="endif" string="endif" />
    <action name="endif" string="endif" />
  </action>

  <xi:include href="$var(DEFINITIONPATH)/actions/customactions_trigger.xml" parse="xml" ></xi:include>


</includes>
