<?xml version="1.0" encoding="UTF-8"?>
<!-- Actions which can be assigned to buttons -->
<includes  xmlns:xi="http://www.w3.org/2001/XInclude">
  <action name="Send" string="sendcommand" />
  <action name="SendCommand" />  #dummy, used by widget actions to address directly codset actions

  <action name="Setvar" string="setvar" />
  <action name="StopApp" string="stopapp" />
  <action name="Show Page" string="showpage" />
  <action name="Set Focus" string="setfocus" />
  <action name="NoAction" string="noaction" />

  <action name="Update Page Clocks" string="updatewidget {pageclocks}" />
  <action name="Update Page Dates"  string="updatewidget {pagedates}" />
  <action name="Send Power Toggle" string="sendcommand power_toggle" />
  <action name="Send Power On" string="sendcommand power_on" />
  <action name="Send Power Off" string="sendcommand power_off" />
  <action name="Send OK" string="sendcommand ok" />
  <action name="Send Up" string="sendcommand up" />
  <action name="Send Down" string="sendcommand down" />
  <action name="Send Left" string="sendcommand left" />
  <action name="Send Right" string="sendcommand right" />
  <action name="Send Page Up" string="sendcommand page_up" />
  <action name="Send Page Down" string="sendcommand page_down" />
  <action name="Send Page First" string="sendcommand page_first" />
  <action name="Send Page Last" string="sendcommand page_last" />

  <action name="Send Channel Up" string="sendcommand channel_up" />
  <action name="Send Channel Down" string="sendcommand channel_down" />
  <action name="Send Channel Select" string="sendcommand channel_select" />
  <action name="Send Menu" string="sendcommand menu" />
  <action name="Send DVDMenu" string="sendcommand dvdmenu" />
  <action name="Send Menu2" string="sendcommand menu2" />
  <action name="Send Home" string="sendcommand home" />
  <action name="Send Option" string="sendcommand option" />
  <action name="Send Exit" string="sendcommand exit" />
  <action name="Send Return" string="sendcommand return" />
  <action name="Send EPG" string="sendcommand epg" />
  <action name="Send HBBTV" string="sendcommand hbbtv" />
  <action name="Send Guide" string="sendcommand guide" />
  <action name="Send OSD" string="sendcommand osd" />
  <action name="Send Info" string="sendcommand info" />
  <action name="Send Stop" string="sendcommand stop" />
  <action name="Send Skip Back" string="sendcommand skip_back" />
  <action name="Send Skip Forward" string="sendcommand skip_forward" />
  <action name="Send Play" string="sendcommand play" />
  <action name="Send Record" string="sendcommand record" />
  <action name="Send Stop Record" string="sendcommand stop record" />
  <action name="Send Fast Rewind" string="sendcommand fast_rewind" />
  <action name="Send Fast Forward" string="sendcommand fast_forward" />
  <action name="Send Pause" string="sendcommand pause" />
  <action name="Send Pause Toggle" string="sendcommand pause_toggle" />
  <action name="Send Shuffle On" string="sendcommand shuffle_on" />
  <action name="Send Shuffle Off" string="sendcommand shuffle_off" />
  <action name="Send Shuffle Toggle" string="sendcommand shuffle_toggle" />
  <action name="Send Repeat On" string="sendcommand repeat_on" />
  <action name="Send Repeat Off" string="sendcommand repeat_off" />
  <action name="Send Repeat Toggle" string="sendcommand repeat_toggle" />
  <action name="Send Eject" string="sendcommand eject" />
  <action name="Send Close CD" string="sendcommand clsoecd" />

  <action name="Send Teletext Toggle" string="sendcommand teletext_toggle" />
  <action name="Send Teletext On" string="sendcommand teletext_on" />
  <action name="Send Teletext Off" string="sendcommand teletext_off" />
  <action name="Send Teletext Hold" string="sendcommand teletext_hold" />
  <action name="Send Teletext Index" string="sendcommand teletext_index" />
  <action name="Send Teletext Favorites" string="sendcommand teletext_favorites" />
  <action name="Send Clock Toggle" string="sendcommand clock_toggle" />
  <action name="Send Clock On" string="sendcommand clock_on" />
  <action name="Send Clock Off" string="sendcommand clock_off" />

  <action name="Send Aspect" string="sendcommand aspect" />
  <action name="Send Zoom" string="sendcommand zoom" />
  <action name="Send Angle" string="sendcommand angle" />

  <action name="Send 3D"         string="sendcommand 3d" />
  <action name="Send 3D Toggle"  string="sendcommand 3dtoggle" />
  <action name="Send 3D Select"  string="sendcommand 3dselect" />
  <action name="Send 3D On"  string="sendcommand 3don" />
  <action name="Send 3D Off"  string="sendcommand 3doff" />
  <action name="Send 3D SBS"  string="sendcommand 3dsbs" />
  <action name="Send 3D OU"  string="sendcommand 3dou" />
  <action name="Send 3D Auto"  string="sendcommand 3dauto" />


  <action name="Send Resolution" string="sendcommand resolution" />
  <action name="Send AV Effect"  string="sendcommand av_effect" />
  <action name="Send Favorites" string="sendcommand favorites" />
  <action name="Send Favorite 0" string="sendcommand favorite 0" />
  <action name="Send Favorite 1" string="sendcommand favorite 1" />
  <action name="Send Favorite 2" string="sendcommand favorite 2" />
  <action name="Send Favorite 3" string="sendcommand favorite 3" />
  <action name="Send Favorite 4" string="sendcommand favorite 4" />
  <action name="Send Favorite 5" string="sendcommand favorite 5" />
  <action name="Send Favorite 6" string="sendcommand favorite 6" />
  <action name="Send Favorite 7" string="sendcommand favorite 7" />
  <action name="Send Favorite 8" string="sendcommand favorite 8" />
  <action name="Send Favorite 9" string="sendcommand favorite 9" />
  <action name="Send Favorite PGUP" string="sendcommand favorite pgup" />
  <action name="Send Favorite PGDN" string="sendcommand favorite pgdn" />
  <action name="Send Favorite Next" string="sendcommand favorite next" />
  <action name="Send Favorite Prev" string="sendcommand favorite prev" />
  <action name="Get Favorites" string="sendcommand getfavorites" />

  <action name="Send AVMode" string="sendcommand avmode" />
  <action name="Send Audiochannel Select" string="sendcommand audiochannel_select" />
  <action name="Send Audiochannel Next" string="sendcommand audiochannel_next" />
  <action name="Send Audiochannel Prev" string="sendcommand audiochannel_prev" />
  <action name="Send Previous TV Channel" string="sendcommand previous_tv_channel" />
  <action name="Send Recordings" string="sendcommand recordings" />
  <action name="Send PVR" string="sendcommand pvr" />
  <action name="Send Button Red" string="sendcommand button_red" />
  <action name="Send Button Green" string="sendcommand button_green" />
  <action name="Send Button Yellow" string="sendcommand button_yellow" />
  <action name="Send Button Blue" string="sendcommand button_blue" />
  <action name="Send PIP On" string="sendcommand pip_on" />
  <action name="Send PIP Off" string="sendcommand pip_off" />
  <action name="Send PIP Mosaic" string="sendcommand pip_mosaic" />
  <action name="Send PIP Toggle" string="sendcommand pip_toggle" />
  <action name="Send PIP Swap" string="sendcommand pip_swap" />
  <action name="Send PIP Select" string="sendcommand pip_select" />
  <action name="Send Sleep" string="sendcommand sleep" />
  <action name="Send Show Search" string="sendcommand showsearch" />
  <action name="Send Volume Up" string="sendcommand volume_up" taptype="single"/>
  <action name="Send Volume Down" string="sendcommand volume_down"  taptype="single"/>
  <action name="Send Volume Up Accelerated" string="sendcommand volume_up_accelerated"  taptype="double"/>
  <action name="Send Volume Down Accelerated" string="sendcommand volume_down_accelerated"  taptype="double"/>
  <action name="Send Volume Up Center" string="sendcommand volume_up_center" />
  <action name="Send Volume Down Center" string="sendcommand volume_down_center" />
  <action name="Send Volume Up Subwoofer" string="sendcommand volume_up_subwoofer" />
  <action name="Send Volume Down Subwoofer" string="sendcommand volume_down_subwoofer" />
  <action name="Send Volume Up Front Left" string="sendcommand volume_up_front_left" />
  <action name="Send Volume Down Front Left" string="sendcommand volume_down_front_left" />
  <action name="Send Volume Up Front Right" string="sendcommand volume_up_front_right" />
  <action name="Send Volume Down Front Right" string="sendcommand volume_down_front_right" />
  <action name="Send Volume Up Rear Left" string="sendcommand volume_up_rear_left" />
  <action name="Send Volume Down Rear Left" string="sendcommand volume_down_rear_left" />
  <action name="Send Volume Up Rear Right" string="sendcommand volume_up_rear_right" />
  <action name="Send Volume Down Rear Right" string="sendcommand volume_down_rear_right" />
  <action name="Send Volume Up Surround Left" string="sendcommand volume_up_surround_left" />
  <action name="Send Volume Down Surround Left" string="sendcommand volume_down_surround_left" />
  <action name="Send Volume Up Surround Right" string="sendcommand volume_up_surround_right" />
  <action name="Send Volume Down Surround Right" string="sendcommand volume_down_surround_right" />
  <action name="Send Mute Toggle" string="sendcommand mute_toggle" />
  <action name="Send Mute On" string="sendcommand mute_on" />
  <action name="Send Mute Off" string="sendcommand mute_off" />
  <action name="Send Tuning Up" string="sendcommand tuning_up" />
  <action name="Send Tuning Down" string="sendcommand tuning_down" />
  <action name="Send Tuning Stop" string="sendcommand tuning_stop" />
  <action name="Send Subtitles Toggle" string="sendcommand subtitles_toggle" />
  <action name="Send Subtitles On" string="sendcommand subtitles_on" />
  <action name="Send Subtitles Off" string="sendcommand subtitles_off" />
  <action name="Send Next Subtitle" string="sendcommand subtitles_next" />
  <action name="Send Previous Subtitle" string="sendcommand subtitles_prev" />
  <action name="Send Escape" string="sendcommand esc" />
  <action name="Send Mark Watched" string="sendcommand mark_watched" />
  <action name="Send Previous Chapter" string="sendcommand previous_chapter" />
  <action name="Send Next Chapter" string="sendcommand next_chapter" />
  <action name="Send Left Mouse Click" string="sendcommand left_mouse_click" />
  <action name="Send Right Mouse Click" string="sendcommand right_mouse_click" />
  <action name="Send Restart" string="sendcommand restart" />
  <action name="Send Reboot" string="sendcommand reboot" />
  <action name="Send Shutdown" string="sendcommand shutdown" />
  <action name="Send Hibernate" string="sendcommand hibernate" />
  <action name="Send Suspend" string="sendcommand suspend" />

  <action name="Send Help" string="sendcommand help" />
  <action name="Send Setup" string="sendcommand setup" />
  <action name="Send User" string="sendcommand user" />
  <action name="Send Context" string="sendcommand context" />
  <action name="Send Timer" string="sendcommand timer" />


  <action name="Send Close Application" string="sendcommand closeapp" />
  <action name="Send Start Application" string="sendcommand startapp" />
  <action name="Send Key 1" string="sendcommand key_1" />
  <action name="Send Key 2" string="sendcommand key_2" />
  <action name="Send Key 3" string="sendcommand key_3" />
  <action name="Send Key 4" string="sendcommand key_4" />
  <action name="Send Key 5" string="sendcommand key_5" />
  <action name="Send Key 6" string="sendcommand key_6" />
  <action name="Send Key 7" string="sendcommand key_7" />
  <action name="Send Key 8" string="sendcommand key_8" />
  <action name="Send Key 9" string="sendcommand key_9" />
  <action name="Send Key 0" string="sendcommand key_0" />
  <action name="Send Key -" string="sendcommand key_-" />
  <action name="Send Key +" string="sendcommand key_+" />
  <action name="Send Key =" string="sendcommand key_=" />
  <action name="Send Key ." string="sendcommand key_." />
  <action name="Send Key &#60;" string="sendcommand key_&#60;" />
  <action name="Send Key &#62;" string="sendcommand key_&#62;" />

  <action name="Send Key F1" string="sendcommand key_f1" />
  <action name="Send Key F2" string="sendcommand key_f2" />
  <action name="Send Key F3" string="sendcommand key_f3" />
  <action name="Send Key F4" string="sendcommand key_f4" />
  <action name="Send Key F5" string="sendcommand key_f5" />
  <action name="Send Key F6" string="sendcommand key_f6" />
  <action name="Send Key F7" string="sendcommand key_f7" />
  <action name="Send Key F8" string="sendcommand key_f8" />
  <action name="Send Key F9" string="sendcommand key_f9" />
  <action name="Send Key F0" string="sendcommand key_f0" />

  <action name="Send Key Tab" string="sendcommand key_tab" />
  <action name="Send SDCard" string="sendcommand sdcard" />
  <action name="Send Freeze" string="sendcommand freeze" />
  <action name="Send CEC Link" string="sendcommand cec_link" />

  <action name="Send Source" string="sendcommand source" />
  <action name="Send Next Source" string="sendcommand next_source" />
  <action name="Send Previous Source" string="sendcommand previous_source" />
  <action name="Send Source iPod" string="sendcommand source ipod" />
  <action name="Send Source Tuner" string="sendcommand source tuner" />
  <action name="Send Source DVD" string="sendcommand source dvd" />
  <action name="Send Source TV/Cbl" string="sendcommand source tv/cbl" />
  <action name="Send Source TV/Ant" string="sendcommand source tv/ant" />
  <action name="Send Source TV/Sat" string="sendcommand source tv/sat" />
  <action name="Send Source TV/IP" string="sendcommand source tv/ip" />
  <action name="Send Source TV/Web" string="sendcommand source tv/web" />
  <action name="Send Source TV" string="sendcommand source tv" />
  <action name="Send Source VCR" string="sendcommand source vcr" />
  <action name="Send Source Radio" string="sendcommand source radio" />
  <action name="Send Source Radio FM" string="sendcommand source radio fm" />
  <action name="Send Source Radio AM" string="sendcommand source radio am" />
  <action name="Send Source BlueRay" string="sendcommand source blueray" />
  <action name="Send Source Console" string="sendcommand source console" />
  <action name="Send Source PC" string="sendcommand source pc" />
  <action name="Send Source Camcorder" string="sendcommand source camcoder" />
  <action name="Send Source HDMI 1" string="sendcommand source hdmi 1" />
  <action name="Send Source HDMI 2" string="sendcommand source hdmi 2" />
  <action name="Send Source HDMI 3" string="sendcommand source hdmi 3" />
  <action name="Send Source HDMI 4" string="sendcommand source hdmi 4" />
  <action name="Send Source Aux 1" string="sendcommand source aux 1" />
  <action name="Send Source Aux 2" string="sendcommand source aux 2" />
  <action name="Send Source Aux 3" string="sendcommand source aux 3" />
  <action name="Send Source Aux 4" string="sendcommand source aux 4" />
  <action name="Send Source CD" string="sendcommand source cd" />
  <action name="Send Source DAB" string="sendcommand source dab" />
  <action name="Send Source MD"  string="sendcommand source md" />
  <action name="Send Source Tape" string="sendcommand source tape" />
  <action name="Send Source USB" string="sendcommand source usb" />
  <action name="Send Source NET" string="sendcommand source net" />
  <action name="Send Source Component" string="sendcommand source component" />
  <action name="Send Source Music" string="sendcommand source music" />

  <action name="Send Effect 1" string="sendcommand effect 1" />
  <action name="Send Effect 2" string="sendcommand effect 2" />
  <action name="Send Effect 3" string="sendcommand effect 3" />
  <action name="Send Effect 4" string="sendcommand effect 4" />
  <action name="Send Effect 5" string="sendcommand effect 5" />
  <action name="Send Effect 6" string="sendcommand effect 6" />
  <action name="Send Effect 7" string="sendcommand effect 7" />
  <action name="Send Effect 8" string="sendcommand effect 8" />
  <action name="Send Effect 9" string="sendcommand effect 9" />
  <action name="Send Effect 10" string="sendcommand effect 10" />
  <action name="Send Effect 11" string="sendcommand effect 11" />
  <action name="Send Effect 12" string="sendcommand effect 12" />

  <action name="Send String" string="sendcommand send_string" />
  <action name="Send Search" string="sendcommand search" />

  <action name="Send Set Volume" string="sendcommand setvolume" commandparameter='{"volumetoset":"$var(volumetoset)"}'/>
  <action name="Send Get Volume" string="sendcommand getvolume" retvar="$var(CURRENTVOLUMEMAIN)"/>

  <action name="Send Get Power Status" string="sendcommand getpowerstatus" retvar="$var(powerstatus)"/>

  <action name="Send Set Volume Sub" string="sendcommand setvolumesub" commandparameter='{"volumetoset":"$var(volumetoset)"}'/>
  <action name="Send Get Volume Sub" string="sendcommand getvolumesub" retvar="$var(CURRENTVOLUMESUB)"/>

  <action name="Send Set Volume Center" string="sendcommand setvolumecenter" commandparameter='{"volumetoset":"$var(volumetoset)"}'/>
  <action name="Send Get Volume Center" string="sendcommand getvolumecenter" retvar="$var(CURRENTVOLUMECENTER)"/>

  <action name="Send Get Volume Front" string="sendcommand getvolumefront" retvar="$var(CURRENTVOLUMEFRONT)"/>
  <action name="Send Get Volume Rear" string="sendcommand getvolumerear" retvar="$var(CURRENTVOLUMEREAR)"/>

  <action name="Send Set Volume Surround" string="sendcommand setvolumeSurround" commandparameter='{"volumetoset":"$var(volumetoset)"}'/>
  <action name="Send Get Volume Surround" string="sendcommand getvolumesurround" retvar="$var(CURRENTVOLUMESURROUND)"/>
  <action name="Send Ping" string="sendcommand ping" />

  <action name="gotostartpage" string="showpage $var(FIRSTPAGE)" />
  <action name="gotofirstpage" string="showpage $var(FIRSTPAGE)" />
  <action name="gotofirstpagefromsettings" string="showpage $var(FIRSTPAGE)" effect="fallout"/>
  <action name="gotolastpage" string="showpage $var(LASTPAGE)" />
  <action name="askonexit" string="showquestion" title="$lvar(5003)" message="$lvar(5004)" actionyes="StopApp" actionno="dummy"/>

  <action name="gotosettingspage" >
    <action name="show hourglass" string="showpage Page_Wait" effect="no" />
    <action name="gotosettingspage" string="showpage Page_Settings" effect="risein" />
  </action>

  <action name="gotointerfacesettingspage" >
    <action name="show hourglass" string="showpage Page_Wait" effect="no" />
    <action name="gotosettingspage" string="showpage Page_InterfaceSettings" effect="risein" />
  </action>


  <action name="on_pause">
    <action name="If not already on pause" string="if $var(ONPAUSE)!=TRUE" />
      <!-- Timer for the resume checker -->
      <action name="start check resume timer" string="definetimer" timername="CheckOnSleepTimer" interval="2" switch="on" actionname="checkonsleep" doonpause="1"/>
      <action name="Initialize Value" string="setvar ONPAUSE=TRUE" />
      <action name="Safe Current Page Name (On Pause)" string="setvar TMPPAGENAME=$var(CURRENTPAGE)" condition="$var(CURRENTPAGE)!=Page_Wait" />
      <action name="show wait (On Pause)" string="showpage Page_Wait"  condition="$var(CURRENTPAGE)!=Page_Wait" />
      <action name="OnPause_WaitLoop" string="noaction" />
        <action name="wait" string="wait 5"  />
        <action name="break loop" string="setvar ONPAUSE=FALSE" condition="$var(CURRENTPAGE)!=Page_Wait"/>
      <action name="loop" string="goto OnPause_WaitLoop" condition="$var(ONPAUSE)==TRUE" />
      <action name="resume check resume timer" string="definetimer" timername="CheckOnSleepTimer" switch="off" />
      <action name="In case the loop has been interrupted by ESC" string="setvar ONPAUSE=FALSE"/>
      <action name="Wait For Connectivity" string="waitforconnectivity" />
      <action name="Remove Wait Page (on Resume)" string="showpage $var(TMPPAGENAME)"  condition="$var(TMPPAGENAME)!=Page_Wait" />
      <action name="if date has changed (on Resume)" string="call Update Page Dates"   />
    <action name="endif" string="endif" />
  </action>

  <action name="checkonsleep">
    <action name="resume App" string="resumeapp" condition="$var(ONPAUSE)==TRUE"/>
  </action>

  <action name="on_resume">
    <action name="Stop Loop" string="setvar ONPAUSE=FALSE" force="1"/>
  </action>

  <action name="createnextpage">
    <action name="Show Wait Picture" string="enablewaitpicture" />
    <action name="Create Next Page"  string="createpages"              pagename="nextpage"/>
    <action name="Hide Wait Picture" string="disablewaitpicture" />
  </action>

  <action name="Fkt WaitForDeviceReady">
    <!-- We make sure, that we do not call ourself again and again
          so lets evaluate the name of the current page -->
    <action name="Skip Check1" string="goto Back to calling page" condition="$var(CURRENTPAGE)==Page_Wait_For_Device" />
    <action name="Skip Check2" string="goto Back to calling page" condition="$var(CURRENTPAGE)==Page_Wait_For_Device_NoPowerOn" />
    <action name="SET" string="setvar WAITFORDEVICESTOPWAIT=FALSE" />
    <action name="Enable Tiny Wait picture" string="enablewaitpicture" />
    <action name="INIT Stop Flag" string="setvar WAITFORDEVICESTOPWAIT=FALSE" />
    <action name="ShowPageWaitForDevice" string="showpage Page_Wait_For_Device"           condition="'$var(DEVICEPOWERONCMD)'!=''" />
    <action name="ShowPageWaitForDevice" string="showpage Page_Wait_For_Device_NoPowerOn" condition="'$var(DEVICEPOWERONCMD)'==''" />
    <action name="Get Device Status" string="call $var(DEVICECHECKIFONCMD)" />
      <action name="Exit Wait" string="goto Exit Waitfordeviceloop" condition="$var(DEVICEISONLINE)!=FALSE" />
      <action name="wait" string="wait $var(DEVICEWAITTIME)"  />
    <action name="loop" string="goto Get Device Status" condition="$var(WAITFORDEVICESTOPWAIT)==FALSE" />
    <action name="Exit Waitfordeviceloop" />
    <action name="Back to calling page" />
    <action name="Emergency Exit Check1" string="goto ShowFirstPage" condition="$var(LASTPAGE)==Page_Wait_For_Device" />
    <action name="Emergency Exit Check2" string="goto ShowFirstPage" condition="$var(LASTPAGE)==Page_Wait_For_Device_NoPowerOn" />
    <action name="ShowCallingPage" string="showpage $var(PAGEWAITRETURN)" />
    <action name="goto exit" string="goto End Fkt WaitForDeviceReady"/>
    <action name="ShowFirstPage" string="showpage $var(FIRSTPAGE)"/>
    <action name="End Fkt WaitForDeviceReady" />
    <action name="Disable Tiny Wait picture" string="disablewaitpicture" />
  </action>

  <action name="Fkt WaitForDeviceAbort" string="setvar WAITFORDEVICESTOPWAIT=TRUE" force="1" />

  <action name="Fkt WaitForDevicePowerOn" string="call $var(DEVICEPOWERONCMD)" force="1" />

<action name="Fkt ShowInstallationHint">
  <action name="INIT the Var for Installationhinstatus" string="setvar SHOWINSTALLATIONHINT=" />
  <action name="Load Status" string="modifyvar" varname="SHOWINSTALLATIONHINT"  operator="load" parameter1="TRUE" parameter2="$var(DEFINITIONNAME)"/>
  <action name="if we haven't showed it by now" string="if '$var(SHOWINSTALLATIONHINT)'=='TRUE'"/>
    <action name="SET Showflag to False" string="setvar SHOWINSTALLATIONHINT=FALSE" />
    <action name="Save Status" string="modifyvar" varname="SHOWINSTALLATIONHINT"  operator="save"  parameter1="$var(DEFINITIONNAME)"/>
    <action name="show message" string="showquestion" title="$lvar(597)" message="$var(INSTALLATIONHINT)" actionyes="dummy" condition="'$var(INSTALLATIONHINT)'!=''"/>
  <action name="endif" string="endif" />
</action>

    <action name="KeyHandler_PageWait_ESC">
        <action name="Stop Loop"  string="setvar ONPAUSE=FALSE" force="1"/>
    </action>


    <action name="Set SetupTrigger">
        <action name="Delete Trigger after a second" string="definetimer" timername="Set SetupTrigger" interval="1" switch="off" actionname="Set SetupTrigger"/>
    </action>

    <action name="Show Main Definition Page">
        <action name="Finally: show first page"                 string="showpage $var(DEFINITIONSTARTPAGE)"/>
    </action>

    <action name="Change App Language">
      <action name="show message" string="showquestion" title="$lvar(5006)" message="$lvar(5014)" dontstopqueue="1"/>
      <action name="load core language"                       string="loadlanguages" />
      <action name="Load language from each definition"       string="loaddefinitionlanguages" />
      <action name="Reload the Settings"                      string="loaddefinitionsettings" definitionname="PARSESETTINGS"/>
      <action name="Apply Language to all widgets"            string="updatewidget" widgetname="*@*"/>
      <action name="Close Message" string="showquestion" close="1"/>
    </action>


    <action name="DiscoverSingle">
    <!--
    you need to set the DISCOVERINTERFACE and the DISCOVERCONFIG as parameter
    returns DISCOVERFAILED = TRUE, if discover was not successfull
    -->
      <action name="Init var" string="setvar DISCOVERFAILED=FALSE" />
      <action name="Check, if we already found something" string="getinterfacesetting" interfacename="$par(DISCOVERINTERFACE)" configname="$par(DISCOVERCONFIG)" varname="OldDiscoveredIP" retvar="TMPOLDIP"/>
      <action name="If we dont have found something previously" string ="if" condition="$var(TMPOLDIP)==" />
        <action name="Show message" string="showquestion" title="$lvar(597)" message="$lvar(450) $par(DISCOVERDETAILS)" dontstopqueue="1"/>
        <action name="Wait to make sure, popup comes" string="wait 500" />
        <action name="Direct Discover" string="discover" interface="$par(DISCOVERINTERFACE)" configname="$par(DISCOVERCONFIG)"/>
        <action name="Save errorcode" string="setvar lasterror=$var(LASTERRORCODE)" />
        <action name="Close message" string="showquestion" close="1"/>
        <action name="Show message on Failure" string="showquestion" title="$lvar(595)" message="$lvar(451) $par(DISCOVERDETAILS)" actionyes="dummy" condition="$var(lasterror)!=$var(RETCODE_SUCCESS)"/>
        <action name="if we have not discovered anything by now, set return var" string="setvar DISCOVERFAILED=TRUE" condition="$var(lasterror)!=$var(RETCODE_SUCCESS)"/>
      <action name="" string ="endif" />
    </action>

    <action name="CreateZipFilesForRepository">
      <action name="SET" string="setvar LASTERRORCODE=$var(RETCODE_SUCCESS)" />
      <action name="SET" string="setvar RESULTERRORCODE=$var(RETCODE_SUCCESS)" />
      <action name="SET" string="setvar TMPPOS=0" />
      <action name="Show the Progressbar"  string="showprogressbar" title="$lvar(5041)" message="$lvar(5041)" max="$var(REPMAN_ZIPCNTFILES)" />
      <action name="SET" string="setvar TMPBREAKLOOP=1" condition="$var(LASTERRORCODE)!=$var(RETCODE_SUCCESS)"/>
      <action name="if not failed"   string="if $var(LASTERRORCODE)==$var(RETCODE_SUCCESS)" />
        <action name="SET" string="setvar TMPBREAKLOOP=0" />
        <action name="loop through all files" string="forin"  varname="REPMAN_ZIPSOURCEFILENAMES[]" level="1" actionname="CreateZipFilesForRepository_Sub" breakvar="TMPBREAKLOOP" />
        <action name="SET" string="setvar RESULTERRORCODE=$var(LASTERRORCODE)" />
      <action name="endif not failed" string="endif" />
      <action name="Close the Progressbar" string="showprogressbar"  />
      <action name="show message" string="showquestion" title="$lvar(595)" message="Failed to Zip Files" actionyes="dummy" condition="'$var(TMPBREAKLOOP)'!='0'"/>
    </action>



    <action name="CreateZipFilesForRepository_Sub">
        <action name="Create DestFileName part 1"  string="setvar dstfilename=REPMAN_ZIPDESTFILENAMES[$par(forin_index)]" />
        <action name="Create DestFileName part 2"  string="modifyvar" varname="dstfilename" operator="fromvar"  />
        <action name="Create RenovePath part 1"    string="setvar removepath=REPMAN_ZIPREMOVEPATH[$par(forin_index)]" />
        <action name="Create RemovePath part 2"    string="modifyvar" varname="removepath" operator="fromvar"  />
        <action name="Create ZipType part 1"       string="setvar ziptype=REPMAN_ZIPTYPE[$par(forin_index)]" />
        <action name="Create ZipType part 2"       string="modifyvar" varname="ziptype" operator="fromvar"  />
        <action name="increase scrollbar pointer"  string="modifyvar"             varname="TMPPOS" operator="increase"  parameter1="1" />
        <action name="Update the Progressbar"      string="showprogressbar"       message="$par(forin_value) -> $var(dstfilename)" current="$var(TMPPOS)" />
        <action name="If we Zip a Path"            string="if $var(ziptype)==folder"   />
          <action name="Create SkipFiles part 1"   string="setvar skipfiles=REPMAN_ZIPSKIPFILES[$par(forin_index)]" />
          <action name="Create SkipFiles part 2"   string="modifyvar" varname="skipfiles" operator="fromvar"  />
          <action name="ZIP Folder" string='modifyfile' operator='zipfolder'  path="$par(forin_value)" dstfilename="$var(dstfilename)" removepath="$var(removepath)" skipfiles="$var(skipfiles)"/>
        <action name="EndIf we Zip a Path"         string="endif"   />
        <action name="ZIP File" string='modifyfile' operator='zipfile'  filename="$par(forin_value)" dstfilename="$var(dstfilename)" removepath="$var(removepath)" condition="$var(ziptype)==file" />

        <action name="Break loop on Error"         string="setvar TMPBREAKLOOP=1" condition="$var(LASTERRORCODE)!=$var(RETCODE_SUCCESS)"/>
    </action>

    <action name="ShowSecondCaption" string="updatewidget" widgetname="*" option="second" />
    <action name="HideSecondCaption" string="updatewidget" widgetname="*"  />

    <action name="FKT_ORCASHOWLICENSE">
       <action name="set filename" string="setvar SHOWFILE=$var(LICENSEFILE)" />
       <action name="showfile"     string="showpage Page_ShowFile" />
    </action>

  <action name="FKT_ORCASHOWLOGFILE">
    <action name="set filename" string="setvar SHOWFILE=$var(LOGFILE)" />
    <action name="showfile"     string="showpage Page_ShowFile" />
  </action>

  <action name="FKT_ORCASHOWCREDITS">
    <action name="set filename" string="setvar SHOWFILE=$var(CREDITSFILE)" />
    <action name="showfile"     string="showpage Page_ShowFile" />
  </action>

  <action name="Fkt Structured Input">
    <!-- We make sure, that we do not call ourself again and again
          so lets evaluate the name of the current page -->
    <action name="INIT Stop Flag" string="setvar WAITSTRUCTUREDINPUT=FALSE" />
    <action name="ShowPage Structured Input" string="showpage Page_StructureInput" />
    <action name="Wait For Structured Input" string="noaction" />
    <action name="wait" string="wait 1000"  />
    <action name="loop" string="goto Wait For Structured Input" condition="$var(WAITSTRUCTUREDINPUT)==FALSE" />
    <action name="Exit Wait For Structured Input" />
    <action name="Back to calling page" />
    <action name="Return to given page (if given)" string="if $par(PAGEINPUTRETURN)!="/>
        <action name="ShowCallingPage" string="showpage $par(PAGEINPUTRETURN)"/>
        <action name="GoodBye" string="exitaction"  />
    <action name="endif" string="endif" />

    <action name="Return to last page (if given)" string="if $var(LASTPAGE)!="/>
        <action name="ShowCallingPage" string="showpage $var(LASTPAGE)"/>
        <action name="GoodBye" string="exitaction"  />
    <action name="endif" string="endif" />
    <action name="ShowFirstPage" string="showpage $var(FIRSTPAGE)"/>
  </action>

  <action name="Fkt InputStructuredAbort" >
    <action name="set stop flag" string="setvar WAITSTRUCTUREDINPUT=TRUE" />
    <action name="set return status flag" string="setvar STRUCTUREDINPUTRETURN=CANCEL" />
  </action>
  <action name="Fkt InputStructuredSave" >
    <action name="set stop flag" string="setvar WAITSTRUCTUREDINPUT=TRUE" />
    <action name="set return status flag" string="setvar STRUCTUREDINPUTRETURN=SAVE" />
  </action>

  <action name="Fkt GetInterFaceConfigParameter" >

    <!--
       Expected Parameters
       Header : the header for the Input Page
       Message : the message for the Input Page
       Label1
       Label2
       Label3 : the Labels for the input fields, if empty the input field will be disabled
       Config_Interface : The interface where to pull setting values
       Config_Config    : The config where to pull setting values
       Config_Par1
       Config_Par2
       Config_Par3 : The config value to get/set
    -->

    <action name="Disable Input Field 1, if not required" string="setwidgetattribute" widgetname="Anchor Input 1@Page_StructureInput" attributename="enable" attributevalue="0" condition="$par(Label1)=" />
    <action name="Disable Input Field 2, if not required" string="setwidgetattribute" widgetname="Anchor Input 2@Page_StructureInput" attributename="enable" attributevalue="0" condition="$par(Label2)=" />
    <action name="Disable Input Field 3, if not required" string="setwidgetattribute" widgetname="Anchor Input 3@Page_StructureInput" attributename="enable" attributevalue="0" condition="$par(Label3)=" />
    <action name="Set caption" string="setwidgetattribute" widgetname="Text_1@Page_StructureInput" attributename="caption" attributevalue="$par(Label1)"  />
    <action name="Set caption" string="setwidgetattribute" widgetname="Text_2@Page_StructureInput" attributename="caption" attributevalue="$par(Label2)"  />
    <action name="Set caption" string="setwidgetattribute" widgetname="Text_3@Page_StructureInput" attributename="caption" attributevalue="$par(Label3)"  />

    <action name="If we want to pull interface settings" string="if $par(Config_Interface)!=" />
      <action name="If we want to pull first settings" string="if $par(Config_Par1)!=" />
        <action name="Get Setting" string="getinterfacesetting" interfacename="$par(Config_Interface)" configname="$par(Config_Config)" varname="$par(Config_Par1)" retvar="TmpPar"/>
        <action name="Set caption par1" string="setwidgetattribute" widgetname="Inputfield_1@Page_StructureInput" attributename="caption" attributevalue="$var(TmpPar)"  />
        <action name="Set the default Value" string="setvar structuredinputstring1=$var(TmpPar)" />
      <action name="endif" string="endif"/>
      <action name="If we want to pull first settings" string="if $par(Config_Par2)!=" />
        <action name="Get Setting" string="getinterfacesetting" interfacename="$par(Config_Interface)" configname="$par(Config_Config)" varname="$par(Config_Par2)" retvar="TmpPar"/>
        <action name="Set caption par2" string="setwidgetattribute" widgetname="Inputfield_2@Page_StructureInput" attributename="caption" attributevalue="$var(TmpPar)"  />
        <action name="Set the default Value" string="setvar structuredinputstring2=$var(TmpPar)" />
      <action name="endif" string="endif"/>
      <action name="If we want to pull first settings" string="if $par(Config_Par3)!=" />
        <action name="Get Setting" string="getinterfacesetting" interfacename="$par(Config_Interface)" configname="$par(Config_Config)" varname="$par(Config_Par3)" retvar="TmpPar"/>
        <action name="Set caption par3" string="setwidgetattribute" widgetname="Inputfield_3@Page_StructureInput" attributename="caption" attributevalue="$var(TmpPar)"  />
        <action name="Set the default Value" string="setvar structuredinputstring3=$var(TmpPar)" />
      <action name="endif" string="endif"/>
    <action name="endif" string="endif"/>

    <action name="Set header"  string="setwidgetattribute" widgetname="Header@Page_StructureInput" attributename="caption" attributevalue="$par(Header)"  />
    <action name="Set message" string="setwidgetattribute" widgetname="Message@Page_StructureInput" attributename="caption" attributevalue="$par(Message)"  />
    <action name="Disable message, if not required" string="setwidgetattribute" widgetname="Anchor Message@Page_StructureInput" attributename="enable" attributevalue="0" condition="$par(Message)=" />

    <action name="Show Structutred Input" string="call Fkt Structured Input" PAGEINPUTRETURN="$par(PAGEINPUTRETURN)" />

    <action name="If we want to safe" string="if $var(STRUCTUREDINPUTRETURN)==SAVE" />
      <action name="save var" string="saveinterfacesetting" interfacename="$par(Config_Interface)" configname="$par(Config_Config)" varname="$par(Config_Par1)" varvalue="$var(structuredinputstring1)" condition="$par(Config_Par1)!="/>
      <action name="save var" string="saveinterfacesetting" interfacename="$par(Config_Interface)" configname="$par(Config_Config)" varname="$par(Config_Par2)" varvalue="$var(structuredinputstring2)" condition="$par(Config_Par2)!="/>
      <action name="save var" string="saveinterfacesetting" interfacename="$par(Config_Interface)" configname="$par(Config_Config)" varname="$par(Config_Par3)" varvalue="$var(structuredinputstring3)" condition="$par(Config_Par3)!="/>
    <action name="endif" string="endif"/>

  </action>

</includes>


