<?xml version="1.0" encoding="UTF-8"?>
<elements>
  <element name="Frame" type="PICTURE"  picturenormal="background boxes" />
  <element name="Anchor Radio Channels Buttons" type="ANCHOR" posx="center" posy="middle" width="%90" height="of:width:self">
    <elements>
      
      <element name="Button Light  1"  type="SWITCH" group="LIGHTSELECTGROUP" destvar="LIGHT01" posx="left"           posy= "top" width="%14.3"  height="of:width:self"             picturenormal="button square*" action="Setvar" actionpars='{"varname":"HUELIGHTNUM","varvalue":"1"}' fontsize="%h50" caption="01" />
      <element name="Button Light  2"  type="SWITCH" group="LIGHTSELECTGROUP" destvar="LIGHT02"  posx="of:right:last"  posy= "top" width="%14.3"  height="of:width:self"            picturenormal="button square*" action="Setvar" actionpars='{"varname":"HUELIGHTNUM","varvalue":"2"}' fontsize="%h50" caption="02" />
      <element name="Button Light  3"  type="SWITCH" group="LIGHTSELECTGROUP" destvar="LIGHT03"  posx="of:right:last"  posy= "top" width="%14.3"  height="of:width:self"            picturenormal="button square*" action="Setvar" actionpars='{"varname":"HUELIGHTNUM","varvalue":"3"}' fontsize="%h50"  caption="03" />
      <element name="Button Light  4"  type="SWITCH" group="LIGHTSELECTGROUP" destvar="LIGHT04"  posx="of:right:last"  posy= "top" width="%14.3"  height="of:width:self"            picturenormal="button square*" action="Setvar" actionpars='{"varname":"HUELIGHTNUM","varvalue":"4"}' fontsize="%h50"  caption="04" />
      <element name="Button Light  5"  type="SWITCH" group="LIGHTSELECTGROUP" destvar="LIGHT05"  posx="of:right:last"  posy= "top" width="%14.3"  height="of:width:self"            picturenormal="button square*" action="Setvar" actionpars='{"varname":"HUELIGHTNUM","varvalue":"5"}' fontsize="%h50"  caption="05" />
      <element name="Button Light  6"  type="SWITCH" group="LIGHTSELECTGROUP" destvar="LIGHT06"  posx="of:right:last"  posy= "top" width="%14.3"  height="of:width:self"            picturenormal="button square*" action="Setvar" actionpars='{"varname":"HUELIGHTNUM","varvalue":"6"}' fontsize="%h50"  caption="06" />
      <element name="Button Light  7"  type="SWITCH" group="LIGHTSELECTGROUP" destvar="LIGHT07"  posx="of:right:last"  posy= "top" width="%14.3"  height="of:width:self"            picturenormal="button square*" action="Setvar" actionpars='{"varname":"HUELIGHTNUM","varvalue":"7"}' fontsize="%h50"  caption="07" />
      <element name="Button Light  8"  type="SWITCH" group="LIGHTSELECTGROUP" destvar="LIGHT08"  posx="left"           posy= "of:bottom:last" width="%14.3"  height="of:width:self" picturenormal="button square*" action="Setvar" actionpars='{"varname":"HUELIGHTNUM","varvalue":"8"}' fontsize="%h50"   caption="08" />
      <element name="Button Light  9"  type="SWITCH" group="LIGHTSELECTGROUP" destvar="LIGHT09"  posx="of:right:last"  posy= "of:top:last"    width="%14.3"  height="of:width:self" picturenormal="button square*" action="Setvar" actionpars='{"varname":"HUELIGHTNUM","varvalue":"9"}' fontsize="%h50"   caption="09" />
      <element name="Button Light 10"  type="SWITCH" group="LIGHTSELECTGROUP" destvar="LIGHT10"  posx="of:right:last"  posy= "of:top:last"    width="%14.3"  height="of:width:self" picturenormal="button square*" action="Setvar" actionpars='{"varname":"HUELIGHTNUM","varvalue":"10"}' fontsize="%h50"   caption="10" />
      <element name="Button Light 11"  type="SWITCH" group="LIGHTSELECTGROUP" destvar="LIGHT11"  posx="of:right:last"  posy= "of:top:last"    width="%14.3"  height="of:width:self" picturenormal="button square*" action="Setvar" actionpars='{"varname":"HUELIGHTNUM","varvalue":"11"}' fontsize="%h50"   caption="11" />
      <element name="Button Light 12"  type="SWITCH" group="LIGHTSELECTGROUP" destvar="LIGHT12"  posx="of:right:last"  posy= "of:top:last"    width="%14.3"  height="of:width:self" picturenormal="button square*" action="Setvar" actionpars='{"varname":"HUELIGHTNUM","varvalue":"12"}' fontsize="%h50"   caption="12" />
      <element name="Button Light 13"  type="SWITCH" group="LIGHTSELECTGROUP" destvar="LIGHT13"  posx="of:right:last"  posy= "of:top:last"    width="%14.3"  height="of:width:self" picturenormal="button square*" action="Setvar" actionpars='{"varname":"HUELIGHTNUM","varvalue":"13"}' fontsize="%h50"   caption="13" />
      <element name="Button Light 14"  type="SWITCH" group="LIGHTSELECTGROUP" destvar="LIGHT14"  posx="of:right:last"  posy= "of:top:last"    width="%14.3"  height="of:width:self" picturenormal="button square*" action="Setvar" actionpars='{"varname":"HUELIGHTNUM","varvalue":"14"}' fontsize="%h50"   caption="14" />
      <element name="Button Light 15"  type="SWITCH" group="LIGHTSELECTGROUP" destvar="LIGHT15"  posx="left"           posy= "of:bottom:last" width="%14.3"  height="of:width:self" picturenormal="button square*" action="Setvar" actionpars='{"varname":"HUELIGHTNUM","varvalue":"15"}' fontsize="%h50"   caption="15" />
      <element name="Button Light 16"  type="SWITCH" group="LIGHTSELECTGROUP" destvar="LIGHT16"  posx="of:right:last"  posy= "of:top:last"    width="%14.3"  height="of:width:self" picturenormal="button square*" action="Setvar" actionpars='{"varname":"HUELIGHTNUM","varvalue":"16"}' fontsize="%h50"   caption="16" />
      <element name="Button Light 17"  type="SWITCH" group="LIGHTSELECTGROUP" destvar="LIGHT17"  posx="of:right:last"  posy= "of:top:last"    width="%14.3"  height="of:width:self" picturenormal="button square*" action="Setvar" actionpars='{"varname":"HUELIGHTNUM","varvalue":"17"}' fontsize="%h50"   caption="17" />
      <element name="Button Light 18"  type="SWITCH" group="LIGHTSELECTGROUP" destvar="LIGHT18"  posx="of:right:last"  posy= "of:top:last"    width="%14.3"  height="of:width:self" picturenormal="button square*" action="Setvar" actionpars='{"varname":"HUELIGHTNUM","varvalue":"18"}' fontsize="%h50"   caption="18" />
      <element name="Button Light 19"  type="SWITCH" group="LIGHTSELECTGROUP" destvar="LIGHT19"  posx="of:right:last"  posy= "of:top:last"    width="%14.3"  height="of:width:self" picturenormal="button square*" action="Setvar" actionpars='{"varname":"HUELIGHTNUM","varvalue":"19"}' fontsize="%h50"   caption="19" />
      <element name="Button Light 20"  type="SWITCH" group="LIGHTSELECTGROUP" destvar="LIGHT20"  posx="of:right:last"  posy= "of:top:last"    width="%14.3"  height="of:width:self" picturenormal="button square*" action="Setvar" actionpars='{"varname":"HUELIGHTNUM","varvalue":"20"}' fontsize="%h50"   caption="20" />
      <element name="Button Light 21"  type="SWITCH" group="LIGHTSELECTGROUP" destvar="LIGHT21"  posx="of:right:last"  posy= "of:top:last"    width="%14.3"  height="of:width:self" picturenormal="button square*" action="Setvar" actionpars='{"varname":"HUELIGHTNUM","varvalue":"21"}' fontsize="%h50"   caption="21" />
      <element name="Button Light 22"  type="SWITCH" group="LIGHTSELECTGROUP" destvar="LIGHT22"  posx="left"           posy= "of:bottom:last" width="%14.3"  height="of:width:self" picturenormal="button square*" action="Setvar" actionpars='{"varname":"HUELIGHTNUM","varvalue":"22"}' fontsize="%h50"   caption="22" />
      <element name="Button Light 23"  type="SWITCH" group="LIGHTSELECTGROUP" destvar="LIGHT23"  posx="of:right:last"  posy= "of:top:last"    width="%14.3"  height="of:width:self" picturenormal="button square*" action="Setvar" actionpars='{"varname":"HUELIGHTNUM","varvalue":"23"}' fontsize="%h50"   caption="23" />
      <element name="Button Light 24"  type="SWITCH" group="LIGHTSELECTGROUP" destvar="LIGHT24"  posx="of:right:last"  posy= "of:top:last"    width="%14.3"  height="of:width:self" picturenormal="button square*" action="Setvar" actionpars='{"varname":"HUELIGHTNUM","varvalue":"24"}' fontsize="%h50"   caption="24" />
      <element name="Button Light 25"  type="SWITCH" group="LIGHTSELECTGROUP" destvar="LIGHT25"  posx="of:right:last"  posy= "of:top:last"    width="%14.3"  height="of:width:self" picturenormal="button square*" action="Setvar" actionpars='{"varname":"HUELIGHTNUM","varvalue":"25"}' fontsize="%h50"   caption="25" />
      <element name="Button Light 26"  type="SWITCH" group="LIGHTSELECTGROUP" destvar="LIGHT26"  posx="of:right:last"  posy= "of:top:last"    width="%14.3"  height="of:width:self" picturenormal="button square*" action="Setvar" actionpars='{"varname":"HUELIGHTNUM","varvalue":"26"}' fontsize="%h50"   caption="26" />
      <element name="Button Light 27"  type="SWITCH" group="LIGHTSELECTGROUP" destvar="LIGHT27"  posx="of:right:last"  posy= "of:top:last"    width="%14.3"  height="of:width:self" picturenormal="button square*" action="Setvar" actionpars='{"varname":"HUELIGHTNUM","varvalue":"27"}' fontsize="%h50"   caption="27" />
      <element name="Button Light 28"  type="SWITCH" group="LIGHTSELECTGROUP" destvar="LIGHT28"  posx="of:right:last"  posy= "of:top:last"    width="%14.3"  height="of:width:self" picturenormal="button square*" action="Setvar" actionpars='{"varname":"HUELIGHTNUM","varvalue":"28"}' fontsize="%h50"   caption="28" />
      <element name="Button Light 29"  type="SWITCH" group="LIGHTSELECTGROUP" destvar="LIGHT29"  posx="left"           posy= "of:bottom:last" width="%14.3"  height="of:width:self" picturenormal="button square*" action="Setvar" actionpars='{"varname":"HUELIGHTNUM","varvalue":"29"}' fontsize="%h50"   caption="29" />
      <element name="Button Light 30"  type="SWITCH" group="LIGHTSELECTGROUP" destvar="LIGHT30"  posx="of:right:last"  posy= "of:top:last"    width="%14.3"  height="of:width:self" picturenormal="button square*" action="Setvar" actionpars='{"varname":"HUELIGHTNUM","varvalue":"30"}' fontsize="%h50"   caption="30" />
      <element name="Button Light 31"  type="SWITCH" group="LIGHTSELECTGROUP" destvar="LIGHT31"  posx="of:right:last"  posy= "of:top:last"    width="%14.3"  height="of:width:self" picturenormal="button square*" action="Setvar" actionpars='{"varname":"HUELIGHTNUM","varvalue":"31"}' fontsize="%h50"   caption="31" />
      <element name="Button Light 32"  type="SWITCH" group="LIGHTSELECTGROUP" destvar="LIGHT32"  posx="of:right:last"  posy= "of:top:last"    width="%14.3"  height="of:width:self" picturenormal="button square*" action="Setvar" actionpars='{"varname":"HUELIGHTNUM","varvalue":"32"}' fontsize="%h50"   caption="32" />
      <element name="Button Light 33"  type="SWITCH" group="LIGHTSELECTGROUP" destvar="LIGHT33"  posx="of:right:last"  posy= "of:top:last"    width="%14.3"  height="of:width:self" picturenormal="button square*" action="Setvar" actionpars='{"varname":"HUELIGHTNUM","varvalue":"33"}' fontsize="%h50"   caption="33" />
      <element name="Button Light 34"  type="SWITCH" group="LIGHTSELECTGROUP" destvar="LIGHT34"  posx="of:right:last"  posy= "of:top:last"    width="%14.3"  height="of:width:self" picturenormal="button square*" action="Setvar" actionpars='{"varname":"HUELIGHTNUM","varvalue":"34"}' fontsize="%h50"   caption="34" />
      <element name="Button Light 35"  type="SWITCH" group="LIGHTSELECTGROUP" destvar="LIGHT35"  posx="of:right:last"  posy= "of:top:last"    width="%14.3"  height="of:width:self" picturenormal="button square*" action="Setvar" actionpars='{"varname":"HUELIGHTNUM","varvalue":"35"}' fontsize="%h50"   caption="35" />
      <element name="Button Light 36"  type="SWITCH" group="LIGHTSELECTGROUP" destvar="LIGHT36"  posx="left"           posy= "of:bottom:last" width="%14.3"  height="of:width:self" picturenormal="button square*" action="Setvar" actionpars='{"varname":"HUELIGHTNUM","varvalue":"36"}' fontsize="%h50"   caption="36" />
      <element name="Button Light 37"  type="SWITCH" group="LIGHTSELECTGROUP" destvar="LIGHT37"  posx="of:right:last"  posy= "of:top:last"    width="%14.3"  height="of:width:self" picturenormal="button square*" action="Setvar" actionpars='{"varname":"HUELIGHTNUM","varvalue":"37"}' fontsize="%h50"   caption="37" />
      <element name="Button Light 38"  type="SWITCH" group="LIGHTSELECTGROUP" destvar="LIGHT38"  posx="of:right:last"  posy= "of:top:last"    width="%14.3"  height="of:width:self" picturenormal="button square*" action="Setvar" actionpars='{"varname":"HUELIGHTNUM","varvalue":"38"}' fontsize="%h50"   caption="38" />
      <element name="Button Light 39"  type="SWITCH" group="LIGHTSELECTGROUP" destvar="LIGHT39"  posx="of:right:last"  posy= "of:top:last"    width="%14.3"  height="of:width:self" picturenormal="button square*" action="Setvar" actionpars='{"varname":"HUELIGHTNUM","varvalue":"39"}' fontsize="%h50"   caption="39" />
      <element name="Button Light 40"  type="SWITCH" group="LIGHTSELECTGROUP" destvar="LIGHT40"  posx="of:right:last"  posy= "of:top:last"    width="%14.3"  height="of:width:self" picturenormal="button square*" action="Setvar" actionpars='{"varname":"HUELIGHTNUM","varvalue":"40"}' fontsize="%h50"   caption="40" />
      <element name="Button Light 41"  type="SWITCH" group="LIGHTSELECTGROUP" destvar="LIGHT41"  posx="of:right:last"  posy= "of:top:last"    width="%14.3"  height="of:width:self" picturenormal="button square*" action="Setvar" actionpars='{"varname":"HUELIGHTNUM","varvalue":"41"}' fontsize="%h50"   caption="41" />
      <element name="Button Light 42"  type="SWITCH" group="LIGHTSELECTGROUP" destvar="LIGHT42"  posx="of:right:last"  posy= "of:top:last"    width="%14.3"  height="of:width:self" picturenormal="button square*" action="Setvar" actionpars='{"varname":"HUELIGHTNUM","varvalue":"42"}' fontsize="%h50"   caption="42" />
      <element name="Button Group 01"  type="SWITCH" group="LIGHTSELECTGROUP" destvar="LIGHTG1"  posx="left"           posy= "of:bottom:last" width="%14.3"  height="of:width:self" picturenormal="button square*" action="Setvar" actionpars='{"varname":"HUELIGHTNUM","varvalue":"-1"}' fontsize="%h50"   caption="G1" />
      <element name="Button Group 02"  type="SWITCH" group="LIGHTSELECTGROUP" destvar="LIGHTG2"  posx="of:right:last"  posy= "of:top:last"    width="%14.3"  height="of:width:self" picturenormal="button square*" action="Setvar" actionpars='{"varname":"HUELIGHTNUM","varvalue":"-2"}' fontsize="%h50"   caption="G2" />
      <element name="Button Group 03"  type="SWITCH" group="LIGHTSELECTGROUP" destvar="LIGHTG3"  posx="of:right:last"  posy= "of:top:last"    width="%14.3"  height="of:width:self" picturenormal="button square*" action="Setvar" actionpars='{"varname":"HUELIGHTNUM","varvalue":"-3"}' fontsize="%h50"   caption="G3" />
      <element name="Button Group 04"  type="SWITCH" group="LIGHTSELECTGROUP" destvar="LIGHTG4"  posx="of:right:last"  posy= "of:top:last"    width="%14.3"  height="of:width:self" picturenormal="button square*" action="Setvar" actionpars='{"varname":"HUELIGHTNUM","varvalue":"-4"}' fontsize="%h50"   caption="G4" />
      <element name="Button Group 05"  type="SWITCH" group="LIGHTSELECTGROUP" destvar="LIGHTG4"  posx="of:right:last"  posy= "of:top:last"    width="%14.3"  height="of:width:self" picturenormal="button square*" action="Setvar" actionpars='{"varname":"HUELIGHTNUM","varvalue":"-5"}' fontsize="%h50"   caption="G5" />
      <element name="Button Group 06"  type="SWITCH" group="LIGHTSELECTGROUP" destvar="LIGHTG5"  posx="of:right:last"  posy= "of:top:last"    width="%14.3"  height="of:width:self" picturenormal="button square*" action="Setvar" actionpars='{"varname":"HUELIGHTNUM","varvalue":"-6"}' fontsize="%h50"   caption="G6" />
      <element name="Button Light all" type="SWITCH" group="LIGHTSELECTGROUP" destvar="LIGHTALL" posx="of:right:last"  posy= "of:top:last"    width="%14.3"  height="of:width:self" picturenormal="button square*" action="Setvar" actionpars='{"varname":"HUELIGHTNUM","varvalue":"0" }' fontsize="%h50"   caption="All" />
    </elements>
  </element>
</elements>
