<?xml version="1.0" encoding="UTF-8"?>
<elements>
    <element name='Picture BULB $dvar(philips_hue_dimmer_num) OFF' type='PICTURE' posx='center' posy='top' height='of:width:self:*1.4' picturenormal='bulb off' action='$dvar(definition_alias_philips_hue) Show ColorPicker' actionpars='{"LAMPNUM":"$dvar(philips_hue_dimmer_num)"}' />
    <element name='Picture BULB $dvar(philips_hue_dimmer_num) ON'  type='PICTURE' posx='center' posy='top' height='of:width:self:*1.4' picturenormal='bulb on' enabled='0' action='$dvar(definition_alias_philips_hue) Show ColorPicker' actionpars='{"LAMPNUM":"$dvar(philips_hue_dimmer_num)"}' />

    <element name='Anchor Dimmer $dvar(philips_hue_dimmer_num) outer' type='ANCHOR' width='%80' posx="center">
        <element name="Label $dvar(philips_hue_dimmer_num)" type="TEXTFIELD" posx="center" posy="bottom" width="%200" height="%5"  caption='$var($dvar(definition_alias_philips_hue)_CONTROL_NAME[$dvar(philips_hue_dimmer_num)])' htextalign='center' vtextalign='bottom' fontsize='%h70'/>
        <element name='Anchor Dimmer $dvar(philips_hue_dimmer_num) Gap1' type='ANCHOR' height='%2' posy='of:bottom:Picture BULB $dvar(philips_hue_dimmer_num) ON' />
        <element name='Button Power On $dvar(philips_hue_dimmer_num)'  type='BUTTON' posy='of:bottom:Anchor Dimmer $dvar(philips_hue_dimmer_num) Gap1' height='of:width:self' picturenormal='button square*' action='$dvar(definition_alias_philips_hue) Send Switch On Lamp'  actionpars='{"LAMPNUM":"$dvar(philips_hue_dimmer_num)"}' fontsize='%h60' textcolor='$var(green)' caption='icon:power_on' />
        <element name='Button Power Off $dvar(philips_hue_dimmer_num)' type='BUTTON' posy='of:totop:Label $dvar(philips_hue_dimmer_num)'               height='of:width:self' picturenormal='button square*' action='$dvar(definition_alias_philips_hue) Send Switch Off Lamp' actionpars='{"LAMPNUM":"$dvar(philips_hue_dimmer_num)"}' fontsize='%h60' textcolor='$var(red)'   caption='icon:power_off' />
        <element name='Anchor Dimmer $dvar(philips_hue_dimmer_num) Gap2' type='ANCHOR' height='%3' posy='of:bottom:Button Power On $dvar(philips_hue_dimmer_num)' />

        <element name='Anchor Dimmer $dvar(philips_hue_dimmer_num) Inner' type='ANCHOR' height='%46' posy='of:bottom:Anchor Dimmer $dvar(philips_hue_dimmer_num) Gap2' posx='center'>
            <element name="Slider Dimmer $dvar(philips_hue_dimmer_num)" type="SLIDER" posy="middle"  picturenormal="background boxes" picturebutton="button square normal" action="$dvar(definition_alias_philips_hue) Send Dim Lamp"  actionpars='{"LAMPNUM":"$dvar(philips_hue_dimmer_num)"}' mindatavalue="0" maxdatavalue="255" destvar="Dimmer$dvar(philips_hue_dimmer_num)"  roundpos="0" orientation="vertical" discardmoves="1"/>
        </element>
    </element>
</elements>
