<?xml version="1.0" encoding="UTF-8"?>
<includes  xmlns:xi="http://www.w3.org/2001/XInclude">

    <!--- KODI Function linked to pagestart / pagestop-->

    <action name="Set Trigger $dvar(definition_alias_mediaplayer_template)">
        <action name="Add Trigger on Volume changed" string="addtrigger" triggername ="Application.OnVolumeChanged" actionname="trigger_on_$dvar(definition_alias_mediaplayer_template)volume" getvar="codesetcode:On_Volume_Changed" interface="$var($dvar(definition_alias_mediaplayer_template)_INTERFACE_VOLUME)" configname="$var($dvar(definition_alias_mediaplayer_template)_CONFIGNAME_VOLUME)" />
        <action name="Add Trigger on OnPlay"         string="addtrigger" triggername ="Player.OnPlay"               actionname="trigger_on_$dvar(definition_alias_mediaplayer_template)onplay" getvar="codesetcode:Player_On_Play"    interface="$var($dvar(definition_alias_mediaplayer_template)_INTERFACE_MAIN)"   configname="$var($dvar(definition_alias_mediaplayer_template)_CONFIGNAME_MAIN)" />
    </action>

    <action name="Delete Trigger $dvar(definition_alias_mediaplayer_template)">
        <action name="Delete Trigger on Volume changed" string="deletetrigger" triggername ="Application.OnVolumeChanged" actionname="trigger_on_$dvar(definition_alias_mediaplayer_template)volume"  />
        <action name="Delete Trigger on OnPlay"         string="deletetrigger" triggername ="Player.OnPlay"               actionname="trigger_on_$dvar(definition_alias_mediaplayer_template)onplay"  />
    </action>

    <action name="trigger_on_$dvar(definition_alias_mediaplayer_template)volume">
        <!-- even if we got passed the new main volume, it is easier to ask kodi for the cureent volume using the default functions -->
        <action name="Get Volume" string="call FKT GetVolume_$dvar(definition_alias_mediaplayer_template)" />
    </action>

    <action name="trigger_on_$dvar(definition_alias_mediaplayer_template)onplay">
        <action name="Set the Id" string="setvar kodi_movieid=$var(kodi_id)" />
        <action name="Get the movie details" string="sendcommand getmoviedetails" interface="$var($dvar(definition_alias_mediaplayer_template)_INTERFACE_MAIN)" configname="$var($dvar(definition_alias_mediaplayer_template)_CONFIGNAME_MAIN)" />
    </action>


    <action name="Send Subtitles Toggle $dvar(definition_alias_mediaplayer_template)">
        <action name="Send Subtitles Off"  string="call Send Subtitles On"  condition="$var($dvar(definition_alias_mediaplayer_template)_SUBTITLESTATE)==0"/>
        <action name="Send Subtitles On"  string="call Send Subtitles Off"  condition="$var($dvar(definition_alias_mediaplayer_template)_SUBTITLESTATE)==1"/>
        <action name="Set the State Variable" string="modifyvar" varname="$dvar(definition_alias_mediaplayer_template)_SUBTITLESTATE"  operator="invert"/>
    </action>

    <action name="Send Show Movie Genre Favorites #1 $dvar(definition_alias_mediaplayer_template)" string="sendcommand showmoviesforgenre" commandparameter='{"genre":"$var($dvar(definition_alias_mediaplayer_template)moviefav1)"}' interface="$var($dvar(definition_alias_mediaplayer_template)_INTERFACE_MAIN)" configname="$var($dvar(definition_alias_mediaplayer_template)_CONFIGNAME_MAIN)" />
    <action name="Send Show Movie Genre Favorites #2 $dvar(definition_alias_mediaplayer_template)" string="sendcommand showmoviesforgenre" commandparameter='{"genre":"$var($dvar(definition_alias_mediaplayer_template)moviefav2)"}' interface="$var($dvar(definition_alias_mediaplayer_template)_INTERFACE_MAIN)" configname="$var($dvar(definition_alias_mediaplayer_template)_CONFIGNAME_MAIN)" />
    <action name="Send Show Movie Genre Favorites #3 $dvar(definition_alias_mediaplayer_template)" string="sendcommand showmoviesforgenre" commandparameter='{"genre":"$var($dvar(definition_alias_mediaplayer_template)moviefav3)"}' interface="$var($dvar(definition_alias_mediaplayer_template)_INTERFACE_MAIN)" configname="$var($dvar(definition_alias_mediaplayer_template)_CONFIGNAME_MAIN)" />

    <action name='ShowMovies $dvar(definition_alias_mediaplayer_template)'                    string="sendcommand showmovies"                      interface="$var($dvar(definition_alias_mediaplayer_template)_INTERFACE_MAIN)" configname="$var($dvar(definition_alias_mediaplayer_template)_CONFIGNAME_MAIN)" />
    <action name='ShowMovieGenres $dvar(definition_alias_mediaplayer_template)'               string="sendcommand showmoviegenres"                 interface="$var($dvar(definition_alias_mediaplayer_template)_INTERFACE_MAIN)" configname="$var($dvar(definition_alias_mediaplayer_template)_CONFIGNAME_MAIN)" />
    <action name='ShowMovieTitles $dvar(definition_alias_mediaplayer_template)'               string="sendcommand showmovietitles"                 interface="$var($dvar(definition_alias_mediaplayer_template)_INTERFACE_MAIN)" configname="$var($dvar(definition_alias_mediaplayer_template)_CONFIGNAME_MAIN)" />
    <action name='ShowMovieYears $dvar(definition_alias_mediaplayer_template)'                string="sendcommand showmovieyears"                  interface="$var($dvar(definition_alias_mediaplayer_template)_INTERFACE_MAIN)" configname="$var($dvar(definition_alias_mediaplayer_template)_CONFIGNAME_MAIN)" />
    <action name='ShowMovieActors $dvar(definition_alias_mediaplayer_template)'               string="sendcommand showmovieactors"                 interface="$var($dvar(definition_alias_mediaplayer_template)_INTERFACE_MAIN)" configname="$var($dvar(definition_alias_mediaplayer_template)_CONFIGNAME_MAIN)" />
    <action name='ShowMovieDirectors $dvar(definition_alias_mediaplayer_template)'            string="sendcommand showmoviedirectors"              interface="$var($dvar(definition_alias_mediaplayer_template)_INTERFACE_MAIN)" configname="$var($dvar(definition_alias_mediaplayer_template)_CONFIGNAME_MAIN)" />
    <action name='ShowMovieStudios $dvar(definition_alias_mediaplayer_template)'              string="sendcommand showmoviestudios"                interface="$var($dvar(definition_alias_mediaplayer_template)_INTERFACE_MAIN)" configname="$var($dvar(definition_alias_mediaplayer_template)_CONFIGNAME_MAIN)" />
    <action name='ShowMovieSets $dvar(definition_alias_mediaplayer_template)'                 string="sendcommand showmoviesets"                   interface="$var($dvar(definition_alias_mediaplayer_template)_INTERFACE_MAIN)" configname="$var($dvar(definition_alias_mediaplayer_template)_CONFIGNAME_MAIN)" />
    <action name='ShowMovieCountries $dvar(definition_alias_mediaplayer_template)'            string="sendcommand showmoviecountries"              interface="$var($dvar(definition_alias_mediaplayer_template)_INTERFACE_MAIN)" configname="$var($dvar(definition_alias_mediaplayer_template)_CONFIGNAME_MAIN)" />
    <action name='ShowMovieTags $dvar(definition_alias_mediaplayer_template)'                 string="sendcommand showmovietags"                   interface="$var($dvar(definition_alias_mediaplayer_template)_INTERFACE_MAIN)" configname="$var($dvar(definition_alias_mediaplayer_template)_CONFIGNAME_MAIN)" />
    <action name='ShowMovieRecentlyadded $dvar(definition_alias_mediaplayer_template)'        string="sendcommand showmovierecentlyadded"          interface="$var($dvar(definition_alias_mediaplayer_template)_INTERFACE_MAIN)" configname="$var($dvar(definition_alias_mediaplayer_template)_CONFIGNAME_MAIN)" />
    <action name='ShowMoviePlaylists $dvar(definition_alias_mediaplayer_template)'            string="sendcommand showmovieplaylists"              interface="$var($dvar(definition_alias_mediaplayer_template)_INTERFACE_MAIN)" configname="$var($dvar(definition_alias_mediaplayer_template)_CONFIGNAME_MAIN)" />
    <action name='ShowVideoAddons $dvar(definition_alias_mediaplayer_template)'               string="sendcommand showvideoaddons"                 interface="$var($dvar(definition_alias_mediaplayer_template)_INTERFACE_MAIN)" configname="$var($dvar(definition_alias_mediaplayer_template)_CONFIGNAME_MAIN)" />
    <action name='ShowTvshows $dvar(definition_alias_mediaplayer_template)'                   string="sendcommand showtvshows"                     interface="$var($dvar(definition_alias_mediaplayer_template)_INTERFACE_MAIN)" configname="$var($dvar(definition_alias_mediaplayer_template)_CONFIGNAME_MAIN)" />
    <action name='ShowTvshowGenres $dvar(definition_alias_mediaplayer_template)'              string="sendcommand showtvshowgenres"                interface="$var($dvar(definition_alias_mediaplayer_template)_INTERFACE_MAIN)" configname="$var($dvar(definition_alias_mediaplayer_template)_CONFIGNAME_MAIN)" />
    <action name='ShowTvshowTitles $dvar(definition_alias_mediaplayer_template)'              string="sendcommand showtvshowtitles"                interface="$var($dvar(definition_alias_mediaplayer_template)_INTERFACE_MAIN)" configname="$var($dvar(definition_alias_mediaplayer_template)_CONFIGNAME_MAIN)" />
    <action name='ShowTvshowYears $dvar(definition_alias_mediaplayer_template)'               string="sendcommand showtvshowyears"                 interface="$var($dvar(definition_alias_mediaplayer_template)_INTERFACE_MAIN)" configname="$var($dvar(definition_alias_mediaplayer_template)_CONFIGNAME_MAIN)" />
    <action name='ShowTvshowActors $dvar(definition_alias_mediaplayer_template)'              string="sendcommand showtvshowactors"                interface="$var($dvar(definition_alias_mediaplayer_template)_INTERFACE_MAIN)" configname="$var($dvar(definition_alias_mediaplayer_template)_CONFIGNAME_MAIN)" />
    <action name='ShowTvshowStudios $dvar(definition_alias_mediaplayer_template)'             string="sendcommand showtvshowstudios"               interface="$var($dvar(definition_alias_mediaplayer_template)_INTERFACE_MAIN)" configname="$var($dvar(definition_alias_mediaplayer_template)_CONFIGNAME_MAIN)" />
    <action name='ShowTvshowRecentlyadded $dvar(definition_alias_mediaplayer_template)'       string="sendcommand showtvshowrecentlyadded"         interface="$var($dvar(definition_alias_mediaplayer_template)_INTERFACE_MAIN)" configname="$var($dvar(definition_alias_mediaplayer_template)_CONFIGNAME_MAIN)" />
    <action name='ShowMusicVideos $dvar(definition_alias_mediaplayer_template)'               string="sendcommand showmusicvideos"                 interface="$var($dvar(definition_alias_mediaplayer_template)_INTERFACE_MAIN)" configname="$var($dvar(definition_alias_mediaplayer_template)_CONFIGNAME_MAIN)" />
    <action name='ShowMusicVideoGenres $dvar(definition_alias_mediaplayer_template)'          string="sendcommand showmusicvideogenres"            interface="$var($dvar(definition_alias_mediaplayer_template)_INTERFACE_MAIN)" configname="$var($dvar(definition_alias_mediaplayer_template)_CONFIGNAME_MAIN)" />
    <action name='ShowMusicVideoTitles $dvar(definition_alias_mediaplayer_template)'          string="sendcommand showmusicvideotitles"            interface="$var($dvar(definition_alias_mediaplayer_template)_INTERFACE_MAIN)" configname="$var($dvar(definition_alias_mediaplayer_template)_CONFIGNAME_MAIN)" />
    <action name='ShowMusicVideoYears $dvar(definition_alias_mediaplayer_template)'           string="sendcommand showmusicvideoyears"             interface="$var($dvar(definition_alias_mediaplayer_template)_INTERFACE_MAIN)" configname="$var($dvar(definition_alias_mediaplayer_template)_CONFIGNAME_MAIN)" />
    <action name='ShowMusicVideoAlbums $dvar(definition_alias_mediaplayer_template)'          string="sendcommand showmusicvideoalbums"            interface="$var($dvar(definition_alias_mediaplayer_template)_INTERFACE_MAIN)" configname="$var($dvar(definition_alias_mediaplayer_template)_CONFIGNAME_MAIN)" />
    <action name='ShowMusicVideoArtists $dvar(definition_alias_mediaplayer_template)'         string="sendcommand showmusicvideoartists"           interface="$var($dvar(definition_alias_mediaplayer_template)_INTERFACE_MAIN)" configname="$var($dvar(definition_alias_mediaplayer_template)_CONFIGNAME_MAIN)" />
    <action name='ShowMusicVideoDirectors $dvar(definition_alias_mediaplayer_template)'       string="sendcommand showmusicvideodirectors"         interface="$var($dvar(definition_alias_mediaplayer_template)_INTERFACE_MAIN)" configname="$var($dvar(definition_alias_mediaplayer_template)_CONFIGNAME_MAIN)" />
    <action name='ShowMusicVideoStudios $dvar(definition_alias_mediaplayer_template)'         string="sendcommand showmusicvideostudios"           interface="$var($dvar(definition_alias_mediaplayer_template)_INTERFACE_MAIN)" configname="$var($dvar(definition_alias_mediaplayer_template)_CONFIGNAME_MAIN)" />
    <action name='ShowMusicVideoRecentlyAdded $dvar(definition_alias_mediaplayer_template)'   string="sendcommand showmusicvideorecentlyadded"     interface="$var($dvar(definition_alias_mediaplayer_template)_INTERFACE_MAIN)" configname="$var($dvar(definition_alias_mediaplayer_template)_CONFIGNAME_MAIN)" />
    <action name='ShowMusic $dvar(definition_alias_mediaplayer_template)'                     string="sendcommand showmusic"                       interface="$var($dvar(definition_alias_mediaplayer_template)_INTERFACE_MAIN)" configname="$var($dvar(definition_alias_mediaplayer_template)_CONFIGNAME_MAIN)" />
    <action name='ShowMusicGenres $dvar(definition_alias_mediaplayer_template)'               string='sendcommand showmusicgenres'                 interface="$var($dvar(definition_alias_mediaplayer_template)_INTERFACE_MAIN)" configname="$var($dvar(definition_alias_mediaplayer_template)_CONFIGNAME_MAIN)" />
    <action name='ShowMusicArtists $dvar(definition_alias_mediaplayer_template)'              string='sendcommand showmusicartists'                interface="$var($dvar(definition_alias_mediaplayer_template)_INTERFACE_MAIN)" configname="$var($dvar(definition_alias_mediaplayer_template)_CONFIGNAME_MAIN)" />
    <action name='ShowMusicAlbums $dvar(definition_alias_mediaplayer_template)'               string='sendcommand showmusicalbums'                 interface="$var($dvar(definition_alias_mediaplayer_template)_INTERFACE_MAIN)" configname="$var($dvar(definition_alias_mediaplayer_template)_CONFIGNAME_MAIN)" />
    <action name='ShowMusicSongs $dvar(definition_alias_mediaplayer_template)'                string='sendcommand showmusicsongs'                  interface="$var($dvar(definition_alias_mediaplayer_template)_INTERFACE_MAIN)" configname="$var($dvar(definition_alias_mediaplayer_template)_CONFIGNAME_MAIN)" />
    <action name='ShowMusicTop100 $dvar(definition_alias_mediaplayer_template)'               string='sendcommand showmusictop100'                 interface="$var($dvar(definition_alias_mediaplayer_template)_INTERFACE_MAIN)" configname="$var($dvar(definition_alias_mediaplayer_template)_CONFIGNAME_MAIN)" />
    <action name='ShowMusicTop100Songs $dvar(definition_alias_mediaplayer_template)'          string='sendcommand showmusictop100songs'            interface="$var($dvar(definition_alias_mediaplayer_template)_INTERFACE_MAIN)" configname="$var($dvar(definition_alias_mediaplayer_template)_CONFIGNAME_MAIN)" />
    <action name='ShowMusicTop100Albums $dvar(definition_alias_mediaplayer_template)'         string='sendcommand showmusictop100albums'           interface="$var($dvar(definition_alias_mediaplayer_template)_INTERFACE_MAIN)" configname="$var($dvar(definition_alias_mediaplayer_template)_CONFIGNAME_MAIN)" />
    <action name='ShowMusicRecentlyAddedAlbums $dvar(definition_alias_mediaplayer_template)'  string='sendcommand showmusicrecentlyaddedalbums'    interface="$var($dvar(definition_alias_mediaplayer_template)_INTERFACE_MAIN)" configname="$var($dvar(definition_alias_mediaplayer_template)_CONFIGNAME_MAIN)" />
    <action name='ShowMusicRecentlyPlayedAlbums $dvar(definition_alias_mediaplayer_template)' string='sendcommand showmusicrecentlyplayedalbums'   interface="$var($dvar(definition_alias_mediaplayer_template)_INTERFACE_MAIN)" configname="$var($dvar(definition_alias_mediaplayer_template)_CONFIGNAME_MAIN)" />
    <action name='ShowMusicCompilations $dvar(definition_alias_mediaplayer_template)'         string='sendcommand showmusiccompilations'           interface="$var($dvar(definition_alias_mediaplayer_template)_INTERFACE_MAIN)" configname="$var($dvar(definition_alias_mediaplayer_template)_CONFIGNAME_MAIN)" />
    <action name='ShowMusicYears $dvar(definition_alias_mediaplayer_template)'                string='sendcommand showmusicyear'                   interface="$var($dvar(definition_alias_mediaplayer_template)_INTERFACE_MAIN)" configname="$var($dvar(definition_alias_mediaplayer_template)_CONFIGNAME_MAIN)" />
    <action name='ShowMusicSingles $dvar(definition_alias_mediaplayer_template)'              string='sendcommand showmusicsingles'                interface="$var($dvar(definition_alias_mediaplayer_template)_INTERFACE_MAIN)" configname="$var($dvar(definition_alias_mediaplayer_template)_CONFIGNAME_MAIN)" />
    <action name='ShowMusicPlaylists $dvar(definition_alias_mediaplayer_template)'            string='sendcommand showmusicplaylists'              interface="$var($dvar(definition_alias_mediaplayer_template)_INTERFACE_MAIN)" configname="$var($dvar(definition_alias_mediaplayer_template)_CONFIGNAME_MAIN)" />
    <action name='ShowMusicAddons $dvar(definition_alias_mediaplayer_template)'               string='sendcommand showmusicaddons'                 interface="$var($dvar(definition_alias_mediaplayer_template)_INTERFACE_MAIN)" configname="$var($dvar(definition_alias_mediaplayer_template)_CONFIGNAME_MAIN)" />

</includes>

