<?xml version='1.0' encoding='UTF-8'?>
<!-- Translates Orca Actions to Interface Commands action = Orca Action String -->
<includes  xmlns:xi="http://www.w3.org/2001/XInclude">

  <repositorymanager>
    <entry>
      <name>Android adb Fire TV</name>
      <description language='English'>Fire TV commandset for Android by adb</description>
      <description language='German'>Fire TV Kommandos für Android über adb</description>
      <author>Carsten Thielepape</author>
      <version>5.0.2</version>
      <minorcaversion>5.0.2</minorcaversion>
      <sources>
        <source>
          <local>$var(APPLICATIONPATH)/codesets/android_adb/CODESET_android_adb_FIRETV.xml</local>
          <sourcefile>$var(REPOSITORYWWWPATH)/codesets/CODESET_android_adb_FIRETV.zip</sourcefile>
          <targetpath>codesets/android_adb</targetpath>
        </source>
      </sources>
      <dependencies>
        <dependency>
          <type>codesets</type>
          <name>Android adb Default</name>
        </dependency>
      </dependencies>
    </entry>
  </repositorymanager>

<!--

WikiDoc:Doc
WikiDoc:Context:Codesets
WikiDoc:Page:Userdescription codeset Android_adb_FIRETV
WikiDoc:TOCTitle:android_adb_FIRETV

= Android FireTV =

This codeset defines some commands, which are on Amazons FireTV different to the Android standard
WikiDoc:End


 -->
   <xi:include href="$var(CODESETPATH)/android_adb/CODESET_android_adb_DEFAULT.xml" parse="xml" />

 <!-- Different codes on FireTV -->
  <action string="codeset" name='skip_forward' waitforresponse='0' cmd='Shell'  params="input keyevent 90" />
  <action string="codeset" name='skip_back' waitforresponse='0' cmd='Shell'  params="input keyevent 89" />
  <action string="codeset" name='fast_forward' waitforresponse='0' cmd='Shell'  params="sendevent /dev/input/event5 4 4 786611;sendevent /dev/input/event5 1 208 1;sendevent /dev/input/event5 0 0 0;sleep 1s;sendevent /dev/input/event5 4 4 786611;sendevent /dev/input/event5 1 208 0;sendevent /dev/input/event5 0 0 0" />
  <action string="codeset" name='fast_rewind' waitforresponse='0' cmd='Shell'   params="sendevent /dev/input/event5 4 4 786612;sendevent /dev/input/event5 1 168 1;sendevent /dev/input/event5 0 0 0;sleep 1s;sendevent /dev/input/event5 4 4 786612;sendevent /dev/input/event5 1 168 0;sendevent /dev/input/event5 0 0 0" />

  <!-- FireTV only supports play/pause toggle-->
  <action name='pause' waitforresponse='0' type="alias"  cmd='pause_toggle' />
  <action name='play' waitforresponse='0' type="alias"  cmd='pause_toggle' />
  <action name='stop' waitforresponse='0' type="alias"  cmd='exit' />
  <action name='esc' waitforresponse='0' type="alias"  cmd='exit' />

  <!-- FireTV does not support direct powerdown-->
  <action name='power_on'         type="alias"  cmd='power_toggle'  />
  <action name='power_off'        type="alias"  cmd='power_toggle'  />

</includes>
