<?xml version="1.0" encoding="UTF-8"?>
<page name='Page_ITach2Keene'>
  <page_parameter>
    <popup>0</popup>
  </page_parameter>
  <elements>
    <element name='Background Dimmed' type='BACKGROUND' backgroundcolor='$var(dimmed)' />
    <element name="Button Back" type="BUTTON" posx="right" posy="top" width="%4" height="of:width:self" picturenormal="button wide*" action="gotosettingspage" fontsize='%40' caption="icon:close_window" />
    <element name='ITACH2KEENE'   type='ITACH2KEENE' posx="center" posy="middle" width="%90" height="%90"  backgroundcolor='#454545ff' />
  </elements>
</page>

