<?xml version="1.0" encoding="utf-8"?>
<orca>
  <repositorymanager>
    <entry>
      <name>Panasonic TV Models IR</name>
      <description language='English'>IR Remote Control for Panasonic TVs (for mediaplayer template)</description>
      <description language='German'>IR Fernbedienung für Panasonic TVs (Für Mediaplayer Template)</description>
      <author>Carsten Thielepape</author>
      <version>5.0.2</version>
      <minorcaversion>5.0.2</minorcaversion>
      <sources>
        <source>
          <local>$var(APPLICATIONPATH)/wizard templates/mediaplayer wizard/panasonic TV IR</local>
          <sourcefile>$var(REPOSITORYWWWPATH)/wizard templates/panasonic TV IR.zip</sourcefile>
          <targetpath>wizard templates/mediaplayer wizard</targetpath>
        </source>
      </sources>
      <dependencies>
        <dependency>
          <type>codesets</type>
          <name>PANASONIC TV N2QAYB000181 IR</name>
        </dependency>
          <dependency>
          <type>definitions</type>
          <name>Mediaplayer Wizard</name>
        </dependency>
      </dependencies>
    </entry>
  </repositorymanager>
</orca>
