<?xml version="1.0" encoding="UTF-8"?>
<elements>
  <element name="Frame" type="PICTURE" posx="left" posy="top"  picturenormal="background boxes" />
  <element name="Anchor Input Device Buttons" type="ANCHOR" posx="center" posy="middle" width="%90" height="%95">
    <elements>
      <element name="Button App[1]"  type="BUTTON" posx="left"  posy="top"             width="%50"    height="%14.3" picturenormal="button wide*" action="Start APP By Index $dvar(definition_alias_appfavorites_template)" actionlongtap="Stop APP By Index $dvar(definition_alias_appfavorites_template)" actiondoubletap="Stop Start APP By Index $dvar(definition_alias_appfavorites_template)"    caption="$var($dvar(definition_alias_appfavorites_template)_appname[1])"  actionpars='{"INDEX":"1", "APPINTERFACE":"","APPCONFIGNAME":""}'/>
      <element name="Button App[2]"  type="BUTTON" posx="right" posy="top"             width="%50"    height="%14.3" picturenormal="button wide*" action="Start APP By Index $dvar(definition_alias_appfavorites_template)" actionlongtap="Stop APP By Index $dvar(definition_alias_appfavorites_template)" actiondoubletap="Stop Start APP By Index $dvar(definition_alias_appfavorites_template)"    caption="$var($dvar(definition_alias_appfavorites_template)_appname[2])"  actionpars='{"INDEX":"2", "APPINTERFACE":"","APPCONFIGNAME":""}'/>
      <element name="Button App[3]"  type="BUTTON" posx="left"  posy="of:bottom:last"  width="%50"    height="%14.3" picturenormal="button wide*" action="Start APP By Index $dvar(definition_alias_appfavorites_template)" actionlongtap="Stop APP By Index $dvar(definition_alias_appfavorites_template)" actiondoubletap="Stop Start APP By Index $dvar(definition_alias_appfavorites_template)"    caption="$var($dvar(definition_alias_appfavorites_template)_appname[3])"  actionpars='{"INDEX":"3", "APPINTERFACE":"","APPCONFIGNAME":""}'/>
      <element name="Button App[4]"  type="BUTTON" posx="right" posy="of:top:last"     width="%50"    height="%14.3" picturenormal="button wide*" action="Start APP By Index $dvar(definition_alias_appfavorites_template)" actionlongtap="Stop APP By Index $dvar(definition_alias_appfavorites_template)" actiondoubletap="Stop Start APP By Index $dvar(definition_alias_appfavorites_template)"    caption="$var($dvar(definition_alias_appfavorites_template)_appname[4])"  actionpars='{"INDEX":"4", "APPINTERFACE":"","APPCONFIGNAME":""}'/>
      <element name="Button App[5]"  type="BUTTON" posx="left"  posy="of:bottom:last"  width="%50"    height="%14.3" picturenormal="button wide*" action="Start APP By Index $dvar(definition_alias_appfavorites_template)" actionlongtap="Stop APP By Index $dvar(definition_alias_appfavorites_template)" actiondoubletap="Stop Start APP By Index $dvar(definition_alias_appfavorites_template)"    caption="$var($dvar(definition_alias_appfavorites_template)_appname[5])"  actionpars='{"INDEX":"5", "APPINTERFACE":"","APPCONFIGNAME":""}'/>
      <element name="Button App[6]"  type="BUTTON" posx="right" posy="of:top:last"     width="%50"    height="%14.3" picturenormal="button wide*" action="Start APP By Index $dvar(definition_alias_appfavorites_template)" actionlongtap="Stop APP By Index $dvar(definition_alias_appfavorites_template)" actiondoubletap="Stop Start APP By Index $dvar(definition_alias_appfavorites_template)"    caption="$var($dvar(definition_alias_appfavorites_template)_appname[6])"  actionpars='{"INDEX":"6", "APPINTERFACE":"","APPCONFIGNAME":""}'/>
      <element name="Button App[7]"  type="BUTTON" posx="left"  posy="of:bottom:last"  width="%50"    height="%14.3" picturenormal="button wide*" action="Start APP By Index $dvar(definition_alias_appfavorites_template)" actionlongtap="Stop APP By Index $dvar(definition_alias_appfavorites_template)" actiondoubletap="Stop Start APP By Index $dvar(definition_alias_appfavorites_template)"    caption="$var($dvar(definition_alias_appfavorites_template)_appname[7])"  actionpars='{"INDEX":"7", "APPINTERFACE":"","APPCONFIGNAME":""}'/>
      <element name="Button App[8]"  type="BUTTON" posx="right" posy="of:top:last"     width="%50"    height="%14.3" picturenormal="button wide*" action="Start APP By Index $dvar(definition_alias_appfavorites_template)" actionlongtap="Stop APP By Index $dvar(definition_alias_appfavorites_template)" actiondoubletap="Stop Start APP By Index $dvar(definition_alias_appfavorites_template)"    caption="$var($dvar(definition_alias_appfavorites_template)_appname[8])"  actionpars='{"INDEX":"8", "APPINTERFACE":"","APPCONFIGNAME":""}'/>
      <element name="Button App[9]"  type="BUTTON" posx="left"  posy="of:bottom:last"  width="%50"    height="%14.3" picturenormal="button wide*" action="Start APP By Index $dvar(definition_alias_appfavorites_template)" actionlongtap="Stop APP By Index $dvar(definition_alias_appfavorites_template)" actiondoubletap="Stop Start APP By Index $dvar(definition_alias_appfavorites_template)"    caption="$var($dvar(definition_alias_appfavorites_template)_appname[9])"  actionpars='{"INDEX":"9", "APPINTERFACE":"","APPCONFIGNAME":""}'/>
      <element name="Button App[10]" type="BUTTON" posx="right" posy="of:top:last"     width="%50"    height="%14.3" picturenormal="button wide*" action="Start APP By Index $dvar(definition_alias_appfavorites_template)" actionlongtap="Stop APP By Index $dvar(definition_alias_appfavorites_template)" actiondoubletap="Stop Start APP By Index $dvar(definition_alias_appfavorites_template)"    caption="$var($dvar(definition_alias_appfavorites_template)_appname[10])" actionpars='{"INDEX":"10","APPINTERFACE":"","APPCONFIGNAME":""}'/>>
      <element name="Button App[11]" type="BUTTON" posx="left"  posy="of:bottom:last"  width="%50"    height="%14.3" picturenormal="button wide*" action="Start APP By Index $dvar(definition_alias_appfavorites_template)" actionlongtap="Stop APP By Index $dvar(definition_alias_appfavorites_template)" actiondoubletap="Stop Start APP By Index $dvar(definition_alias_appfavorites_template)"    caption="$var($dvar(definition_alias_appfavorites_template)_appname[11])" actionpars='{"INDEX":"11","APPINTERFACE":"","APPCONFIGNAME":""}'/>>
      <element name="Button App[12]" type="BUTTON" posx="right" posy="of:top:last"     width="%50"    height="%14.3" picturenormal="button wide*" action="Start APP By Index $dvar(definition_alias_appfavorites_template)" actionlongtap="Stop APP By Index $dvar(definition_alias_appfavorites_template)" actiondoubletap="Stop Start APP By Index $dvar(definition_alias_appfavorites_template)"    caption="$var($dvar(definition_alias_appfavorites_template)_appname[12])" actionpars='{"INDEX":"12","APPINTERFACE":"","APPCONFIGNAME":""}'/>>
      <element name="Button App[13]" type="BUTTON" posx="left"  posy="of:bottom:last"  width="%50"    height="%14.3" picturenormal="button wide*" action="Start APP By Index $dvar(definition_alias_appfavorites_template)" actionlongtap="Stop APP By Index $dvar(definition_alias_appfavorites_template)" actiondoubletap="Stop Start APP By Index $dvar(definition_alias_appfavorites_template)"    caption="$var($dvar(definition_alias_appfavorites_template)_appname[13])" actionpars='{"INDEX":"13","APPINTERFACE":"","APPCONFIGNAME":""}'/>>
      <element name="Button App[14]" type="BUTTON" posx="right" posy="bottom"          width="%50"    height="%14.3" picturenormal="button wide*" action="Start APP By Index $dvar(definition_alias_appfavorites_template)" actionlongtap="Stop APP By Index $dvar(definition_alias_appfavorites_template)" actiondoubletap="Stop Start APP By Index $dvar(definition_alias_appfavorites_template)"    caption="$var($dvar(definition_alias_appfavorites_template)_appname[14])" actionpars='{"INDEX":"14","APPINTERFACE":"","APPCONFIGNAME":""}'/>>
    </elements>
  </element>
</elements>
