<?xml version="1.0" encoding="UTF-8"?>
<page name="Page_Sound">
  <page_parameter>
    <!-- Interface and Config in this section are the default for all elements where these parameters have not been assigned to an ACTION -->
  </page_parameter>
  <elements xmlns:xi="http://www.w3.org/2001/XInclude">
    <element name="Background Main Screen" type="BACKGROUND" picturenormal="background">
      <xi:include href="$var(STANDARDELEMENTSPATH)/block_topline.xml" parse="xml" condition="$var(DEFINITIONNAME)==showcase"/>
    </element>
    <element name="Button Back" type="BUTTON" posx="left" posy="top" width="of:width:Button QuitApp" height1="%7" height="of:height:Button QuitApp" picturenormal='transparentpic' picturepressed="button wide pressed"  action="Show Page" actionpars='{"pagename":"Page_Main"}' fontsize='%h40'  caption="$lvar(showcase_10202)" />

    <element name='Anchor Standard Sounds'  type='ANCHOR'     posx='%5' posy='middle' width='%40' height='%80'>
        <element name="Label Standard"      type="TEXTFIELD"  posx="center" posy="top"              height="%7" caption="Standard Sounds"   vtextalign='top' htextalign='center' fontsize='%h70'  />
        <element name="Button Startup"      type="BUTTON"     posx="center" posy="of:bottom:last"   height="%10"            picturenormal='button square*' action="playsound" actionpars='{"soundname":"startup","volume":"$var(VOLUME)"}'      fontsize='%h40'  caption="Startup" />
        <element name="Button Shutdown"     type="BUTTON"     posx="center" posy="of:bottom:last"   height="of:height:last" picturenormal='button square*' action="playsound" actionpars='{"soundname":"shutdown","volume":"$var(VOLUME)"}'     fontsize='%h40'  caption="Shutdown" />
        <element name="Button Error"        type="BUTTON"     posx="center" posy="of:bottom:last"   height="of:height:last" picturenormal='button square*' action="playsound" actionpars='{"soundname":"error","volume":"$var(VOLUME)"}'        fontsize='%h40'  caption="Error" />
        <element name="Button Message"      type="BUTTON"     posx="center" posy="of:bottom:last"   height="of:height:last" picturenormal='button square*' action="playsound" actionpars='{"soundname":"message","volume":"$var(VOLUME)"}'      fontsize='%h40'  caption="Message" />
        <element name="Button Question"     type="BUTTON"     posx="center" posy="of:bottom:last"   height="of:height:last" picturenormal='button square*' action="playsound" actionpars='{"soundname":"question","volume":"$var(VOLUME)"}'     fontsize='%h40'  caption="Question" />
        <element name="Button Notification" type="BUTTON"     posx="center" posy="of:bottom:last"   height="of:height:last" picturenormal='button square*' action="playsound" actionpars='{"soundname":"notification","volume":"$var(VOLUME)"}' fontsize='%h40'  caption="Notification" />
        <element name="Button Ring"         type="BUTTON"     posx="center" posy="of:bottom:last"   height="of:height:last" picturenormal='button square*' action="playsound" actionpars='{"soundname":"ring","volume":"$var(VOLUME)"}'         fontsize='%h40'  caption="Ring" />
        <element name="Button Success"      type="BUTTON"     posx="center" posy="of:bottom:last"   height="of:height:last" picturenormal='button square*' action="playsound" actionpars='{"soundname":"success","volume":"$var(VOLUME)"}'      fontsize='%h40'  caption="Success" />
      </element>


    <element name='Anchor Standard Sounds'  type='ANCHOR'     posx='%95'    posy='middle' width='%40' height='%80'>
        <element name="Label custom"        type="TEXTFIELD"  posx="center" posy="top"              height="%7" caption="Custom Sounds"   vtextalign='top' htextalign='center' fontsize='%h70'  />
        <element name="Button WAV"          type="BUTTON"     posx="center" posy="of:bottom:last"   height="%10" picturenormal='button square*' action="playsound" actionpars='{"soundname":"$var(DEFINITIONPATH)/sounds/alien.wav","volume":"$var(VOLUME)"}' fontsize='%h40'  caption="WAV" />
        <element name="Button MP3"          type="BUTTON"     posx="center" posy="of:bottom:last"   height="%10" picturenormal='button square*' action="playsound" actionpars='{"soundname":"$var(DEFINITIONPATH)/sounds/dead.mp3","volume":"$var(VOLUME)"}' fontsize='%h40'  caption="MP3" />
    </element>

     <element name='Anchor Slider Volume' type='ANCHOR' posx='center' posy='%98' width='%80' height='%20'>
          <element name="Volume Label"                type="TEXTFIELD"  posx="center" posy="top"  width="%90" height="%30" caption="Volume"   vtextalign='top' htextalign='center' fontsize='%h70'  />
          <element name="Slider Volume"               type="SLIDER"     posx="center" posy="middle"  width="%90" height="%40" picturenormal="background boxes" picturebutton="button round normal" mindatavalue="0" maxdatavalue="100" destvar="VOLUME"  roundpos="0" orientation="horizontal"/>
          <element name="Volume Textvalue"            type="TEXTFIELD"  posx="center" posy="of:bottom:last"  width="%90" height="%30" caption="$var(VOLUME)"   vtextalign='top' htextalign='center' fontsize='%h70'  />
      </element>


  </elements>
</page>
