<?xml version="1.0" encoding="UTF-8"?>
<page name="Page_Main">
  <page_parameter>
    <!-- Interface and Config in this section are the default for all elements where these parameters have not been assigned to an ACTION -->
  </page_parameter>
  <elements xmlns:xi="http://www.w3.org/2001/XInclude">
    <element name="Background Main Screen" type="BACKGROUND" picturenormal="background">
      <xi:include href="$var(STANDARDELEMENTSPATH)/block_topline.xml" parse="xml" condition="$var(DEFINITIONNAME)==showcase"/>
    </element>
    <element name="Textblock Welcome" type="TEXTFIELD" posx="%10" posy="%20" width="%47" height="%35" fontsize='%h13'  caption='$lvar(showcase_10000)' vtextalign='top' htextalign='left' />
    <element name="Picture Orca" type="PICTURE" posx="left" posy="bottom" width="%40" height="of:width:self:*0.5" picturenormal="logo" />
    <element name='Anchor Buttons' type='ANCHOR' posx='%95' posy='%55' width='%31' height='%85'>
      <xi:include href="$var(DEFINITIONPATHSKINELEMENTS)/block_buttons_main_menu.xml" parse="xml" />
    </element>
  </elements>
</page>
