<?xml version="1.0" encoding="UTF-8"?>
<page name="Page_Pictures">
  <page_parameter>
    <!-- Interface and Config in this section are the default for all elements where these parameters have not been assigned to an ACTION -->
  </page_parameter>
  <elements xmlns:xi="http://www.w3.org/2001/XInclude">
    <element name="Background Main Screen" type="BACKGROUND" backgroundcolor='#AA00FFFF'>
      <xi:include href="$var(STANDARDELEMENTSPATH)/block_topline.xml" parse="xml" condition="$var(DEFINITIONNAME)==showcase"/>
    </element>
    <element name="Button Back" type="BUTTON" posx="left" posy="top" width="of:width:Button QuitApp" height1="%7" height="of:height:Button QuitApp" picturenormal='transparentpic' picturepressed="button wide pressed"  action="Show Page" actionpars='{"pagename":"Page_Main"}' fontsize='%h40'  caption="$lvar(showcase_10202)" />

    <element name="Picture Orca 1" type="PICTURE" posx="left"  posy="bottom" width="%40" height="of:width:self:*0.6" picturenormal="logo" action="ShowMessage_Singletap" actiondoubletap="ShowMessage_Doubletap" />
    <element name="Picture Orca 2" type="PICTURE" posx="%50"  posy="bottom" width="%13" height="of:width:self:*0.6" picturenormal="logo" action="ShowMessage_Singletap" actiondoubletap="ShowMessage_Doubletap"  />
    <element name="Picture Orca 3" type="PICTURE" posx="%90" posy="bottom" width="%29" height="of:width:self:*0.26" picturenormal="logo" action="ShowMessage_Singletap" actiondoubletap="ShowMessage_Doubletap" />

    <element name="Picture Lion 1" type="PICTURE" posx="left" posy="%10" width="%31" height="of:width:self" picturenormal="$var(DEFINITIONPATH)/pics/Lion.png" />
    <element name="Picture Lion 2" type="PICTURE" posx="%40" posy="%10"  width="%13" height="of:width:self" picturenormal="$var(DEFINITIONPATH)/pics/Lion.png" />
    <element name="Picture Lion 3" type="PICTURE" posx="%85" posy="%10"  width="%29" height="of:width:self:*0.26" picturenormal="$var(DEFINITIONPATH)/pics/Lion.png" />

    <element name="Rectangle 1" type="RECTANGLE" posx="%70" posy="%10" width="%8" height="of:width:self:*1.2"  backgroundcolor='#00FF0040' />
    <element name="Rectangle 2" type="RECTANGLE" posx="%75" posy="%15" width="%8" height="of:width:self:*1.2"  backgroundcolor='#0000FF40' />
    <element name="Rectangle 3" type="RECTANGLE" posx="%80" posy="%20" width="%8" height="of:width:self:*1.2"  backgroundcolor='#FF00FF40' />

    <element name="Rectangle 4" type="RECTANGLE" posx="%70" posy="%35" width="%8" height="of:width:self:*0.83"  backgroundcolor='#00FF00FF' />
    <element name="Rectangle 5" type="RECTANGLE" posx="%75" posy="%40" width="%8" height="of:width:self"  backgroundcolor='#0000FFFF' />
    <element name="Rectangle 6" type="RECTANGLE" posx="%80" posy="%45" width="%8" height="of:width:self:*1.2"  backgroundcolor='#FF00FFFF' />

    <element name="Circle 1" type="CIRCLE" posx="%70" posy="%50" width="%8" height="of:width:self:*0.83"  backgroundcolor='#FFFF0040' />
    <element name="Circle 2" type="CIRCLE" posx="%75" posy="%55" width="%8" height="of:width:self"  backgroundcolor='#00000080' />
    <element name="Circle 3" type="CIRCLE" posx="%80" posy="%65" width="%8" height="of:width:self:*1.2" backgroundcolor='#FFFFFFFF' startangle='45' stopangle='120' picturenormal="button round normal"/>
    <element name="Circle 4" type="CIRCLE" posx="%90" posy="%70" width="%8" height="of:width:self:*1.2" backgroundcolor='#FFFFFFFF' startangle='-135' stopangle='$var(CIRCLE4ENDANGLE)' picturenormal="button round normal"/>

    <element name="SliderHor"  type="SLIDER"     posx="%90" posy="of:bottom:last"  width="%16" height="of:width:self:*0.25" picturenormal="background boxes" picturebutton="button round normal"  mindatavalue="-130" maxdatavalue="220" destvar="CIRCLE4ENDANGLE"  roundpos="1" orientation="horizontal" action="Update Circle 4 Angle"/>

    <element name="Border 1" type="BORDER" posx="%40" posy="%45" width="%8" height="of:width:self:*0.83"  backgroundcolor='#00FF00FF' linewidth="5" />
    <element name="Border 2" type="BORDER" posx="%45" posy="%50" width="%8" height="of:width:self"  backgroundcolor='#0000FFFF' linewidth="1"/>
    <element name="Border 3" type="BORDER" posx="%50" posy="%55" width="%8" height="of:width:self:*1.2"  backgroundcolor='#FF00FFFF' linewidth="of:width:self:*0.01"/>
    <element name="Border 4" type="BORDER" posx="%45" posy="%60" width="%8" height="of:width:self"  linewidth="d3" />

  </elements>
</page>
