<?xml version="1.0" encoding="UTF-8"?>
<page name='Page_Device_$dvar(definition_alias_mediaplayer_template)'>
  <page_parameter>
    <!-- Interface and Config in this section are the default for all elements where these parameters have not been assigned to an ACTION -->
    <interface>$var($dvar(definition_alias_mediaplayer_template)_INTERFACE_MAIN)</interface>
    <configname>$var($dvar(definition_alias_mediaplayer_template)_CONFIGNAME_MAIN)</configname>
  </page_parameter>
  <elements xmlns:xi="http://www.w3.org/2001/XInclude">
    <element name='Background Main Screen' type='BACKGROUND' picturenormal='background' />
    <element name='Anchor BottomGap' type='ANCHOR' posx='left' posy='bottom' width='%100'  height='%1' />

    <element name='Anchor Left Buttons' type='ANCHOR' posx='%2' posy='of:totop:Anchor BottomGap' width='%38'  height='%88' >
        <element name='Anchor Play Buttons' type='ANCHOR' posy='bottom'  height='of:width:self:*0.4' >
            <xi:include href="$var(STANDARDELEMENTSPATH)/block_buttons_playpausestoprecord.xml" parse="xml" condition="$var($dvar(definition_alias_mediaplayer_template)_MEDIABAR_TYPE)==SMALL" />
        </element>
        <element name='Anchor Play Buttons' type='ANCHOR' posy='bottom'  height='of:width:self:*0.4' >
            <xi:include href="$var(STANDARDELEMENTSPATH)/block_buttons_playpausestoprecordshuffle.xml" parse="xml" condition="$var($dvar(definition_alias_mediaplayer_template)_MEDIABAR_TYPE)==EXTENDED 1" />
        </element>
        <element name='Anchor Play Buttons' type='ANCHOR' posy='bottom'  height='of:width:self:*0.4' >
            <xi:include href="$var(STANDARDELEMENTSPATH)/block_buttons_playpausestoprecordshuffle.xml" parse="xml" condition="$var($dvar(definition_alias_mediaplayer_template)_MEDIABAR_TYPE)==EXTENDED 2" />
        </element>
        <element name='Anchor NumberPad' type='ANCHOR' posx='center' width='%55' height='of:width:self:*1.33' posy='top'>
          <xi:include href="$var(DEFINITIONPATHSKINELEMENTS)/block_numberpad.xml" parse="xml" condition="$var($dvar(definition_alias_mediaplayer_template)_SHOWNUMBERPAD)==1"/>
      </element>
      <element name='Anchor Gap Numberpad' type='ANCHOR' posx='left' posy='of:bottom:Anchor NumberPad'  height='%1'  />
      <element name='Button Show More' type='BUTTON' posx='left' posy='of:bottom:Anchor Gap Numberpad'  height='of:width:self:*0.2' picturenormal='button wide*' action='Show Page' actionpars='{"pagename":"Page_Device_$dvar(definition_alias_mediaplayer_template)_Button_Popup"}'  fontsize='%h30' caption='$lvar(1092)' />
    </element>

    <element name='Anchor Media section' type='ANCHOR' posx='%65' posy='of:totop:Anchor BottomGap' width='%33' height='%85'>
      <element name='Button Mute' type='BUTTON' posx='left' posy='top' width='%20' height='of:width:self' picturenormal='button round*' action='Send Mute Toggle' fontsize='%h30' iconfontsize='%h50' caption='icon:volume_mute' />
      <element name='Main Volume Textvalue' type='TEXTFIELD' posx='right' posy='top' height='of:height:Button Mute' width='of:width:Button Mute:*2' htextalign='right' fontsize='%h40'  caption='$var($dvar(definition_alias_mediaplayer_template)_mainvolume)' />
      <element name='Anchor Media Circle' type='ANCHOR' posx='center' posy='%18' height='of:width:self'>
        <xi:include href="$var(STANDARDELEMENTSPATH)/block_mediacircle.xml" parse="xml" />
      </element>
      <element name='Anchor Gap Media Circle' type='ANCHOR' posx='center' posy='of:bottom:Anchor Media Circle' height='%-2'/>
      <xi:include href="$var(DEFINITIONPATHSKINELEMENTS)/block_buttons_channels_v1.xml" parse="xml" condition="$var($dvar(definition_alias_mediaplayer_template)_SHOWCHANNELUPDOWN)==1"/>
      <element name='Anchor Menu Buttons' type='ANCHOR' posx='center' posy='bottom' width='%90' height='of:width:self:*0.25'>
        <xi:include href="$var(DEFINITIONPATHSKINELEMENTS)/block_buttons_menu_tv.xml" parse="xml" />
      </element>
    </element>
    <element name='Anchor Volume Button' type='ANCHOR' posx='%87' posy='of:top:Anchor Media section' width='of:width:Button Mute' height='%71' interface='$var($dvar(definition_alias_mediaplayer_template)_INTERFACE_VOLUME)' configname='$var($dvar(definition_alias_mediaplayer_template)_CONFIGNAME_VOLUME)'>
        <xi:include href="$var(DEFINITIONPATHSKINELEMENTS)/block_volume_buttons_ls_small.xml" parse="xml" condition="$var($dvar(definition_alias_mediaplayer_template)_VOLUMECONTROLTYPE)==Buttons"/>
    </element>
    <element name='Anchor Volume Slider' type='ANCHOR' posx='%87' posy='of:top:Anchor Media section' width='of:width:Button Mute' height='%71' interface='$var($dvar(definition_alias_mediaplayer_template)_INTERFACE_VOLUME)' configname='$var($dvar(definition_alias_mediaplayer_template)_CONFIGNAME_VOLUME)'>
       <xi:include href="$var(DEFINITIONPATHSKINELEMENTS)/block_volume_slider_ls_small.xml" parse="xml" condition="$var($dvar(definition_alias_mediaplayer_template)_VOLUMECONTROLTYPE)==Slider" />
    </element>
    <element name='Anchor PowerOnOff' type='ANCHOR' posx='%98' posy='of:totop:Anchor BottomGap' width='of:height:self:*0.5' height='of:height:Anchor Play Buttons'>
      <xi:include href="$var(DEFINITIONPATHSKINELEMENTS)/block_buttons_poweronoff.xml" parse="xml" />
    </element>

    <element name='Hide_Show_SecondCaption' type='SWITCH' posx='of:left:Anchor PowerOnOff' posy='of:top:Anchor NumberPad'   width='of:width:Anchor PowerOnOff' height='of:width:self' picturenormal='button square*' action='Switch Second Caption Page_Device_$dvar(definition_alias_mediaplayer_template)' destvar="Status_Second_Caption_Page_Device_$dvar(definition_alias_mediaplayer_template)" fontsize='%h30' iconfontsize='%h70' caption='icon:translate' />

  </elements>
</page>
