<?xml version="1.0" encoding="UTF-8"?>
<orca>
  <def_parameter>
    <maxx>19200</maxx>
    <maxy>11280</maxy>
    <orientations>landscape,portrait</orientations>
    <defaultfont></defaultfont>
    <fontsize_button>%h30</fontsize_button>
    <fontsize_text>%h30</fontsize_text>
    <support>http://www.orca-remote.org/forum/</support>
    <installationhint>$lvar(mediaplayerwizard_10000)</installationhint>
    <definitionvars>{"definition_alias_mediaplayer_wizard":"Mediaplayer Wizard",
                     "definition_alias_mediaplayer_template":"Mediaplayer",
                     "definition_alias_appfavorites_template":"App Favorites",
                     "definition_alias_cmdfavorites_template":"Cmd Favorites",
                     "definition_alias_tvfavorites_template":"TV Channels",
                     "definition_templatename_mediaplayer_wizard":"$cookie(Mediaplayer Wizard_mediaplayer_template)",
                     "definition_templatepath_mediaplayer_wizard":"$var(WIZARDTEMPLATESPATH)/mediaplayer wizard"}
    </definitionvars>
  </def_parameter>

  <startskip condition="$dvar(definition_alias_mediaplayer_wizard_IMPORTPAGES)==0"/>
    <pages xmlns:xi="http://www.w3.org/2001/XInclude">
      <xi:include href="$var(DEFINITIONPATHSKINELEMENTS)/page_*" parse="xml"></xi:include>
      <xi:include href="$var(STANDARDPAGESPATH)/page_*" parse="xml" condition="$var(ORCASTANDARDPAGESINCLUDED)!=1"></xi:include>
      <xi:include href="$dvar(definition_templatepath_mediaplayer_wizard)/$dvar(definition_templatename_mediaplayer_wizard)/elements/$var(MEDIATEMPLATESKINCONTEXT)/pages/page_*" parse="xml"></xi:include>
      <xi:include href="$dvar(definition_templatepath_mediaplayer_wizard)/$dvar(definition_templatename_mediaplayer_wizard)/elements/$var(MEDIATEMPLATESKINCONTEXT)/pages/landscape_largesize/page_*" parse="xml" condition="$var(SCREEN)==SCREEN_LL"></xi:include>
      <xi:include href="$dvar(definition_templatepath_mediaplayer_wizard)/$dvar(definition_templatename_mediaplayer_wizard)/elements/$var(MEDIATEMPLATESKINCONTEXT)/pages/landscape_smallsize/page_*" parse="xml" condition="$var(SCREEN)==SCREEN_LS"></xi:include>
      <xi:include href="$dvar(definition_templatepath_mediaplayer_wizard)/$dvar(definition_templatename_mediaplayer_wizard)/elements/$var(MEDIATEMPLATESKINCONTEXT)/pages/portrait_largesize/page_*" parse="xml" condition="$var(SCREEN)==SCREEN_PL"></xi:include>
      <xi:include href="$dvar(definition_templatepath_mediaplayer_wizard)/$dvar(definition_templatename_mediaplayer_wizard)/elements/$var(MEDIATEMPLATESKINCONTEXT)/pages/portrait_smallsize/page_*" parse="xml" condition="$var(SCREEN)==SCREEN_PS"></xi:include>
    </pages>
  <stopskip/>

  <definitionimports>
    <definition
        importlanguages ="1"
        importpages     ="1"
        importsettings  ="1"
        importactions   ="1"
        alias           ="$dvar(definition_alias_mediaplayer_template)"
        definitionvars  ='{"definition_alias_mediaplayer_template":     "$dvar(definition_alias_mediaplayer_template)",
                           "definition_alias_appfavorites_template":    "$dvar(definition_alias_appfavorites_template)",
                           "definition_alias_cmdfavorites_template":    "$dvar(definition_alias_cmdfavorites_template)",
                           "definition_alias_tvfavorites_template":     "$dvar(definition_alias_tvfavorites_template)"}'>mediaplayer_template</definition>
  </definitionimports>

  <interface_setup xmlns:xi="http://www.w3.org/2001/XInclude">
      <xi:include href="$dvar(definition_templatepath_mediaplayer_wizard)/$dvar(definition_templatename_mediaplayer_wizard)/interfacesettings/settings.xml" parse="xml" ></xi:include>
  </interface_setup>
  <settings xmlns:xi="http://www.w3.org/2001/XInclude">
      <setting title="Template"    desc="Template to use"  var="$dvar(definition_alias_mediaplayer_wizard)_mediaplayer_template" type="scrolloptions"  options='"$DIRLIST[$var(WIZARDTEMPLATESPATH)/mediaplayer wizard]"' allowtextinput='0' default="" cookie="$dvar(definition_alias_mediaplayer_wizard)_mediaplayer_template" />
      <xi:include href="$dvar(definition_templatepath_mediaplayer_wizard)/$dvar(definition_templatename_mediaplayer_wizard)/definitionsettings/settings.xml" parse="xml" ></xi:include>
  </settings>

  <repositorymanager>
    <entry>
      <name>Mediaplayer Wizard</name>
      <description language='English'>Wizard for Mediaplayer devices, which allows you to pick a template</description>
      <description language='German'>Wizard für Mediaplayer Geräte, um aus einem Schablone eine Definition zu wählen</description>
      <author>Carsten Thielepape</author>
      <version>5.0.2</version>
      <minorcaversion>5.0.2</minorcaversion>
      <sources>
        <source>
          <local>$var(APPLICATIONPATH)/definitions/mediaplayer_wizard</local>
          <sourcefile>$var(REPOSITORYWWWPATH)/definitions/mediaplayer_wizard.zip</sourcefile>
          <targetpath>definitions</targetpath>
        </source>
      </sources>
      <dependencies>
        <dependency>
          <type>definitions</type>
          <name>Generic Mediaplayer / TV template</name>
        </dependency>
      </dependencies>
      <skipfiles>
        <file>$var(APPLICATIONPATH)/definitions/mediaplayer_wizard/interfacesettings*</file>
        <file>$var(APPLICATIONPATH)/definitions/mediaplayer_wizard/atlas*</file>
        <file>$var(APPLICATIONPATH)/definitions/mediaplayer_wizard/active_template*</file>
      </skipfiles>
    </entry>
  </repositorymanager>
</orca>
