<?xml version="1.0" encoding="UTF-8"?>
<includes>
  <pagestartaction name="appstart">
    <action name="Init Var" string="setvar $dvar(definition_alias_mediaplayer_template)_enigmamovie_title[]="  />
    <action name="Init Var" string="setvar $dvar(definition_alias_mediaplayer_template)_enigmamovie_description[]="  />
    <action name="Init Var" string="setvar $dvar(definition_alias_mediaplayer_template)_enigmamovie_date_time[]="  />
    <action name="Init Var" string="setvar $dvar(definition_alias_mediaplayer_template)_enigmamovie_length[]="  />
    <action name="Init Var" string="setvar $dvar(definition_alias_mediaplayer_template)_enigmamovie_servicename[]="  />
  </pagestartaction>

  <pagestartaction name="definitionstart">
    <action name="set hint to add" string="setvar" varname="TEMPLATETHINT" varvalue="$lvar(enigma2_10000)" />
    <action name="Add Template Installationshint" string="call FKT_AddTemplateInstallationsHint $dvar(definition_alias_mediaplayer_wizard)" />
    <action name="handle setting changes" string="call Set SetupTrigger $dvar(definition_alias_mediaplayer_template)" />
    <action name="on first start" string="if $var(STARTCOUNT)==1"/>"
      <action name="Update Splash"     string="showsplashtext"  maintext="Enigma" subtext='$lvar(enigma2_10006)'/>
      <action name="Load Settings from Enigma by sending something (Enigma)" string="sendcommand getvolume" retvar="dummy" interface="$var($dvar(definition_alias_mediaplayer_template)_INTERFACE_MAIN)" configname="$var($dvar(definition_alias_mediaplayer_template)_CONFIGNAME_MAIN)"  />
      <action name='Assign the channels from enigma' string="runscript"  scriptname="helper_enigma" commandparameter='{"cmd_type":"assign_channels","interface":"$var($dvar(definition_alias_mediaplayer_template)_INTERFACE_MAIN)","configname":"$var($dvar(definition_alias_mediaplayer_template)_CONFIGNAME_MAIN)","definitionalias":"$dvar(definition_alias_tvfavorites_template)","force":"0","logopackfoldername":"$var($dvar(definition_alias_tvfavorites_template)_logopackfoldername)"}' />
    <action name="endif first start" string="endif" />
  </pagestartaction>

  <pagestartaction name="Page_Recordings_$dvar(definition_alias_mediaplayer_template)_Popup">
    <action name="Call Pagestartactions" string="call PageStart Recordings_$dvar(definition_alias_mediaplayer_template)_Popup" />
  </pagestartaction>


</includes>
