<?xml version="1.0" encoding="UTF-8"?>
<!-- Todo: check page names-->
<elements>
  <element  name='Picture Device[1]'   type='PICTURE' posx='left'  posy='top'     width='%30' height='of:width:self:*0.5' action='Show Page' actionpars='{"pagename":"$var($dvar(definition_activity_template)_ACTIVITYDEVICES_STARTPAGE[1])"}'  picturenormal='$var($dvar(definition_activity_template)_ACTIVITYDEVICES_PICTURE[1])' />
  <element  name='Picture Device[2]'   type='PICTURE' posx='left'  posy='%16.78'  width='%30' height='of:width:self:*0.5' action='Show Page' actionpars='{"pagename":"$var($dvar(definition_activity_template)_ACTIVITYDEVICES_STARTPAGE[2])"}'  picturenormal='$var($dvar(definition_activity_template)_ACTIVITYDEVICES_PICTURE[2])' />
  <element  name='Picture Device[3]'   type='PICTURE' posx='left'  posy='%33.33'  width='%30' height='of:width:self:*0.5' action='Show Page' actionpars='{"pagename":"$var($dvar(definition_activity_template)_ACTIVITYDEVICES_STARTPAGE[3])"}'  picturenormal='$var($dvar(definition_activity_template)_ACTIVITYDEVICES_PICTURE[3])' />
  <element  name='Picture Device[4]'   type='PICTURE' posx='left'  posy='%50'     width='%30' height='of:width:self:*0.5' action='Show Page' actionpars='{"pagename":"$var($dvar(definition_activity_template)_ACTIVITYDEVICES_STARTPAGE[4])"}'  picturenormal='$var($dvar(definition_activity_template)_ACTIVITYDEVICES_PICTURE[4])' />
  <element  name='Picture Device[5]'   type='PICTURE' posx='left'  posy='%66.67'  width='%30' height='of:width:self:*0.5' action='Show Page' actionpars='{"pagename":"$var($dvar(definition_activity_template)_ACTIVITYDEVICES_STARTPAGE[5])"}'  picturenormal='$var($dvar(definition_activity_template)_ACTIVITYDEVICES_PICTURE[5])' />
  <element  name='Picture Device[6]'   type='PICTURE' posx='left'  posy='%83.33'  width='%30' height='of:width:self:*0.5' action='Show Page' actionpars='{"pagename":"$var($dvar(definition_activity_template)_ACTIVITYDEVICES_STARTPAGE[6])"}'  picturenormal='$var($dvar(definition_activity_template)_ACTIVITYDEVICES_PICTURE[6])' />
  <element  name='Picture Device[7]'   type='PICTURE' posx='left'  posy='bottom'  width='%30' height='of:width:self:*0.5' action='Show Page' actionpars='{"pagename":"$var($dvar(definition_activity_template)_ACTIVITYDEVICES_STARTPAGE[7])"}'  picturenormal='$var($dvar(definition_activity_template)_ACTIVITYDEVICES_PICTURE[7])' />

  <element  name='Button Device[1]'    type='BUTTON'  posx='right' posy='top'     width='%55' height='of:height:Picture Device[1]:*1.1' picturenormal='button wide framed*' action='Show Page' actionpars='{"pagename":"$var($dvar(definition_activity_template)_ACTIVITYDEVICES_STARTPAGE[1])"}' caption='$var($dvar(definition_activity_template)_ACTIVITYDEVICES_NAME[1])'  autohide="1"/>
  <element  name='Button Device[2]'    type='BUTTON'  posx='right' posy='%16.78'  width='%55' height='of:height:Picture Device[2]:*1.1' picturenormal='button wide framed*' action='Show Page' actionpars='{"pagename":"$var($dvar(definition_activity_template)_ACTIVITYDEVICES_STARTPAGE[2])"}' caption='$var($dvar(definition_activity_template)_ACTIVITYDEVICES_NAME[2])'  autohide="1"/>
  <element  name='Button Device[3]'    type='BUTTON'  posx='right' posy='%33.33'  width='%55' height='of:height:Picture Device[3]:*1.1' picturenormal='button wide framed*' action='Show Page' actionpars='{"pagename":"$var($dvar(definition_activity_template)_ACTIVITYDEVICES_STARTPAGE[3])"}' caption='$var($dvar(definition_activity_template)_ACTIVITYDEVICES_NAME[3])'  autohide="1"/>
  <element  name='Button Device[4]'    type='BUTTON'  posx='right' posy='%50'     width='%55' height='of:height:Picture Device[4]:*1.1' picturenormal='button wide framed*' action='Show Page' actionpars='{"pagename":"$var($dvar(definition_activity_template)_ACTIVITYDEVICES_STARTPAGE[4])"}' caption='$var($dvar(definition_activity_template)_ACTIVITYDEVICES_NAME[4])'  autohide="1"/>
  <element  name='Button Device[5]'    type='BUTTON'  posx='right' posy='%66.67'  width='%55' height='of:height:Picture Device[5]:*1.1' picturenormal='button wide framed*' action='Show Page' actionpars='{"pagename":"$var($dvar(definition_activity_template)_ACTIVITYDEVICES_STARTPAGE[5])"}' caption='$var($dvar(definition_activity_template)_ACTIVITYDEVICES_NAME[5])'  autohide="1"/>
  <element  name='Button Device[6]'    type='BUTTON'  posx='right' posy='%83.33'  width='%55' height='of:height:Picture Device[6]:*1.1' picturenormal='button wide framed*' action='Show Page' actionpars='{"pagename":"$var($dvar(definition_activity_template)_ACTIVITYDEVICES_STARTPAGE[6])"}' caption='$var($dvar(definition_activity_template)_ACTIVITYDEVICES_NAME[6])'  autohide="1"/>
  <element  name='Button Device[7]'    type='BUTTON'  posx='right' posy='bottom'  width='%55' height='of:height:Picture Device[6]:*1.1' picturenormal='button wide framed*' action='Show Page' actionpars='{"pagename":"$var($dvar(definition_activity_template)_ACTIVITYDEVICES_STARTPAGE[7])"}' caption='$var($dvar(definition_activity_template)_ACTIVITYDEVICES_NAME[7])'  autohide="1"/>

</elements>

