<?xml version="1.0" encoding="UTF-8"?>
<elements>

    <element  name='Picture Device[8]'   type='PICTURE' posx='right'  posy='top'     width='%30' height='of:width:self:*0.5' action='Show Page' actionpars='{"pagename":"$var($dvar(definition_activity_template)_ACTIVITYDEVICES_STARTPAGE[8])"}'  picturenormal='$var($dvar(definition_activity_template)_ACTIVITYDEVICES_PICTURE[8])' />
    <element  name='Picture Device[9]'   type='PICTURE' posx='right'  posy='%16.78'  width='%30' height='of:width:self:*0.5' action='Show Page' actionpars='{"pagename":"$var($dvar(definition_activity_template)_ACTIVITYDEVICES_STARTPAGE[9])"}'  picturenormal='$var($dvar(definition_activity_template)_ACTIVITYDEVICES_PICTURE[9])' />
    <element  name='Picture Device[10]'  type='PICTURE' posx='right'  posy='%33.33'  width='%30' height='of:width:self:*0.5' action='Show Page' actionpars='{"pagename":"$var($dvar(definition_activity_template)_ACTIVITYDEVICES_STARTPAGE[10])"}' picturenormal='$var($dvar(definition_activity_template)_ACTIVITYDEVICES_PICTURE[10])' />
    <element  name='Picture Device[11]'  type='PICTURE' posx='right'  posy='%50'     width='%30' height='of:width:self:*0.5' action='Show Page' actionpars='{"pagename":"$var($dvar(definition_activity_template)_ACTIVITYDEVICES_STARTPAGE[11)]"}' picturenormal='$var($dvar(definition_activity_template)_ACTIVITYDEVICES_PICTURE[11])' />
    <element  name='Picture Device[12]'  type='PICTURE' posx='right'  posy='%66.67'  width='%30' height='of:width:self:*0.5' action='Show Page' actionpars='{"pagename":"$var($dvar(definition_activity_template)_ACTIVITYDEVICES_STARTPAGE[12)]"}' picturenormal='$var($dvar(definition_activity_template)_ACTIVITYDEVICES_PICTURE[12])' />
    <element  name='Picture Device[13]'  type='PICTURE' posx='right'  posy='%83.33'  width='%30' height='of:width:self:*0.5' action='Show Page' actionpars='{"pagename":"$var($dvar(definition_activity_template)_ACTIVITYDEVICES_STARTPAGE[13)]"}' picturenormal='$var($dvar(definition_activity_template)_ACTIVITYDEVICES_PICTURE[13])' />
    <element  name='Picture Device[14]'  type='PICTURE' posx='right'  posy='bottom'  width='%30' height='of:width:self:*0.5' action='Show Page' actionpars='{"pagename":"$var($dvar(definition_activity_template)_ACTIVITYDEVICES_STARTPAGE[14)]"}' picturenormal='$var($dvar(definition_activity_template)_ACTIVITYDEVICES_PICTURE[14])' />

    <element  name='Button Device[8]'    type='BUTTON'  posx='left'   posy='top'     width='%55' height='of:height:Picture Device[8]:*1.1'  picturenormal='button wide framed*' action='Show Page' actionpars='{"pagename":"$var($dvar(definition_activity_template)_ACTIVITYDEVICES_STARTPAGE[8])"}'  caption='$var($dvar(definition_activity_template)_ACTIVITYDEVICES_NAME[8])'  autohide="1"/>
    <element  name='Button Device[9]'    type='BUTTON'  posx='left'   posy='%16.78'  width='%55' height='of:height:Picture Device[9]:*1.1'  picturenormal='button wide framed*' action='Show Page' actionpars='{"pagename":"$var($dvar(definition_activity_template)_ACTIVITYDEVICES_STARTPAGE[9])"}'  caption='$var($dvar(definition_activity_template)_ACTIVITYDEVICES_NAME[9])'  autohide="1"/>
    <element  name='Button Device[10]'   type='BUTTON'  posx='left'   posy='%33.33'  width='%55' height='of:height:Picture Device[10]:*1.1' picturenormal='button wide framed*' action='Show Page' actionpars='{"pagename":"$var($dvar(definition_activity_template)_ACTIVITYDEVICES_STARTPAGE[10])"}' caption='$var($dvar(definition_activity_template)_ACTIVITYDEVICES_NAME[10])'  autohide="1"/>
    <element  name='Button Device[11]'   type='BUTTON'  posx='left'   posy='%50'     width='%55' height='of:height:Picture Device[11]:*1.1' picturenormal='button wide framed*' action='Show Page' actionpars='{"pagename":"$var($dvar(definition_activity_template)_ACTIVITYDEVICES_STARTPAGE[11])"}' caption='$var($dvar(definition_activity_template)_ACTIVITYDEVICES_NAME[11])'  autohide="1"/>
    <element  name='Button Device[12]'   type='BUTTON'  posx='left'   posy='%66.67'  width='%55' height='of:height:Picture Device[12]:*1.1' picturenormal='button wide framed*' action='Show Page' actionpars='{"pagename":"$var($dvar(definition_activity_template)_ACTIVITYDEVICES_STARTPAGE[12])"}' caption='$var($dvar(definition_activity_template)_ACTIVITYDEVICES_NAME[12])'  autohide="1"/>
    <element  name='Button Device[13]'   type='BUTTON'  posx='left'   posy='%83.33'  width='%55' height='of:height:Picture Device[13]:*1.1' picturenormal='button wide framed*' action='Show Page' actionpars='{"pagename":"$var($dvar(definition_activity_template)_ACTIVITYDEVICES_STARTPAGE[13])"}' caption='$var($dvar(definition_activity_template)_ACTIVITYDEVICES_NAME[13])'  autohide="1"/>
    <element  name='Button Device[14]'   type='BUTTON'  posx='left'   posy='bottom'  width='%55' height='of:height:Picture Device[14]:*1.1' picturenormal='button wide framed*' action='Show Page' actionpars='{"pagename":"$var($dvar(definition_activity_template)_ACTIVITYDEVICES_STARTPAGE[14])"}' caption='$var($dvar(definition_activity_template)_ACTIVITYDEVICES_NAME[14])'  autohide="1"/>

</elements>
