<?xml version="1.0" encoding="UTF-8"?>
<page name="Page_Activities_$dvar(definition_activity_template)_2">
  <page_parameter>
    <!-- Interface and Config in this section are the default for all elements where these parameters have not been assigned to an ACTION -->
  </page_parameter>

  <elements xmlns:xi="http://www.w3.org/2001/XInclude">
    <element name="Background Main Screen" type="BACKGROUND" picturenormal="background">
      <xi:include href="$var(DEFINITIONPATHSKINELEMENTS)/block_topline.xml" parse="xml" condition="$var($dvar(definition_activity_template)_IMPORTNAVIGATIONBAR)==1" />
    </element>
    <element name="Button QuitApp"  type="BUTTON" posx="right" width="%15" height="of:height:Anchor TopLine" picturenormal='transparentpic' picturepressed="button wide pressed" action="askonexit" fontsize='%h40'  caption="$lvar(2003)" />
    <element name="Button Settings" type="BUTTON" posx="of:toleft:Button QuitApp" width="%15" height="of:height:Anchor TopLine"  picturenormal='transparentpic' picturepressed="button wide pressed" action="gotosettingspage" fontsize='%h40'  caption="$lvar(2002)" />
    <element name='Button All Off' type='BUTTON' posx='center' posy='of:height:Anchor TopLine:*0.25' height="of:height:Anchor TopLine:*1.5" width='of:height:self'  picturenormal='button round framed*' action='FKT SwitchAllOff Lounge' fontsize='%h50'  textcolor='$var(red)' caption='icon:power_off' />
    <element name="Picture Group" type="PICTURE" posx="left" posy="bottom" width="%40" height="of:width:self:*0.6" picturenormal="$var(ACTIVITYGROUPLOGO[2])" />
    <element name='Anchor Buttons Right' type='ANCHOR' posx='%95' posy='middle' height='%65' width='%25' >
      <element name="Button Activity_2_1"       type="SWITCH" posy="top"    height="of:width:self:*0.3" picturenormal="button wide framed*" action="FKT SwitchOn Activity"    rem=""        actionpars='{"ACTIVITYGROUP":"2","ACTIVITYNUMBER":"1"}' caption="$var(ACTIVITY_NAME[2][1])"   group="ACTIVITYGROUP_2" destvar="ACTIVITY_2_1" autohide="1"/>
      <element name="Button Activity_2_2"       type="SWITCH" posy="%33"    height="of:width:self:*0.3" picturenormal="button wide framed*" action="FKT SwitchOn Activity"    rem=""        actionpars='{"ACTIVITYGROUP":"2","ACTIVITYNUMBER":"2"}' caption="$var(ACTIVITY_NAME[2][2])"   group="ACTIVITYGROUP_2" destvar="ACTIVITY_2_2" autohide="1"/>
      <element name="Button Activity_2_3"       type="SWITCH" posy="%66"    height="of:width:self:*0.3" picturenormal="button wide framed*" action="FKT SwitchOn Activity"    rem=""        actionpars='{"ACTIVITYGROUP":"2","ACTIVITYNUMBER":"3"}' caption="$var(ACTIVITY_NAME[2][3])"   group="ACTIVITYGROUP_2" destvar="ACTIVITY_2_3" autohide="1"/>
      <element name="Button Activity_2_4"       type="SWITCH" posy="bottom" height="of:width:self:*0.3" picturenormal="button wide framed*" action="FKT SwitchOn Activity"    rem=""        actionpars='{"ACTIVITYGROUP":"2","ACTIVITYNUMBER":"4"}' caption="$var(ACTIVITY_NAME[2][4])"   group="ACTIVITYGROUP_2" destvar="ACTIVITY_2_4" autohide="1"/>
    </element>
    <element name='Anchor Buttons Left' type='ANCHOR' posx='%57' posy='middle' height='%65' width='%25' >
      <element name="Button Activity_2_5"       type="SWITCH" posy="top"    height="of:width:self:*0.3" picturenormal="button wide framed*" action="FKT SwitchOn Activity"    rem=""        actionpars='{"ACTIVITYGROUP":"2","ACTIVITYNUMBER":"5"}' caption="$var(ACTIVITY_NAME[2][5])"   group="ACTIVITYGROUP_2" destvar="ACTIVITY_2_5" autohide="1"/>
      <element name="Button Activity_2_6"       type="SWITCH" posy="%33"    height="of:width:self:*0.3" picturenormal="button wide framed*" action="FKT SwitchOn Activity"    rem=""        actionpars='{"ACTIVITYGROUP":"2","ACTIVITYNUMBER":"6"}' caption="$var(ACTIVITY_NAME[2][6])"   group="ACTIVITYGROUP_2" destvar="ACTIVITY_2_6" autohide="1"/>
      <element name="Button Activity_2_7"       type="SWITCH" posy="%66"    height="of:width:self:*0.3" picturenormal="button wide framed*" action="FKT SwitchOn Activity"    rem=""        actionpars='{"ACTIVITYGROUP":"2","ACTIVITYNUMBER":"7"}' caption="$var(ACTIVITY_NAME[2][7])"   group="ACTIVITYGROUP_2" destvar="ACTIVITY_2_7" autohide="1"/>
      <element name="Button Activity_2_8"       type="SWITCH" posy="bottom" height="of:width:self:*0.3" picturenormal="button wide framed*" action="FKT SwitchOn Activity"    rem=""        actionpars='{"ACTIVITYGROUP":"2","ACTIVITYNUMBER":"8"}' caption="$var(ACTIVITY_NAME[2][8])"   group="ACTIVITYGROUP_2" destvar="ACTIVITY_2_8" autohide="1"/>
    </element>
  </elements>
</page>
