<?xml version="1.0" encoding="UTF-8"?>
<elements>
  <element name="Frame" type="PICTURE" posx="left" posy="top"  picturenormal="background boxes" />
  <element name="Anchor Input Device Buttons" type="ANCHOR" posx="center" posy="middle" width="%90" height="%95">
    <elements>
      <element name="Button Cmd[1]"  type="BUTTON" posx="left"  posy="top"              height="%7.14" picturenormal="button wide*" fontsize='%h60' action="$var($dvar(definition_alias_cmdfavorites_template)_cmdaction[1])"  caption="$var($dvar(definition_alias_cmdfavorites_template)_cmdname[1])"  actionpars="$var($dvar(definition_alias_cmdfavorites_template)_cmdparameter[1])"  />
      <element name="Button Cmd[2]"  type="BUTTON" posx="left"  posy="of:bottom:last"   height="%7.14" picturenormal="button wide*" fontsize='%h60' action="$var($dvar(definition_alias_cmdfavorites_template)_cmdaction[2])"  caption="$var($dvar(definition_alias_cmdfavorites_template)_cmdname[2])"  actionpars="$var($dvar(definition_alias_cmdfavorites_template)_cmdparameter[2])"  />
      <element name="Button Cmd[3]"  type="BUTTON" posx="left"  posy="of:bottom:last"   height="%7.14" picturenormal="button wide*" fontsize='%h60' action="$var($dvar(definition_alias_cmdfavorites_template)_cmdaction[3])"  caption="$var($dvar(definition_alias_cmdfavorites_template)_cmdname[3])"  actionpars="$var($dvar(definition_alias_cmdfavorites_template)_cmdparameter[3])"  />
      <element name="Button Cmd[4]"  type="BUTTON" posx="left"  posy="of:bottom:last"   height="%7.14" picturenormal="button wide*" fontsize='%h60' action="$var($dvar(definition_alias_cmdfavorites_template)_cmdaction[4])"  caption="$var($dvar(definition_alias_cmdfavorites_template)_cmdname[4])"  actionpars="$var($dvar(definition_alias_cmdfavorites_template)_cmdparameter[4])"  />
      <element name="Button Cmd[5]"  type="BUTTON" posx="left"  posy="of:bottom:last"   height="%7.14" picturenormal="button wide*" fontsize='%h60' action="$var($dvar(definition_alias_cmdfavorites_template)_cmdaction[5])"  caption="$var($dvar(definition_alias_cmdfavorites_template)_cmdname[5])"  actionpars="$var($dvar(definition_alias_cmdfavorites_template)_cmdparameter[5])"  />
      <element name="Button Cmd[6]"  type="BUTTON" posx="left"  posy="of:bottom:last"   height="%7.14" picturenormal="button wide*" fontsize='%h60' action="$var($dvar(definition_alias_cmdfavorites_template)_cmdaction[6])"  caption="$var($dvar(definition_alias_cmdfavorites_template)_cmdname[6])"  actionpars="$var($dvar(definition_alias_cmdfavorites_template)_cmdparameter[6])"  />
      <element name="Button Cmd[7]"  type="BUTTON" posx="left"  posy="of:bottom:last"   height="%7.14" picturenormal="button wide*" fontsize='%h60' action="$var($dvar(definition_alias_cmdfavorites_template)_cmdaction[7])"  caption="$var($dvar(definition_alias_cmdfavorites_template)_cmdname[7])"  actionpars="$var($dvar(definition_alias_cmdfavorites_template)_cmdparameter[7])"  />
      <element name="Button Cmd[8]"  type="BUTTON" posx="left"  posy="of:bottom:last"   height="%7.14" picturenormal="button wide*" fontsize='%h60' action="$var($dvar(definition_alias_cmdfavorites_template)_cmdaction[8])"  caption="$var($dvar(definition_alias_cmdfavorites_template)_cmdname[8])"  actionpars="$var($dvar(definition_alias_cmdfavorites_template)_cmdparameter[8])"  />
      <element name="Button Cmd[9]"  type="BUTTON" posx="left"  posy="of:bottom:last"   height="%7.14" picturenormal="button wide*" fontsize='%h60' action="$var($dvar(definition_alias_cmdfavorites_template)_cmdaction[9])"  caption="$var($dvar(definition_alias_cmdfavorites_template)_cmdname[9])"  actionpars="$var($dvar(definition_alias_cmdfavorites_template)_cmdparameter[9])"  />
      <element name="Button Cmd[10]" type="BUTTON" posx="left"  posy="of:bottom:last"   height="%7.14" picturenormal="button wide*" fontsize='%h60' action="$var($dvar(definition_alias_cmdfavorites_template)_cmdaction[10])" caption="$var($dvar(definition_alias_cmdfavorites_template)_cmdname[10])" actionpars="$var($dvar(definition_alias_cmdfavorites_template)_cmdparameter[10])" />
      <element name="Button Cmd[11]" type="BUTTON" posx="left"  posy="of:bottom:last"   height="%7.14" picturenormal="button wide*" fontsize='%h60' action="$var($dvar(definition_alias_cmdfavorites_template)_cmdaction[11])" caption="$var($dvar(definition_alias_cmdfavorites_template)_cmdname[11])" actionpars="$var($dvar(definition_alias_cmdfavorites_template)_cmdparameter[11])" />
      <element name="Button Cmd[12]" type="BUTTON" posx="left"  posy="of:bottom:last"   height="%7.14" picturenormal="button wide*" fontsize='%h60' action="$var($dvar(definition_alias_cmdfavorites_template)_cmdaction[12])" caption="$var($dvar(definition_alias_cmdfavorites_template)_cmdname[12])" actionpars="$var($dvar(definition_alias_cmdfavorites_template)_cmdparameter[12])" />
      <element name="Button Cmd[13]" type="BUTTON" posx="left"  posy="of:bottom:last"   height="%7.14" picturenormal="button wide*" fontsize='%h60' action="$var($dvar(definition_alias_cmdfavorites_template)_cmdaction[13])" caption="$var($dvar(definition_alias_cmdfavorites_template)_cmdname[13])" actionpars="$var($dvar(definition_alias_cmdfavorites_template)_cmdparameter[13])" />
      <element name="Button Cmd[14]" type="BUTTON" posx="left"  posy="of:bottom:last"   height="%7.14" picturenormal="button wide*" fontsize='%h60' action="$var($dvar(definition_alias_cmdfavorites_template)_cmdaction[14])" caption="$var($dvar(definition_alias_cmdfavorites_template)_cmdname[14])" actionpars="$var($dvar(definition_alias_cmdfavorites_template)_cmdparameter[14])" />
    </elements>
  </element>
</elements>
