<?xml version="1.0" encoding="UTF-8"?>
<elements>
  <element name='Topline'             type='ANCHOR'     posx='left'             posy='top'  height='%7'>
    <element name='Picture TOP Line'  type='PICTURE'    posx='left'             posy='top'  picturenormal='background boxes'  />
    <element name='Clock'             type='TEXTFIELD'  posx='left'             posy='top'  width='%15'  fontsize='%h40'  caption='$var(LOCALTIME)' clock='1' />
    <element name='Date'              type='TEXTFIELD'  posx='of:right:last'    posy='top'  width='%15' fontsize='%h40'  caption='$var(LOCALDATE)' date='1' />
    <element name="Button QuitApp"    type="BUTTON"     posx="right"            posy="top"  width="%15"  picturenormal='transparentpic' picturepressed="button wide pressed" action="askonexit" fontsize="%h40"  caption="$lvar(2003)" />
    <element name="Button Settings"   type="BUTTON"     posx="of:toleft:last"   posy="top"  width="%15"  picturenormal='transparentpic' picturepressed="button wide pressed" action="gotosettingspage" fontsize="%h40"  caption="$lvar(2002)" />
    <element name='Picture Transmit'  type='PICTURE'    posx='of:toleft:last'   posy='top'  width='%4' picturenormal='transmit' enabled='0' />
    <element name='Picture Wait'      type='PICTURE'    posx='of:left:last'   posy='top'  width='%4' picturenormal='wait' enabled='0' />
  </element>
</elements>
