<?xml version="1.0" encoding="UTF-8"?>
<elements>
  <element name='Background TV Logos' type='PICTURE' picturenormal='background boxes' />
  <element name='Button CH1'  type='BUTTON' posx='left'  posy='top'    width='%20' height='of:width:self:*0.75' picturenormal='transparentpic' picturepressed='transparentpic' action='$dvar(definition_alias_tvfavorites_template)_switchchannel' actionlongtap="$dvar(definition_alias_tvfavorites_template)_switchbouquet" actionpars='{"BOUQUETNUM":"1","CHANNELNUM":"1"}' />
  <element name='Button CH2'  type='BUTTON' posx='%25'   posy='top'    width='%20' height='of:width:self:*0.75' picturenormal='transparentpic' picturepressed='transparentpic' action='$dvar(definition_alias_tvfavorites_template)_switchchannel' actionlongtap="$dvar(definition_alias_tvfavorites_template)_switchbouquet" actionpars='{"BOUQUETNUM":"2","CHANNELNUM":"2"}' />
  <element name='Button CH3'  type='BUTTON' posx='%50'   posy='top'    width='%20' height='of:width:self:*0.75' picturenormal='transparentpic' picturepressed='transparentpic' action='$dvar(definition_alias_tvfavorites_template)_switchchannel' actionlongtap="$dvar(definition_alias_tvfavorites_template)_switchbouquet" actionpars='{"BOUQUETNUM":"3","CHANNELNUM":"3"}' />
  <element name='Button CH4'  type='BUTTON' posx='%75'   posy='top'    width='%20' height='of:width:self:*0.75' picturenormal='transparentpic' picturepressed='transparentpic' action='$dvar(definition_alias_tvfavorites_template)_switchchannel' actionlongtap="$dvar(definition_alias_tvfavorites_template)_switchbouquet" actionpars='{"BOUQUETNUM":"4","CHANNELNUM":"4"}' />
  <element name='Button CH5'  type='BUTTON' posx='right' posy='top'    width='%20' height='of:width:self:*0.75' picturenormal='transparentpic' picturepressed='transparentpic' action='$dvar(definition_alias_tvfavorites_template)_switchchannel'                                                                            actionpars='{"CHANNELNUM":"5"}' />
  <element name='Button CH6'  type='BUTTON' posx='left'  posy='%20'    width='%20' height='of:width:self:*0.75' picturenormal='transparentpic' picturepressed='transparentpic' action='$dvar(definition_alias_tvfavorites_template)_switchchannel'                                                                            actionpars='{"CHANNELNUM":"6"}' />
  <element name='Button CH7'  type='BUTTON' posx='%25'   posy='%20'    width='%20' height='of:width:self:*0.75' picturenormal='transparentpic' picturepressed='transparentpic' action='$dvar(definition_alias_tvfavorites_template)_switchchannel'                                                                            actionpars='{"CHANNELNUM":"7"}' />
  <element name='Button CH8'  type='BUTTON' posx='%50'   posy='%20'    width='%20' height='of:width:self:*0.75' picturenormal='transparentpic' picturepressed='transparentpic' action='$dvar(definition_alias_tvfavorites_template)_switchchannel'                                                                            actionpars='{"CHANNELNUM":"8"}' />
  <element name='Button CH9'  type='BUTTON' posx='%75'   posy='%20'    width='%20' height='of:width:self:*0.75' picturenormal='transparentpic' picturepressed='transparentpic' action='$dvar(definition_alias_tvfavorites_template)_switchchannel'                                                                            actionpars='{"CHANNELNUM":"9"}' />
  <element name='Button CH10' type='BUTTON' posx='right' posy='%20'    width='%20' height='of:width:self:*0.75' picturenormal='transparentpic' picturepressed='transparentpic' action='$dvar(definition_alias_tvfavorites_template)_switchchannel'                                                                            actionpars='{"CHANNELNUM":"10"}' />
  <element name='Button CH11' type='BUTTON' posx='left'  posy='%40'    width='%20' height='of:width:self:*0.75' picturenormal='transparentpic' picturepressed='transparentpic' action='$dvar(definition_alias_tvfavorites_template)_switchchannel'                                                                            actionpars='{"CHANNELNUM":"11"}' />
  <element name='Button CH12' type='BUTTON' posx='%25'   posy='%40'    width='%20' height='of:width:self:*0.75' picturenormal='transparentpic' picturepressed='transparentpic' action='$dvar(definition_alias_tvfavorites_template)_switchchannel'                                                                            actionpars='{"CHANNELNUM":"12"}' />
  <element name='Button CH13' type='BUTTON' posx='%50'   posy='%40'    width='%20' height='of:width:self:*0.75' picturenormal='transparentpic' picturepressed='transparentpic' action='$dvar(definition_alias_tvfavorites_template)_switchchannel'                                                                            actionpars='{"CHANNELNUM":"13"}' />
  <element name='Button CH14' type='BUTTON' posx='%75'   posy='%40'    width='%20' height='of:width:self:*0.75' picturenormal='transparentpic' picturepressed='transparentpic' action='$dvar(definition_alias_tvfavorites_template)_switchchannel'                                                                            actionpars='{"CHANNELNUM":"14"}' />
  <element name='Button CH15' type='BUTTON' posx='right' posy='%40'    width='%20' height='of:width:self:*0.75' picturenormal='transparentpic' picturepressed='transparentpic' action='$dvar(definition_alias_tvfavorites_template)_switchchannel'                                                                            actionpars='{"CHANNELNUM":"15"}' />
  <element name='Button CH16' type='BUTTON' posx='left'  posy='%60'    width='%20' height='of:width:self:*0.75' picturenormal='transparentpic' picturepressed='transparentpic' action='$dvar(definition_alias_tvfavorites_template)_switchchannel'                                                                            actionpars='{"CHANNELNUM":"16"}' />
  <element name='Button CH17' type='BUTTON' posx='%25'   posy='%60'    width='%20' height='of:width:self:*0.75' picturenormal='transparentpic' picturepressed='transparentpic' action='$dvar(definition_alias_tvfavorites_template)_switchchannel'                                                                            actionpars='{"CHANNELNUM":"17"}' />
  <element name='Button CH18' type='BUTTON' posx='%50'   posy='%60'    width='%20' height='of:width:self:*0.75' picturenormal='transparentpic' picturepressed='transparentpic' action='$dvar(definition_alias_tvfavorites_template)_switchchannel'                                                                            actionpars='{"CHANNELNUM":"18"}' />
  <element name='Button CH19' type='BUTTON' posx='%75'   posy='%60'    width='%20' height='of:width:self:*0.75' picturenormal='transparentpic' picturepressed='transparentpic' action='$dvar(definition_alias_tvfavorites_template)_switchchannel'                                                                            actionpars='{"CHANNELNUM":"19"}' />
  <element name='Button CH20' type='BUTTON' posx='right' posy='%60'    width='%20' height='of:width:self:*0.75' picturenormal='transparentpic' picturepressed='transparentpic' action='$dvar(definition_alias_tvfavorites_template)_switchchannel'                                                                            actionpars='{"CHANNELNUM":"20"}' />
  <element name='Button CH21' type='BUTTON' posx='left'  posy='%80'    width='%20' height='of:width:self:*0.75' picturenormal='transparentpic' picturepressed='transparentpic' action='$dvar(definition_alias_tvfavorites_template)_switchchannel'                                                                            actionpars='{"CHANNELNUM":"21"}' />
  <element name='Button CH22' type='BUTTON' posx='%25'   posy='%80'    width='%20' height='of:width:self:*0.75' picturenormal='transparentpic' picturepressed='transparentpic' action='$dvar(definition_alias_tvfavorites_template)_switchchannel'                                                                            actionpars='{"CHANNELNUM":"22"}' />
  <element name='Button CH23' type='BUTTON' posx='%50'   posy='%80'    width='%20' height='of:width:self:*0.75' picturenormal='transparentpic' picturepressed='transparentpic' action='$dvar(definition_alias_tvfavorites_template)_switchchannel'                                                                            actionpars='{"CHANNELNUM":"23"}' />
  <element name='Button CH24' type='BUTTON' posx='%75'   posy='%80'    width='%20' height='of:width:self:*0.75' picturenormal='transparentpic' picturepressed='transparentpic' action='$dvar(definition_alias_tvfavorites_template)_switchchannel'                                                                            actionpars='{"CHANNELNUM":"24"}' />
  <element name='Button CH25' type='BUTTON' posx='right' posy='%80'    width='%20' height='of:width:self:*0.75' picturenormal='transparentpic' picturepressed='transparentpic' action='$dvar(definition_alias_tvfavorites_template)_switchchannel'                                                                            actionpars='{"CHANNELNUM":"25"}' />
  <element name='Button CH26' type='BUTTON' posx='left'  posy='bottom' width='%20' height='of:width:self:*0.75' picturenormal='transparentpic' picturepressed='transparentpic' action='$dvar(definition_alias_tvfavorites_template)_switchchannel'                                                                            actionpars='{"CHANNELNUM":"26"}' />
  <element name='Button CH27' type='BUTTON' posx='%25'   posy='bottom' width='%20' height='of:width:self:*0.75' picturenormal='transparentpic' picturepressed='transparentpic' action='$dvar(definition_alias_tvfavorites_template)_switchchannel'                                                                            actionpars='{"CHANNELNUM":"27"}' />
  <element name='Button CH28' type='BUTTON' posx='%50'   posy='bottom' width='%20' height='of:width:self:*0.75' picturenormal='transparentpic' picturepressed='transparentpic' action='$dvar(definition_alias_tvfavorites_template)_switchchannel'                                                                            actionpars='{"CHANNELNUM":"28"}' />
  <element name='Button CH29' type='BUTTON' posx='%75'   posy='bottom' width='%20' height='of:width:self:*0.75' picturenormal='transparentpic' picturepressed='transparentpic' action='$dvar(definition_alias_tvfavorites_template)_switchchannel'                                                                            actionpars='{"CHANNELNUM":"29"}' />
  <element name='DropDown_Bouquets' type='DROPDOWN' posx='right' posy='bottom' width='%20' height='of:width:self:*0.75' fontsize="%h30"  picturenormal='button wide*' caption="$lvar(tvtemplate_10506):::$dvar(definition_alias_tvfavorites_template)_bouquet_name[]"   actions='$dvar(definition_alias_tvfavorites_template)_switchbouquet_byindex'  />
</elements>
