<?xml version="1.0" encoding="utf-8"?>

<sounds>
    <sound name ="startup"      file="$var(SOUNDSPATH)/startup.mp3" />
    <sound name ="shutdown"     file="$var(SOUNDSPATH)/shutdown.wav" />
    <sound name ="error"        file="$var(SOUNDSPATH)/error.wav" />
    <sound name ="message"      file="$var(SOUNDSPATH)/message.wav" />
    <sound name ="question"     file="$var(SOUNDSPATH)/question.wav" />
    <sound name ="notification" file="$var(SOUNDSPATH)/notification.wav" />
    <sound name ="ring"         file="$var(SOUNDSPATH)/ring.wav" />
    <sound name ="success"      file="$var(SOUNDSPATH)/success.wav" />
    <sound name ="click"        file="$var(SOUNDSPATH)/click.mp3" />
  <repositorymanager>
    <entry>
      <name>ORCA Default</name>
      <description language='English'>ORCA default sounds</description>
      <description language='German'>ORCA Standard Töne</description>
      <author>Carsten Thielepape</author>
      <version>6.0.0</version>
      <minorcaversion>6.0.0</minorcaversion>
      <sources>
        <source>
          <local>$var(APPLICATIONPATH)/sounds/ORCA_default</local>
          <sourcefile>$var(REPOSITORYWWWPATH)/sounds/ORCA_default.zip</sourcefile>
          <targetpath>sounds</targetpath>
        </source>
      </sources>
      <dependencies>
      </dependencies>
    </entry>
  </repositorymanager>
</sounds>
