<?xml version="1.0" encoding="UTF-8"?>
<includes  xmlns:xi="http://www.w3.org/2001/XInclude">

    <action name="FKT SwitchOn Activity">
        <action name="Pull Function Vars"                                        string="setvar ACTIVITY_GROUP=$var(FKT SwitchOn Activity_parameter_ACTIVITYGROUP)" />
        <action name="Pull Function Vars"                                        string="setvar ACTIVITY_NUMBER=$var(FKT SwitchOn Activity_parameter_ACTIVITYNUMBER)" />
        <action name="Create Name for PowerStatus part 1"                        string="setvar TMP_POWERSTATUS=ACTIVITY_POWERSTATUS[$var(ACTIVITY_GROUP)][$var(ACTIVITY_NUMBER)]" />
        <action name="Create Name for PowerStatus part 2"                        string="modifyvar" varname="TMP_POWERSTATUS" operator="fromvar"  />
        <action name="Create Name for Start Page part 1"                         string="setvar ACTIVITY_STARTPAGE=ACTIVITY_STARTPAGE[$var(ACTIVITY_GROUP)][$var(ACTIVITY_NUMBER)]" />
        <action name="Create Name for Start Page part 2"                         string="modifyvar" varname="ACTIVITY_STARTPAGE" operator="fromvar"  />
        <action name="Show Main Activity Page"                                   string="showpage $var(ACTIVITY_STARTPAGE)" />
        <action name="if not allready on"                                        string="if $var(TMP_POWERSTATUS)!=ON"/>
            <action name="Block the gui"                                         string="blockgui 1"/>
            <action name="Dim Screen"                                            string="loadelement" filename="$var(STANDARDELEMENTSPATH)/block_dimmer.xml" pagename="$var(ACTIVITY_STARTPAGE)" />
            <action name="Switch off all unused devices"                         string="call FKT SwitchOffUnusedActivityGroupDevices" />
            <action name="Pull Function name #1"                                 string="setvar ACTIVITY_PREPOWERONACTION=ACTIVITY_PREPOWERONACTION[$var(ACTIVITY_GROUP)][$var(ACTIVITY_NUMBER)]" />
            <action name="Create tmpar part  #2"                                 string="modifyvar" varname="ACTIVITY_PREPOWERONACTION" operator="fromvar"  />
            <action name="Call PrePower Action"                                  string="call $var(ACTIVITY_PREPOWERONACTION)" condition="$var(ACTIVITY_PREPOWERONACTION)!=NoAction" />
            <action name="Loop through all Activity-Devices to Power On"         string="forin" varname="ACTIVITYDEVICE[$var(ACTIVITY_GROUP)][$var(ACTIVITY_NUMBER)][]"  level="3" actionname="FKT SwitchOn Activity_Device"/>
            <action name="Loop through all Activities-Devices to Wait"           string="forin" varname="ACTIVITYDEVICE[$var(ACTIVITY_GROUP)][$var(ACTIVITY_NUMBER)][]"  level="3" actionname="FKT WaitFor Activity_Device"/>
            <action name="Pull Function name #1"                                 string="setvar ACTIVITY_POSTPOWERONACTION=ACTIVITY_POSTPOWERONACTION[$var(ACTIVITY_GROUP)][$var(ACTIVITY_NUMBER)]" />
            <action name="Create tmpvar part  #2"                                string="modifyvar" varname="ACTIVITY_POSTPOWERONACTION" operator="fromvar"  />
            <action name="Call PostPower Action"                                 string="call $var(ACTIVITY_POSTPOWERONACTION)" condition="$var(ACTIVITY_POSTPOWERONACTION)!=NoAction" />
            <action name="Loop through all Activities to set Powerstatus to off" string="forin" varname="ACTIVITY_POWERSTATUS[$var(ACTIVITY_GROUP)][]"  level="2" actionname="FKT SwitchAllOffActivityGroup_SetActivityStatusOff"/>
            <action name="Set Powerstatus Activity to on"                        string="setvar ACTIVITY_POWERSTATUS[$var(ACTIVITY_GROUP)][$var(ACTIVITY_NUMBER)]=ON" />
            <action name="Undim screen"                                          string="setwidgetattribute" widgetname="Dimmer Element@$var(ACTIVITY_STARTPAGE)" attributename="remove" />
            <action name="UnBlock the gui"                                       string="blockgui 0"/>
        <action name=""                                                          string="endif" />
    </action>

    <action name="FKT SwitchOn Activity_Device">
        <!-- First wait, if requested -->
        <action name="Create tmpar part 1"                                         string="setvar tmp=ACTIVITYDEVICE_PREPOWERONWAITTIME[$var(ACTIVITY_GROUP)][$var(ACTIVITY_NUMBER)][$par(forin_index)]" />
        <action name="Create tmpar part 2"                                         string="modifyvar" varname="tmp" operator="fromvar"  />
        <action name="wait"                                                        string="wait" time="$var(tmp)" condition="$var(tmp)>0" />
        <!-- we disable the wait for device in case we want a parallel switch on-->
        <action name="if parallel"                                                 string="if $var(ACTIVITY_POWERONOPTION[$var(ACTIVITY_GROUP)][$var(ACTIVITY_NUMBER)])==parallel"/>
            <action name="Create tmpar part 1"                                     string="setvar tmp_waitfordevice=$par(forin_value)_WAITFORDEVICE" />
            <action name="Create tmpar part 2"                                     string="modifyvar" varname="tmp_waitfordevice" operator="fromvar"  />
            <action name="Set to nowait       "                                    string="setvar $par(forin_value)_WAITFORDEVICE=0" />
        <action name="endif"                                                       string="endif" />
        <action name="Create Name for PowerStatus part 1"                          string="setvar TMP_POWERSTATUS=POWERSTATUS_$par(forin_value)" />
        <action name="Create Name for PowerStatus part 2"                          string="modifyvar" varname="TMP_POWERSTATUS" operator="fromvar"  />
        <action name="Switch On Device"                                            string="call FKT SwitchOn $par(forin_value)" condition="$var(TMP_POWERSTATUS)!=ON"/>
        <action name="if parallel"                                                 string="if $var(ACTIVITY_POWERONOPTION[$var(ACTIVITY_GROUP)][$var(ACTIVITY_NUMBER)])==parallel"/>
          <action name="Set to original value"                                     string="setvar $par(forin_value)_WAITFORDEVICE=$var(tmp_waitfordevice)" />
        <action name="endif"                                                       string="endif" />
        <!-- Wait after poweron, if requested -->
        <action name="Create tmpar part 1"                                         string="setvar tmp=ACTIVITYDEVICE_POSTPOWERONWAITTIME[$var(ACTIVITY_GROUP)][$var(ACTIVITY_NUMBER)][$par(forin_index)]" />
        <action name="Create tmpar part 2"                                         string="modifyvar" varname="tmp" operator="fromvar"  />
        <action name="wait"                                                        string="wait" time="$var(tmp)" condition="$var(tmp)>0" />
    </action>

    <action name="FKT WaitFor Activity_Device">
        <!-- we only need to wait on parallel switch on, , on serial we already waited by default -->
        <action name="Set Return Page"                                                                                             string="setvar PAGEWAITRETURN=$var(CURRENTPAGE)" condition="$var(ACTIVITY_POWERONOPTION[$var(ACTIVITY_GROUP)][$var(ACTIVITY_NUMBER)])==parallel"/>
        <action name="Wait for Device"                                                                                             string="call FKT WaitForReady_$par(forin_value)" condition="$var(ACTIVITY_POWERONOPTION[$var(ACTIVITY_GROUP)][$var(ACTIVITY_NUMBER)])==parallel"/>

        <!-- Create Vars-->
        <action name="Create InputAction part 1"                                                                                   string="setvar inputaction=ACTIVITYDEVICE_INPUTACTION[$var(ACTIVITY_GROUP)][$var(ACTIVITY_NUMBER)][$par(forin_index)]" />
        <action name="Create InputAction part 2"                                                                                   string="modifyvar" varname="inputaction" operator="fromvar"  />
        <action name="Create Volume part 1"                                                                                        string="setvar volumetoset=ACTIVITYDEVICE_INITVOLUME[$var(ACTIVITY_GROUP)][$var(ACTIVITY_NUMBER)][$par(forin_index)]" />
        <action name="Create Volume part 2"                                                                                        string="modifyvar" varname="volumetoset" operator="fromvar"  />
        <action name="Create Main InterFaceName #1"                                                                                string="setvar DEVICEMAININTERFACE=$par(forin_value)_INTERFACE_MAIN" />
        <action name="Create Main InterFaceName #2"                                                                                string="modifyvar" varname="DEVICEMAININTERFACE" operator="fromvar"  />
        <action name="Create Main ConfigName #1"                                                                                   string="setvar DEVICEMAINCONFIGNAME=$par(forin_value)_CONFIGNAME_MAIN" />
        <action name="Create Main ConfigName #2"                                                                                   string="modifyvar" varname="DEVICEMAINCONFIGNAME" operator="fromvar"  />

        <action name="Create Volume InterFaceName #1"                                                                              string="setvar DEVICEVOLUMEINTERFACE=$par(forin_value)_INTERFACE_VOLUME" />
        <action name="Create Volume InterFaceName #2"                                                                              string="modifyvar" varname="DEVICEVOLUMEINTERFACE" operator="fromvar"  />
        <action name="Create Volume ConfigName #1"                                                                                 string="setvar DEVICEVOLUMECONFIGNAME=$par(forin_value)_CONFIGNAME_VOLUME" />
        <action name="Create Volume ConfigName #2"                                                                                 string="modifyvar" varname="DEVICEVOLUMECONFIGNAME" operator="fromvar"  />

        <!--we use a codeset command send by "sendcommand" if its start with "sendcommand",  otherwise we use a standard command-->
        <action name="if we have a input selection"                                                                                string="if $var(inputaction)!=NoAction" />
          <action name="Find sendcommand "                                                                                         string="modifyvar" varname="$var(inputaction)" operator="find" parameter1="sendcommand " parameter2="findresult" />
          <action name="we have sendcommand so parse the command"                                                                  string="if $var(findresult)=0" />
             <action name="parse the coommand part 1"                                                                              string="setvar tmp_sendcommand=$var(inputaction)" />
             <action name="parse the coommand part 2 "                                                                             string="modifyvar" varname="tmp_sendcommand" operator="getpart" parameter1="12" parameter2="" />
             <action name="Select input by send command"                                                                           string="sendcommand $var(tmp_sendcommand)" interface="$var(DEVICEMAININTERFACE)" configname="$var(DEVICEMAINCONFIGNAME)"/>
          <action name="endif"                                                                                                     string="endif"/>
          <action name="if we will not use sendcommand"                                                                            string="if $var(findresult)=-1" />
             <action name="Standard Command "                                                                                      string="modifyvar" varname="$var(inputaction)" operator="find" parameter1="Send " parameter2="findresult" />
             <action name="we have Standard Command, so use it"                                                                    string="$var(inputaction)"  interface="$var(DEVICEMAININTERFACE)" configname="$var(DEVICEMAINCONFIGNAME)" condition="$var(findresult)=0"/>
             <action name="Otherwise Select input by call"                                                                         string="call $var(inputaction)" condition="$var(findresult)=-1"/>
          <action name="endif"                                                                                                     string="endif"/>
        <action name="endif"                                                                                                       string="endif"/>

        <!-- Init Volume, if given-->
        <action name="Init Volume, if given"                                                                                       string="if $var(volumetoset)!=-1" />
           <action name="Set the volume var"                                                                                       string="setvar volumetoset=$var(volumetoset)" />
           <action name="Set the volume"                                                                                           string="Send Set Volume" interface="$var(DEVICEVOLUMEINTERFACE)" configname="$var(DEVICEVOLUMECONFIGNAME)"  />
           <action name="Update Volume text (FKT WaitFor Activity_Device)"                                                         string="updatewidget Main Volume Textvalue@$var(CURRENTPAGE)" />
        <action name="endif"                                                                                                       string="endif"/>
    </action>

    <action name="FKT CreateArrayDevicesForActivityGroups">
        <action name="Loop through all ActivitieGroups" string="forin" varname="ACTIVITYGROUPNAME[]"  level="1" actionname="FKT CreateArrayDevicesForActivityGroup" />
    </action>
    <action name="FKT CreateArrayDevicesForActivityGroup">
        <action name="Increase n# of Groups"                         string="modifyvar" varname="ACTIVITY_CNTGROUPS" operator="increase"  parameter1="1" />
        <action name="Init Numer of Activities per Group"            string="setvar ACTIVITY_GROUP_CNTACTIVITIES[$var(ACTIVITY_CNTGROUPS)]=0" />
        <action name="Set Group Index"                               string="setvar ACTIVITY_GROUP=$par(forin_index)" />
        <action name="Loop through all Activity-Devices to Power On" string="forin" varname="ACTIVITYDEVICE[$var(ACTIVITY_GROUP)][]"  level="2" actionname="FKT CreateArrayDevicesForActivityGroup_Sub" />
        <action name="Count Activities"                              string="forin" varname="ACTIVITY_NAME[$var(ACTIVITY_GROUP)][]"   level="2" actionname="FKT CntActivitiesPerActivityGroup" />
    </action>
    <action name="FKT CreateArrayDevicesForActivityGroup_Sub">
        <action name="Add Var to Array" string="modifyvar" varname="ACTIVITYGROUPDEVICES[$var(ACTIVITY_GROUP)][]" operator="addtoarray" parameter1="$par(forin_value)" parameter2="1"/>
    </action>

    <action name="FKT CntActivitiesPerActivityGroup">
        <action name="Increase n# of Activies per Groups" string="modifyvar" varname="ACTIVITY_GROUP_CNTACTIVITIES[$var(ACTIVITY_CNTGROUPS)]" operator="increase"  parameter1="1" />
    </action>

    <action name="FKT SwitchOff Activity">
        <action name="Create Name for PowerStatus part 1"   string="setvar TMP_POWERSTATUS=ACTIVITY_POWERSTATUS[$var(ACTIVITY_GROUP)][$var(ACTIVITY_NUMBER)]" />
        <action name="Create Name for PowerStatus part 2"   string="modifyvar" varname="TMP_POWERSTATUS" operator="fromvar"  />
        <action name="if not allready off"                  string="if $var(TMP_POWERSTATUS)!=OFF"/>
            <action name="Pull Function name #1"            string="setvar ACTIVITY_PREPOWEROFFACTION=ACTIVITY_PREPOWEROFFACTION[$var(ACTIVITY_GROUP)][$var(ACTIVITY_NUMBER)]" />
            <action name="Create tmpar part  #2"            string="modifyvar" varname="ACTIVITY_PREPOWEROFFACTION" operator="fromvar"  />
            <action name="Call PrePowerOff Action"          string="call $var(ACTIVITY_PREPOWEROFFACTION)" condition="$var(ACTIVITY_PREPOWEROFFACTION)!=NoAction" />
            <!-- not 100% correct:we switch of all activygroupdevices instead of devices of a activity.should result in the same-->
            <action name="Switch off Devices"               string="call FKT SwitchOffUsedActivityGroupDevices" />
            <action name="Set Powerstatus Activity to off"  string="setvar ACTIVITY_POWERSTATUS[$var(ACTIVITY_GROUP)][$var(ACTIVITY_NUMBER)]=OFF" />
            <action name="Pull Function name #1"            string="setvar ACTIVITY_POSTPOWEROFFACTION=ACTIVITY_POSTPOWEROFFACTION[$var(ACTIVITY_GROUP)][$var(ACTIVITY_NUMBER)]" />
            <action name="Create tmpar part  #2"            string="modifyvar" varname="ACTIVITY_POSTPOWEROFFACTION" operator="fromvar"  />
            <action name="Call PostPowerOff Action"         string="call $var(ACTIVITY_POSTPOWEROFFACTION)" condition="$var(ACTIVITY_POSTPOWEROFFACTION)!=NoAction" />
        <action name="endif" string="endif"/>
    </action>

    <action name="FKT SwitchOffUnusedActivityGroupDevices">
        <!-- make a temporary copy of array of all used group devices-->
        <action name="Delete elements of temporary array"   string="forin" varname="TMP_ACTIVITYGROUPDEVICES[$var(ACTIVITY_GROUP)][]"               level="2" actionname="FKT SwitchOffUnusedActivityGroupDevices_DeleteTemp"/>
        <action name="Add elements to temporary array"      string="forin" varname="ACTIVITYGROUPDEVICES[$var(ACTIVITY_GROUP)][]"                   level="2" actionname="FKT SwitchOffUnusedActivityGroupDevices_CopyTemp"/>
        <action name="Remove all used Activity Devices"     string="forin" varname="ACTIVITYDEVICE[$var(ACTIVITY_GROUP)][$var(ACTIVITY_NUMBER)][]"  level="3" actionname="FKT SwitchOffUnusedActivityGroupDevices_RemoveUsed"/>
        <!-- Now we have a temporary list of all unused devices for this activity-->
        <action name="Set Power Off Volume"                 string="forin" varname="ACTIVITYDEVICE[$var(ACTIVITY_GROUP)][$var(ACTIVITY_NUMBER)][]"  level="3" actionname="FKT SwitchOffUnusedActivityGroupDevices_SetPowerOffVolume"/>
        <action name="Switch off all unused devices"        string="forin" varname="TMP_ACTIVITYGROUPDEVICES[$var(ACTIVITY_GROUP)][]"               level="2" actionname="FKT SwitchOffUnusedActivityGroupDevices_SwitchOffDevice"/>
    </action>
    <action name="FKT SwitchOffUnusedActivityGroupDevices_SetPowerOffVolume">
        <action name="Save Var"  string="setvar GROUPDEVICE_value=$par(forin_value)" />
        <action name="Save Var"  string="setvar GROUPDEVICE_index=$par(forin_index)" />
        <action name="For devices to be switched off"        string="forin" varname="TMP_ACTIVITYGROUPDEVICES[$var(ACTIVITY_GROUP)][]"  level="2" actionname="FKT SwitchOffUnusedActivityGroupDevices_SetPowerOffVolume_Sub"/>
    </action>

    <action name="FKT SwitchOffUnusedActivityGroupDevices_SetPowerOffVolume_Sub">
        <action name="If Device is part of Poweroff Devices"  string="call FKT SwitchOffActivityGroupDevice_SetPowerOffVolume" condition="$var(GROUPDEVICE_value)==$par(forin_value)"/>
    </action>

    <action name="FKT SwitchOffUnusedActivityGroupDevices_DeleteTemp">
        <action name="Delete Element" string="modifyvar" varname="$par(forin_var)" operator="delete"  />
    </action>
    <action name="FKT SwitchOffUnusedActivityGroupDevices_CopyTemp">
        <action name="Add Element" string="setvar TMP_$par(forin_var)=$par(forin_value)"/>
    </action>
    <action name="FKT SwitchOffUnusedActivityGroupDevices_RemoveUsed">
        <action name="Delete Element" string="modifyvar" varname="TMP_ACTIVITYGROUPDEVICES[$var(ACTIVITY_GROUP)][]" operator="removefromarray" parameter1="$par(forin_value)" />
    </action>

    <action name="FKT SwitchOffUnusedActivityGroupDevices_SwitchOffDevice">
        <action name="Create Name for PowerStatus part 1" string="setvar TMP_POWERSTATUS=POWERSTATUS_$par(forin_value)" />
        <action name="Create Name for PowerStatus part 2" string="modifyvar" varname="TMP_POWERSTATUS" operator="fromvar"  />
        <action name="Switch off Device"                  string="call FKT SwitchOff $par(forin_value)" condition="$var(TMP_POWERSTATUS)==ON"/>
    </action>

    <action name="FKT SwitchOffUsedActivityGroupDevices">
        <action name="Loop through all used Activity Devices"     string="forin" varname="ACTIVITYGROUPDEVICES[$var(ACTIVITY_GROUP)][]"  level="2" actionname="FKT SwitchOffUsedActivityGroupDevices_SwitchOffSingleDevice"/>
    </action>
    <action name="FKT SwitchOffUsedActivityGroupDevices_SwitchOffSingleDevice">
        <action name="Save Var"  string="setvar GROUPDEVICE_value=$par(forin_value)" />
        <action name="Save Var"  string="setvar GROUPDEVICE_index=$par(forin_index)" />
        <action name="Set Power Off Volume"  string="call FKT SwitchOffActivityGroupDevice_SetPowerOffVolume"/>
        <action name="Create Name for PowerStatus part 1"     string="setvar TMP_POWERSTATUS=POWERSTATUS_$par(forin_value)" />
        <action name="Create Name for PowerStatus part 2"     string="modifyvar" varname="TMP_POWERSTATUS" operator="fromvar"  />
        <action name="Switch off Device"     string="call FKT SwitchOff $par(forin_value)" condition="$var(TMP_POWERSTATUS)==ON"/>
    </action>

    <action name="FKT SwitchAllOffActivityGroup_SetPowerOffVolume_Activity">
        <action name="Set Activity Number"                    string="setvar ACTIVITY_NUMBER=$var(ACTIVITY_NUMBER_index)" />
        <action name="Create Name for PowerStatus part 1"     string="setvar TMP_POWERSTATUS=ACTIVITY_POWERSTATUS[$var(ACTIVITY_GROUP)][$var(ACTIVITY_NUMBER)]" />
        <action name="Create Name for PowerStatus part 2"     string="modifyvar" varname="TMP_POWERSTATUS" operator="fromvar"  />
        <action name="Set Volume for all devices in Activity" string="forin" varname="ACTIVITYDEVICE[$var(ACTIVITY_GROUP)][$var(ACTIVITY_NUMBER)][]" level="3" actionname="FKT SwitchOffActivityGroupDevice_SetPowerOffVolume_Helper" condition="$var(TMP_POWERSTATUS)==ON"/>
    </action>

    <action name="FKT SwitchOffActivityGroupDevice_SetPowerOffVolume_Helper">
        <action name="Save Var"    string="setvar GROUPDEVICE_value=$par(forin_value)" />
        <action name="Save Var"    string="setvar GROUPDEVICE_index=$par(forin_index)" />
        <action name="Set Volume"  string="call FKT SwitchOffActivityGroupDevice_SetPowerOffVolume"/>
    </action>

    <action name="FKT SwitchAllOffActivityGroup">
        <action name="Pull Function Vars"                  string="setvar ACTIVITY_GROUP=$var(FKT SwitchAllOffActivityGroup_parameter_ACTIVITYGROUP)" />
        <action name="Loop through all Activities"         string="forin" varname="ACTIVITY_NAME[$var(ACTIVITY_GROUP)][]"  level="2" actionname="FKT SwitchAllOffActivityGroup_SwitchOffSingleActivity"/>
        <action name="Create Name for Start Page part 1"   string="setvar ACTIVITYGROUP_STARTPAGE=ACTIVITYGROUPHOMEPAGE[$var(ACTIVITY_GROUP)]" />
        <action name="Create Name for Start Page part 2"   string="modifyvar" varname="ACTIVITYGROUP_STARTPAGE" operator="fromvar"  />
        <action name="Show Main Activity Page"             string="showpage $var(ACTIVITYGROUP_STARTPAGE)" />
        <action name="Create Name for Button Group part 1" string="setvar ACTIVITYBUTTONGROUP=ACTIVITYGROUPBUTTONGROUPNAME[$var(ACTIVITY_GROUP)]" />
        <action name="Create Name for Button Group part 2" string="modifyvar" varname="ACTIVITYBUTTONGROUP" operator="fromvar"  />
        <action name="All Activity Buttons OFF"            string="setwidgetattribute" widgetname="$var(ACTIVITYBUTTONGROUP)@$var(ACTIVITYGROUP_STARTPAGE)" attributename="allbuttonsoff"  />
    </action>

    <action name="FKT SwitchAllOffActivityGroup_SwitchOffSingleActivity">
        <action name="Pull Function Vars"  string="setvar ACTIVITY_NUMBER=$par(forin_index)" />
        <action name="Switch Of Activity" string="call FKT SwitchOff Activity"  />
    </action>

    <action name="FKT SwitchOffActivityGroupDevice_SetPowerOffVolume">
        <action name="Create Name for PowerStatus part 1"     string="setvar TMP_POWERSTATUS=POWERSTATUS_$var(GROUPDEVICE_value)" />
        <action name="Create Name for PowerStatus part 2"     string="modifyvar" varname="TMP_POWERSTATUS" operator="fromvar"  />
        <action name="If On"                                  string="if $var(TMP_POWERSTATUS)==ON"/>
            <action name="Create Volume part 1"               string="setvar volumetoset=ACTIVITYDEVICE_DEINITVOLUME[$var(ACTIVITY_GROUP)][$var(ACTIVITY_NUMBER)][$var(GROUPDEVICE_index)]" />
            <action name="Create Volume part 2"               string="modifyvar" varname="volumetoset" operator="fromvar"  />
            <action name="Set Volume, if given"               string="if $var(volumetoset)!=-1" />
                <action name="Create Volume InterFaceName #1" string="setvar DEVICEVOLUMEINTERFACE=$var(GROUPDEVICE_value)_INTERFACE_VOLUME" />
                <action name="Create Volume InterFaceName #2" string="modifyvar" varname="DEVICEVOLUMEINTERFACE" operator="fromvar"  />
                <action name="Create Volume InterFaceName #1" string="setvar DEVICEVOLUMECONFIGNAME=$var(GROUPDEVICE_value)_CONFIGNAME_VOLUME" />
                <action name="Create Volume InterFaceName #2" string="modifyvar" varname="DEVICEVOLUMECONFIGNAME" operator="fromvar"  />
                <action name="Set the volume var"             string="setvar volumetoset=$var(volumetoset)" />
                <action name="Set the volume"                 string="Send Set Volume" interface="$var(DEVICEVOLUMEINTERFACE)" configname="$var(DEVICEVOLUMECONFIGNAME)"  />
            <action name="endif"                              string="endif"/>
        <action name="endif"                                  string="endif"/>
    </action>

    <action name="FKT SwitchAllOffActivityGroup_SetActivityStatusOff">
        <action name="Set Powerstatus Activity to off"  string="setvar ACTIVITY_POWERSTATUS[$var(ACTIVITY_GROUP)][$par(forin_index)]=OFF" />
    </action>

    <action name="FKT InitActivityVars">
        <action name="Set to Zero"  string="setvar ACTIVITY_CNTGROUPS=0" />
        <action name="Create Helper Array of all devices per activity group" string="call FKT CreateArrayDevicesForActivityGroups" />
    </action>

    <action name="Add NavigationBar $dvar(definition_activity_template)">
        <action name="Add Topline Activity Template $dvar(definition_activity_template)" string="loadelement" filename="$var(STANDARDELEMENTSPATH)/block_topline.xml" pagename="Page_Devices_$dvar(definition_activity_template)" />
    </action>

    <action name="FKT DisableUnusedDeviceButtons">
        <action name="If No Caption" string="if '$par(forin_value)'==''"/>
           <action name="Disable button"  string="setwidgetattribute" widgetname="Button Device[$par(forin_index)]" attributename="enable" attributevalue="0"/>
           <action name="Disable picture" string="setwidgetattribute" widgetname="Picture Device[$par(forin_index)]" attributename="enable" attributevalue="0"/>
        <action name="endif" string="endif"/>
    </action>

    <action name="FKT SetActivityDevicesKeyhandler">
        <action name="If we have a page" string="if '$par(forin_value)'!=''"/>
           <action name="Add ESC Key Handler"    string="registernotification" filterpagename="$par(forin_value)"  notification="on_key_ESC" notifyaction="Show Page" actionpars='{"pagename":"Page_Devices_$dvar(definition_activity_template)"}' />
        <action name="endif" string="endif"/>
    </action>

</includes>

