<?xml version="1.0" encoding="UTF-8"?>
<includes  xmlns:xi="http://www.w3.org/2001/XInclude">

    <action name="Show Page TV Popup Panasonic 4K" string="showpage Page_Device_$dvar(definition_alias_mediaplayer_panasonic_4k)_Popup"  />
    <action name="Show Page TV Popup Panasonic" string="showpage Page_Device_$dvar(definition_alias_mediaplayer_panasonictvnet)_Popup"  />

    <action name="Send Restart KODI1"  >
        <action name="Restart Kodi in Living Room" string="call Stop Start APP By Name $dvar(definition_alias_appfavorites_android)" appname="Kodi" APPINTERFACE="$var($dvar(definition_alias_mediaplayer_shield)_INTERFACE_MAIN)" APPCONFIGNAME="$var($dvar(definition_alias_mediaplayer_shield)_CONFIGNAME_MAIN)"/>
    </action>

    <action name="Send Restart KODI2"  >
        <action name="Restart Kodi in Launge" string="call Stop Start APP By Name $dvar(definition_alias_appfavorites_android)" appname="Kodi" APPINTERFACE="$var($dvar(definition_alias_mediaplayer_firetv2)_INTERFACE_MAIN)" APPCONFIGNAME="$var($dvar(definition_alias_mediaplayer_firetv2)_CONFIGNAME_MAIN)"/>
    </action>

    <action name="Send Restart APIV"  >
        <action name="Restart Amazon Instant Video in Living Room" string="call Stop Start APP By Name $dvar(definition_alias_appfavorites_android)" appname="Amazon Prime" APPINTERFACE="$var($dvar(definition_alias_mediaplayer_shield)_INTERFACE_MAIN)" APPCONFIGNAME="$var($dvar(definition_alias_mediaplayer_shield)_CONFIGNAME_MAIN)"/>
    </action>

    <action name="Send Reboot HTPC1"  string="Send Reboot" interface="$var($dvar(definition_alias_mediaplayer_shield)_INTERFACE_MAIN)" configname="$var($dvar(definition_alias_mediaplayer_shield)_CONFIGNAME_MAIN)" />
    <action name="Send Reboot HTPC2"  string="Send Reboot" interface="$var($dvar(definition_alias_mediaplayer_firetv2)_INTERFACE_MAIN)" configname="$var($dvar(definition_alias_mediaplayer_firetv2)_CONFIGNAME_MAIN)" />

  <action name="FKT Reboot HTPC2">
    <action string="showquestion" title="$lvar(5003)" message="$lvar(thica_10100)" actionyes="Send Reboot HTPC2"/>
  </action>

  <action replaceoption="appendtoexisting" name="Add NavigationBar $dvar(definition_activityalias_mediaplayer_tv1)">
    <action name="adjust Activity TV1 page Button all off" string="loadelement" filename="$var(DEFINITIONPATH)/block_button_alloff_activitygroup_1.xml" pagename="Page_Device_$dvar(definition_activityalias_mediaplayer_tv1)"/>
  </action>
  <action replaceoption="appendtoexisting" name="Add NavigationBar $dvar(definition_alias_mediaplayer_panasonictvnet)">
    <action name="adjust Activity TV2 page Button all off" string="loadelement" filename="$var(DEFINITIONPATH)/block_button_alloff_activitygroup_1.xml" pagename="Page_Device_$dvar(definition_alias_mediaplayer_panasonictvnet)"/>
  </action>
  <action replaceoption="appendtoexisting" name="Add NavigationBar $dvar(definition_activityalias_mediaplayer_kodi1)">
    <action name="adjust Activity MC1 page Button all off" string="loadelement" filename="$var(DEFINITIONPATH)/block_button_alloff_activitygroup_1.xml" pagename="Page_Device_$dvar(definition_activityalias_mediaplayer_kodi1)"/>
  </action>
  <action replaceoption="appendtoexisting" name="Add NavigationBar $dvar(definition_activityalias_mediaplayer_apiv1)">
    <action name="adjust Activity APIV1 page Button all off" string="loadelement" filename="$var(DEFINITIONPATH)/block_button_alloff_activitygroup_1.xml" pagename="Page_Device_$dvar(definition_activityalias_mediaplayer_apiv1)"/>
  </action>
  <action replaceoption="appendtoexisting" name="Add NavigationBar $dvar(definition_activityalias_mediaplayer_kodi2)">
    <action name="adjust Activity MC2 page Button all off" string="loadelement" filename="$var(DEFINITIONPATH)/block_button_alloff_activitygroup_2.xml" pagename="Page_Device_$dvar(definition_activityalias_mediaplayer_kodi2)"/>
  </action>
  <action replaceoption="appendtoexisting" name="Add NavigationBar $dvar(definition_activityalias_mediaplayer_ftv2)">
    <action name="adjust Activity FireTv1 page Button all off" string="loadelement" filename="$var(DEFINITIONPATH)/block_button_alloff_activitygroup_2.xml" pagename="Page_Device_$dvar(definition_activityalias_mediaplayer_ftv2)"/>
  </action>
  <action replaceoption="appendtoexisting" name="Add NavigationBar $dvar(definition_activityalias_mediaplayer_games1)">
    <action name="adjust Activity games1 page Button all off" string="loadelement" filename="$var(DEFINITIONPATH)/block_button_alloff_activitygroup_1.xml" pagename="Page_Device_$dvar(definition_activityalias_mediaplayer_games1)"/>
  </action>


    <action replaceoption="appendtoexisting" name="Set Trigger $dvar(definition_activityalias_mediaplayer_kodi1)">
        <action name="Set Trigger to Onkyo" string="call Set Trigger $dvar(definition_alias_mediaplayer_onkyoavr)" />
    </action>


    <!--- Lights  Commands -->
  <xi:include href="$var(DEFINITIONPATH)/actions/customactions_hue.xml" parse="xml" />


</includes>
