<?xml version="1.0" encoding="utf-8"?>
<elements xmlns:xi="http://www.w3.org/2001/XInclude">
    <element name="Anchor Info Frame Sensor" type="ANCHOR">
        <element name="Background Info Sensor" type="PICTURE"  picturenormal="background boxes" enabled="0"/>
        <element name="Anchor Info Frame Sensor Inner" width="%90" heigth="%92" posx="center" posy="middle" type="ANCHOR" enabled="0">
            <element name='Label Device Sensor'                         type='TEXTFIELD'  posx='center'   posy='%2'              width='%100' height='of:width:self:*0.12' caption='$var($dvar(definition_alias_gardena)_DEVICENAME)' fontsize='%h70' htextalign='center' enabled="0" shorten='1'/>
            <element name='Gap Device Sensor'                           type='ANCHOR'     posx='center'   posy='of:bottom:last'  width='%100' height='%5' enabled="0" />
            <element name='Info Sensor Reference'                       type='ANCHOR' posx='left' enabled="0" posy='of:bottom:Gap Device Sensor' width='%70' height='of:height:Label Device Sensor:*1.1'  />

            <element name="ScrollBox info" type="SCROLLCONTAINER"  picturenormal="transparentpic"  posy='of:bottom:Gap Device Sensor' height="%85" >
            <element name='Anchor1 Inner' type='ANCHOR' height="of:width:self:*1.5"  >

            <element name='Label Sensor Ambient Temperature'            type='BUTTON' picturenormal='transparentpic' picturepressed="transparentpic" action="$dvar(definition_alias_gardena)_Info_Button_Pressed_Sensor" posx='center'  shorten='1' enabled="0" fontsize='%h60' htextalign="center"  posy='of:bottom:Gap Device Sensor'  width='%99' height='of:height:Info Sensor Reference' caption='$lvar(gardena_10011)' />
            <element name='Timestamp Sensor Ambient Temperature'        type='BUTTON' picturenormal='transparentpic' picturepressed="transparentpic" action="$dvar(definition_alias_gardena)_Info_Button_Pressed_Sensor" posx='left'  shorten='1' enabled="0" fontsize='%h60' htextalign="left"  posy='of:bottom:last'  width='%99' height='of:height:Info Sensor Reference' caption='$var($dvar(definition_alias_gardena)_SENSOR_AMBIENT_TEMPERATURE_TIMESTAMP)'  />
            <element name='Value Sensor Ambient Temperature'            type='BUTTON' picturenormal='transparentpic' picturepressed="transparentpic" action="$dvar(definition_alias_gardena)_Info_Button_Pressed_Sensor" posx='right' shorten='1' enabled="0" fontsize='%h60' htextalign="right" posy='of:top:last'     width='%30' height='of:height:Info Sensor Reference' caption='$var($dvar(definition_alias_gardena)_SENSOR_AMBIENT_TEMPERATURE_VALUE) &#176;$var($dvar(definition_alias_gardena)_SENSOR_AMBIENT_TEMPERATURE_UNIT)' />
            <element name='Status Sensor Ambient Temperature'           type='BUTTON' picturenormal='transparentpic' picturepressed="transparentpic" action="$dvar(definition_alias_gardena)_Info_Button_Pressed_Sensor" posx='right' shorten='1' enabled="0" fontsize='%h60' htextalign="right" posy='of:bottom:last'  width='%60' height='of:height:Info Sensor Reference' caption='$var($dvar(definition_alias_gardena)_SENSOR_AMBIENT_TEMPERATURE_FROSTSTATUS_VALUE)'  />
            <element name='Devider'                                     type='RECTANGLE' posx='left'  posy='of:bottom:last' height="%0.5"  backgroundcolor='$var(silver)' enabled="0"  />

            <element name='Label Sensor Soil Temperature'               type='BUTTON' picturenormal='transparentpic' picturepressed="transparentpic" action="$dvar(definition_alias_gardena)_Info_Button_Pressed_Sensor" posx='center'  shorten='1' enabled="0" fontsize='%h60' htextalign="center"  posy='of:bottom:last'  width='%99' height='of:height:Info Sensor Reference' caption='$lvar(gardena_10012):'  />
            <element name='Timestamp Sensor Soil Temperature'           type='BUTTON' picturenormal='transparentpic' picturepressed="transparentpic" action="$dvar(definition_alias_gardena)_Info_Button_Pressed_Sensor" posx='left'  shorten='1' enabled="0" fontsize='%h60' htextalign="left"  posy='of:bottom:last'  width='%99' height='of:height:Info Sensor Reference' caption='$var($dvar(definition_alias_gardena)_SENSOR_SOIL_TEMPERATURE_TIMESTAMP)'  />
            <element name='Value Sensor Soil Temperature'               type='BUTTON' picturenormal='transparentpic' picturepressed="transparentpic" action="$dvar(definition_alias_gardena)_Info_Button_Pressed_Sensor" posx='right' shorten='1' enabled="0" fontsize='%h60' htextalign="right" posy='of:top:last'     width='%30' height='of:height:Info Sensor Reference' caption='$var($dvar(definition_alias_gardena)_SENSOR_SOIL_TEMPERATURE_VALUE) &#176;$var($dvar(definition_alias_gardena)_SENSOR_SOIL_TEMPERATURE_UNIT)'  />
            <element name='Devider'                                     type='RECTANGLE' posx='left'  posy='of:bottom:last' height="%0.5"  backgroundcolor='$var(silver)' enabled="0"  />

            <element name='Label Sensor Humidity'                       type='BUTTON' picturenormal='transparentpic' picturepressed="transparentpic" action="$dvar(definition_alias_gardena)_Info_Button_Pressed_Sensor" posx='center'  shorten='1' enabled="0" fontsize='%h60' htextalign="center"  posy='of:bottom:last'  width='%99' height='of:height:Info Sensor Reference' caption='$lvar(gardena_10013)'  />
            <element name='Timestamp Sensor Humidity'                   type='BUTTON' picturenormal='transparentpic' picturepressed="transparentpic" action="$dvar(definition_alias_gardena)_Info_Button_Pressed_Sensor" posx='left'  shorten='1' enabled="0" fontsize='%h60' htextalign="left"  posy='of:bottom:last'  width='%99' height='of:height:Info Sensor Reference' caption='$var($dvar(definition_alias_gardena)_SENSOR_HUMIDITY_TIMESTAMP)' />
            <element name='Value Sensor Humidity'                       type='BUTTON' picturenormal='transparentpic' picturepressed="transparentpic" action="$dvar(definition_alias_gardena)_Info_Button_Pressed_Sensor" posx='right' shorten='1' enabled="0" fontsize='%h60' htextalign="right" posy='of:top:last'     width='%30' height='of:height:Info Sensor Reference' caption='$var($dvar(definition_alias_gardena)_SENSOR_HUMIDITY_VALUE) $var($dvar(definition_alias_gardena)_SENSOR_HUMIDITY_UNIT)'  />
            <element name='Devider'                                     type='RECTANGLE' posx='left'  posy='of:bottom:last' height="%0.5"  backgroundcolor='$var(silver)'  enabled="0" />

            <element name='Label Sensor Light'                          type='BUTTON' picturenormal='transparentpic' picturepressed="transparentpic" action="$dvar(definition_alias_gardena)_Info_Button_Pressed_Sensor" posx='center'  shorten='1' enabled="0" fontsize='%h60' htextalign="center"  posy='of:bottom:last'  width='%99' height='of:height:Info Sensor Reference' caption='$lvar(gardena_10014)'  />
            <element name='Timestamp Sensor Light'                      type='BUTTON' picturenormal='transparentpic' picturepressed="transparentpic" action="$dvar(definition_alias_gardena)_Info_Button_Pressed_Sensor" posx='left'  shorten='1' enabled="0" fontsize='%h60' htextalign="left"  posy='of:bottom:last'  width='%99' height='of:height:Info Sensor Reference' caption='$var($dvar(definition_alias_gardena)_SENSOR_LIGHT_TIMESTAMP)'   />
            <element name='Value Sensor Light'                          type='BUTTON' picturenormal='transparentpic' picturepressed="transparentpic" action="$dvar(definition_alias_gardena)_Info_Button_Pressed_Sensor" posx='right' shorten='1' enabled="0" fontsize='%h60' htextalign="right" posy='of:top:last'     width='%30' height='of:height:Info Sensor Reference' caption='$var($dvar(definition_alias_gardena)_SENSOR_LIGHT_VALUE) $var($dvar(definition_alias_gardena)_SENSOR_LIGHT_UNIT)'  />
            <element name='Devider'                                     type='RECTANGLE' posx='left'  posy='of:bottom:last' height="%0.5"  backgroundcolor='$var(silver)' enabled="0"  />

            <element name='Label Sensor Battery'                        type='BUTTON' picturenormal='transparentpic' picturepressed="transparentpic" action="$dvar(definition_alias_gardena)_Info_Button_Pressed_Sensor" posx='center'  shorten='1' enabled="0" fontsize='%h60' htextalign="center"  posy='of:bottom:last'  width='%99' height='of:height:Info Sensor Reference' caption='$lvar(gardena_10015)'  />
            <element name='Timestamp Sensor Battery'                    type='BUTTON' picturenormal='transparentpic' picturepressed="transparentpic" action="$dvar(definition_alias_gardena)_Info_Button_Pressed_Sensor" posx='left'  shorten='1' enabled="0" fontsize='%h60' htextalign="left"  posy='of:bottom:last'  width='%99' height='of:height:Info Sensor Reference' caption='$var($dvar(definition_alias_gardena)_SENSOR_BATTERY_TIMESTAMP)' />
            <element name='Value Sensor Battery'                        type='BUTTON' picturenormal='transparentpic' picturepressed="transparentpic" action="$dvar(definition_alias_gardena)_Info_Button_Pressed_Sensor" posx='right' shorten='1' enabled="0" fontsize='%h60' htextalign="right" posy='of:top:last'     width='%30' height='of:height:Info Sensor Reference' caption='$var($dvar(definition_alias_gardena)_SENSOR_BATTERY_VALUE) $var($dvar(definition_alias_gardena)_SENSOR_BATTERY_UNIT)'  />
            <element name='Devider'                                     type='RECTANGLE' posx='left'  posy='of:bottom:last' height="%0.5"  backgroundcolor='$var(silver)'  enabled="0" />

            <element name='Label Sensor WLAN'                           type='BUTTON' picturenormal='transparentpic' picturepressed="transparentpic" action="$dvar(definition_alias_gardena)_Info_Button_Pressed_Sensor" posx='center'  shorten='1' enabled="0" fontsize='%h60' htextalign="center"  posy='of:bottom:last'  width='%99' height='of:height:Info Sensor Reference' caption='$lvar(gardena_10016)' />
            <element name='Timestamp Sensor WLAN'                       type='BUTTON' picturenormal='transparentpic' picturepressed="transparentpic" action="$dvar(definition_alias_gardena)_Info_Button_Pressed_Sensor" posx='left'  shorten='1' enabled="0" fontsize='%h60' htextalign="left"  posy='of:bottom:last'  width='%99' height='of:height:Info Sensor Reference' caption='$var($dvar(definition_alias_gardena)_SENSOR_RADIO_TIMESTAMP)'  />
            <element name='Value Sensor WLAN'                           type='BUTTON' picturenormal='transparentpic' picturepressed="transparentpic" action="$dvar(definition_alias_gardena)_Info_Button_Pressed_Sensor" posx='right' shorten='1' enabled="0" fontsize='%h60' htextalign="right" posy='of:top:last'     width='%30' height='of:height:Info Sensor Reference' caption='$var($dvar(definition_alias_gardena)_SENSOR_RADIO_VALUE) $var($dvar(definition_alias_gardena)_SENSOR_RADIO_UNIT)'  />
            <element name='Devider'                                     type='RECTANGLE' posx='left'  posy='of:bottom:last' height="%0.5"  backgroundcolor='$var(silver)'  enabled="0" />

            <element name='Label Sensor Connection Status'              type='BUTTON' picturenormal='transparentpic' picturepressed="transparentpic" action="$dvar(definition_alias_gardena)_Info_Button_Pressed_Sensor" posx='center'  shorten='1' enabled="0" fontsize='%h60' htextalign="center"  posy='of:bottom:last'  width='%99' height='of:height:Info Sensor Reference' caption='$lvar(gardena_10017)' />
            <element name='Timestamp Sensor Connection Status'          type='BUTTON' picturenormal='transparentpic' picturepressed="transparentpic" action="$dvar(definition_alias_gardena)_Info_Button_Pressed_Sensor" posx='left'  shorten='1' enabled="0" fontsize='%h60' htextalign="left"  posy='of:bottom:last'  width='%99' height='of:height:Info Sensor Reference' caption='$var($dvar(definition_alias_gardena)_SENSOR_CONNECTION_STATUS_TIMESTAMP)'  />
            <element name='Value Sensor Connection Status'              type='BUTTON' picturenormal='transparentpic' picturepressed="transparentpic" action="$dvar(definition_alias_gardena)_Info_Button_Pressed_Sensor" posx='right' shorten='1' enabled="0" fontsize='%h60' htextalign="right" posy='of:top:last'     width='%30' height='of:height:Info Sensor Reference' caption='$var($dvar(definition_alias_gardena)_SENSOR_CONNECTION_STATUS_VALUE)' />
           </element>
           </element>
        </element>
    </element>
</elements>
