<?xml version="1.0" encoding="utf-8"?>
<elements xmlns:xi="http://www.w3.org/2001/XInclude">
    <element name="Anchor Info Frame Power" type="ANCHOR">
        <element name="Backgound Info Power" type="PICTURE"  picturenormal="background boxes" enabled="0"/>
        <element name="Anchor Info Frame Power Inner" width="%90" heigth="%92" posx="center" posy="middle" type="ANCHOR" enabled="0">

            <element name='Label Device Power'                         type='TEXTFIELD'  posx='center'   posy='%2'              width='%100' height='of:width:self:*0.12' caption='$var($dvar(definition_alias_gardena)_DEVICENAME)' fontsize='%h70' enabled="0" shorten='1'/>
            <element name='Gap Device Power'                           type='ANCHOR'     posx='center'   posy='of:bottom:last'  width='%100' height='%5' enabled="0" />

            <element name='Info Power Reference'                       type='ANCHOR' posx='left' enabled="0" posy='of:bottom:Gap Device Power' width='%70' height='of:height:Label Device Power:*1.1'  />
            <element name="ScrollBox Power" type="SCROLLCONTAINER"  picturenormal="transparentpic"  posy='of:bottom:Gap Device Power' height="%85" >
            <element name='Anchor1 Inner' type='ANCHOR' height="of:width:self:*1.5"  >

            <element name='Label Power Status'                         type='BUTTON' picturenormal='transparentpic' picturepressed="transparentpic" action="$dvar(definition_alias_gardena)_Info_Button_Pressed_Power" posx='left'  shorten='1' enabled="0" fontsize='%h60' htextalign="left"  posy='of:bottom:Gap Device Power'  width='%99' height='of:height:Info Power Reference' caption='$lvar(gardena_10030):' />
            <element name='Timestamp Power Status'                     type='BUTTON' picturenormal='transparentpic' picturepressed="transparentpic" action="$dvar(definition_alias_gardena)_Info_Button_Pressed_Power" posx='left'  shorten='1' enabled="0" fontsize='%h60' htextalign="left"  posy='of:bottom:last'  width='%99' height='of:height:Info Power Reference' caption='$var($dvar(definition_alias_gardena)_POWER_POWER_STATUS_TIMESTAMP)'  />
            <element name='Value Power Status'                         type='BUTTON' picturenormal='transparentpic' picturepressed="transparentpic" action="$dvar(definition_alias_gardena)_Info_Button_Pressed_Power" posx='right' shorten='1' enabled="0" fontsize='%h60' htextalign="right" posy='of:top:last'     width='%99' height='of:height:Info Power Reference' caption='$var($dvar(definition_alias_gardena)_POWER_POWER_STATUS_VALUE)' />
            <element name='Error Status'                               type='BUTTON' picturenormal='transparentpic' picturepressed="transparentpic" action="$dvar(definition_alias_gardena)_Info_Button_Pressed_Power" posx='left'  shorten='1' enabled="0" fontsize='%h60' htextalign="left"  posy='of:bottom:last'  width='%99' height='of:height:Info Power Reference' caption='$var($dvar(definition_alias_gardena)_POWER_POWER_ERROR_VALUE)'  />
            <element name='Devider'                                    type='RECTANGLE' posx='left'  posy='of:bottom:last' height="%0.5"  backgroundcolor='$var(silver)' enabled="0"  />

            <element name='Label Power Connection Status'              type='BUTTON' picturenormal='transparentpic' picturepressed="transparentpic" action="$dvar(definition_alias_gardena)_Info_Button_Pressed_Power" posx='left'  shorten='1' enabled="0" fontsize='%h60' htextalign="left"  posy='of:bottom:last'  width='%99' height='of:height:Info Power Reference' caption='$lvar(gardena_10017):' />
            <element name='Timestamp Power Connection Status'          type='BUTTON' picturenormal='transparentpic' picturepressed="transparentpic" action="$dvar(definition_alias_gardena)_Info_Button_Pressed_Power" posx='left'  shorten='1' enabled="0" fontsize='%h60' htextalign="left"  posy='of:bottom:last'  width='%99' height='of:height:Info Power Reference' caption='$var($dvar(definition_alias_gardena)_POWER_CONNECTION_STATUS_TIMESTAMP)'  />
            <element name='Value Power Connection Status'              type='BUTTON' picturenormal='transparentpic' picturepressed="transparentpic" action="$dvar(definition_alias_gardena)_Info_Button_Pressed_Power" posx='right' shorten='1' enabled="0" fontsize='%h60' htextalign="right" posy='of:top:last'     width='%99' height='of:height:Info Power Reference' caption='$var($dvar(definition_alias_gardena)_POWER_CONNECTION_STATUS_VALUE)' />
            <element name='Devider'                                    type='RECTANGLE' posx='left'  posy='of:bottom:last' height="%0.5"  backgroundcolor='$var(silver)' enabled="0"  />

            <element name='Label Power Radio'                          type='BUTTON' picturenormal='transparentpic' picturepressed="transparentpic" action="$dvar(definition_alias_gardena)_Info_Button_Pressed_Power" posx='left'  shorten='1' enabled="0" fontsize='%h60' htextalign="left"  posy='of:bottom:last'  width='%70' height='of:height:Info Power Reference' caption='$lvar(gardena_10016):' />
            <element name='Value Power Radio'                          type='BUTTON' picturenormal='transparentpic' picturepressed="transparentpic" action="$dvar(definition_alias_gardena)_Info_Button_Pressed_Power" posx='right' shorten='1' enabled="0" fontsize='%h60' htextalign="right" posy='of:top:last'     width='%30' height='of:height:Info Power Reference' caption='$var($dvar(definition_alias_gardena)_POWER_RADIO_VALUE) $var($dvar(definition_alias_gardena)_POWER_RADIO_UNIT)' />
            <element name='Timestamp Power Radio'                      type='BUTTON' picturenormal='transparentpic' picturepressed="transparentpic" action="$dvar(definition_alias_gardena)_Info_Button_Pressed_Power" posx='left'  shorten='1' enabled="0" fontsize='%h60' htextalign="left"  posy='of:bottom:last'  width='%99' height='of:height:Info Power Reference' caption='$var($dvar(definition_alias_gardena)_POWER_RADIO_TIMESTAMP)'  />
        </element>
    </element>
  </element>
</element>
</elements>


