<?xml version="1.0" encoding="utf-8"?>
<elements xmlns:xi="http://www.w3.org/2001/XInclude">
    <element name="Anchor Info Frame Gateway" type="ANCHOR">
        <element name="Backgound Info Gateway" type="PICTURE"  picturenormal="background boxes" enabled="0"/>
        <element name="Anchor Info Frame Gateway Inner" width="%90" heigth="%92" posx="center" posy="middle" type="ANCHOR" enabled="0">

            <element name='Label Device Gateway'                         type='TEXTFIELD'  posx='center'   posy='%2'              width='%100' height='of:width:self:*0.12' caption='$var($dvar(definition_alias_gardena)_DEVICENAME)' fontsize='%h70' enabled="0" shorten='1'/>
            <element name='Gap Device Gateway'                           type='ANCHOR'     posx='center'   posy='of:bottom:last'  width='%100' height='%5' enabled="0" />
            <element name='Info Gateway Reference'                       type='ANCHOR' posx='left' enabled="0" posy='of:bottom:Gap Device Gateway' width='%70' height='of:height:Label Device Gateway:*0.7'  />
            <element name='Label Gateway Connection Status'              type='BUTTON' picturenormal='transparentpic' picturepressed="transparentpic" action="$dvar(definition_alias_gardena)_Info_Button_Pressed_Gateway" posx='left'  shorten='1' enabled="0" fontsize='%h60' htextalign="left"  posy='of:bottom:Gap Device Gateway'  width='%70' height='of:height:Info Gateway Reference' caption='$lvar(gardena_10017):' />
            <element name='Value Gateway Connection Status'              type='BUTTON' picturenormal='transparentpic' picturepressed="transparentpic" action="$dvar(definition_alias_gardena)_Info_Button_Pressed_Gateway" posx='right' shorten='1' enabled="0" fontsize='%h60' htextalign="right" posy='of:top:last'     width='%30' height='of:height:Info Gateway Reference' caption='$var($dvar(definition_alias_gardena)_GATEWAY_CONNECTION_STATUS_VALUE)' />
            <element name='Timestamp Gateway Connection Status'          type='BUTTON' picturenormal='transparentpic' picturepressed="transparentpic" action="$dvar(definition_alias_gardena)_Info_Button_Pressed_Gateway" posx='left'  shorten='1' enabled="0" fontsize='%h60' htextalign="left"  posy='of:bottom:last'  width='%99' height='of:height:Info Gateway Reference' caption='$var($dvar(definition_alias_gardena)_GATEWAY_CONNECTION_STATUS_TIMESTAMP)'  />
            <element name='Devider'                                      type='RECTANGLE' posx='left'  posy='of:bottom:last' height="%0.5"  backgroundcolor='$var(silver)' enabled="0"  />

            <element name='Label Gateway LAN Status'                     type='BUTTON' picturenormal='transparentpic' picturepressed="transparentpic" action="$dvar(definition_alias_gardena)_Info_Button_Pressed_Gateway" posx='left'  shorten='1' enabled="0" fontsize='%h60' htextalign="left"  posy='of:bottom:last'  width='%50' height='of:height:Info Gateway Reference' caption='$lvar(gardena_10020):'  />
            <element name='Value Gateway LAN Status'                     type='BUTTON' picturenormal='transparentpic' picturepressed="transparentpic" action="$dvar(definition_alias_gardena)_Info_Button_Pressed_Gateway" posx='right' shorten='1' enabled="0" fontsize='%h60' htextalign="right" posy='of:top:last'     width='%50' height='of:height:Info Gateway Reference' caption='$var($dvar(definition_alias_gardena)_GATEWAY_LANCONNECTED_VALUE) '  />
            <element name='Devider'                                      type='RECTANGLE' posx='left'  posy='of:bottom:last' height="%0.5"  backgroundcolor='$var(silver)' enabled="0"  />
            <element name='Label Gateway WIFI Status'                    type='BUTTON' picturenormal='transparentpic' picturepressed="transparentpic" action="$dvar(definition_alias_gardena)_Info_Button_Pressed_Gateway" posx='left'  shorten='1' enabled="0" fontsize='%h60' htextalign="left"  posy='of:bottom:last'  width='%50' height='of:height:Info Gateway Reference' caption='$lvar(gardena_10021):'  />
            <element name='Value Gateway WIFI Status'                    type='BUTTON' picturenormal='transparentpic' picturepressed="transparentpic" action="$dvar(definition_alias_gardena)_Info_Button_Pressed_Gateway" posx='right' shorten='1' enabled="0" fontsize='%h60' htextalign="right" posy='of:top:last'     width='%50' height='of:height:Info Gateway Reference' caption='$var($dvar(definition_alias_gardena)_GATEWAY_WIFICONNECTED_VALUE) '  />
            <element name='Label Gateway WIFI Signal'                    type='BUTTON' picturenormal='transparentpic' picturepressed="transparentpic" action="$dvar(definition_alias_gardena)_Info_Button_Pressed_Gateway" posx='left'  shorten='1' enabled="0" fontsize='%h60' htextalign="left"  posy='of:bottom:last'  width='%50' height='of:height:Info Gateway Reference' caption='$lvar(gardena_10022):'  />
            <element name='Value Gateway WIFI Signal'                    type='BUTTON' picturenormal='transparentpic' picturepressed="transparentpic" action="$dvar(definition_alias_gardena)_Info_Button_Pressed_Gateway" posx='right' shorten='1' enabled="0" fontsize='%h60' htextalign="right" posy='of:top:last'     width='%50' height='of:height:Info Gateway Reference' caption='$var($dvar(definition_alias_gardena)_GATEWAY_WIFISIGNAL_VALUE) '  />

        </element>
    </element>
</elements>
