<?xml version="1.0" encoding="utf-8"?>
<elements xmlns:xi="http://www.w3.org/2001/XInclude">
    <element name="Anchor Info Frame Irrigation" type="ANCHOR">
        <element name="Background Info Irrigation" type="PICTURE"  picturenormal="background boxes" enabled="0"/>
        <element name="Anchor Info Frame Irrigation Inner" width="%90" heigth="%92" posx="center" posy="middle" type="ANCHOR" enabled="0">

            <element name='Label Device Irrigation'                         type='TEXTFIELD'  posx='center'   posy='%2'              width='%100' height='of:width:self:*0.12' caption='$var($dvar(definition_alias_gardena)_DEVICENAME)' fontsize='%h70' enabled="0" shorten='1'/>
            <element name='Gap Device Irrigation'                           type='ANCHOR'     posx='center'   posy='of:bottom:last'  width='%100' height='%5' enabled="0" />
            <element name='Info Irrigation Reference'                       type='ANCHOR' posx='left' enabled="0" posy='of:bottom:Gap Device Irrigation' width='%70' height='of:height:Label Device Irrigation:*1.1'  />
            <element name="ScrollBox Irrigation" type="SCROLLCONTAINER"  picturenormal="transparentpic"  posy='of:bottom:Gap Device Irrigation' height="%85" >
            <element name='Anchor1 Inner' type='ANCHOR' height="of:width:self:*1.5"  >

            <element name='Label Irrigation Status'                         type='BUTTON' picturenormal='transparentpic' picturepressed="transparentpic" action="$dvar(definition_alias_gardena)_Info_Button_Pressed_Irrigation" posx='left'  shorten='1' enabled="0" fontsize='%h60' htextalign="left"  posy='of:bottom:Gap Device Irrigation'  width='%33' height='of:height:Info Irrigation Reference' caption='$lvar(gardena_10030):' />
            <element name='Value Irrigation Status'                         type='BUTTON' picturenormal='transparentpic' picturepressed="transparentpic" action="$dvar(definition_alias_gardena)_Info_Button_Pressed_Irrigation" posx='right' shorten='1' enabled="0" fontsize='%h60' htextalign="right" posy='of:top:last'     width='%67' height='of:height:Info Irrigation Reference' caption='$var($dvar(definition_alias_gardena)_IRRIGATION_STATUS_VALUE)' />
            <element name='Label Irrigation Connection Status'              type='BUTTON' picturenormal='transparentpic' picturepressed="transparentpic" action="$dvar(definition_alias_gardena)_Info_Button_Pressed_Irrigation" posx='left'  shorten='1' enabled="0" fontsize='%h60' htextalign="left"  posy='of:bottom:last'  width='%70' height='of:height:Info Irrigation Reference' caption='$lvar(gardena_10017):' />
            <element name='Value Irrigation Connection Status'              type='BUTTON' picturenormal='transparentpic' picturepressed="transparentpic" action="$dvar(definition_alias_gardena)_Info_Button_Pressed_Irrigation" posx='right' shorten='1' enabled="0" fontsize='%h60' htextalign="right" posy='of:top:last'     width='%30' height='of:height:Info Irrigation Reference' caption='$var($dvar(definition_alias_gardena)_IRRIGATION_CONNECTION_STATUS_VALUE)' />
            <element name='Devider'                                         type='RECTANGLE' posx='left'  posy='of:bottom:last' height="%0.5"  backgroundcolor='$var(silver)' enabled="0"  />
            <element name='Label Irrigation Valves'                         type='BUTTON' picturenormal='transparentpic' picturepressed="transparentpic" action="$dvar(definition_alias_gardena)_Info_Button_Pressed_Irrigation" posx='left' shorten='1' enabled="0" fontsize='%h60'   htextalign="left"                 posy='of:bottom:last'  width='%50' height='of:height:Info Irrigation Reference' caption='$lvar(gardena_10034)' />
            <element name='Label Next Start Valves'                         type='BUTTON' picturenormal='transparentpic' picturepressed="transparentpic" action="$dvar(definition_alias_gardena)_Info_Button_Pressed_Irrigation" posx='right' shorten='1' enabled="0" fontsize='%h60'  htextalign="right"                posy='of:bottom:last'  width='%50' height='of:height:Info Irrigation Reference' caption='$lvar(gardena_10033)' />

            <element name='Name Irrigation Valve 0'                         type='BUTTON' picturenormal='transparentpic' picturepressed="transparentpic" action="$dvar(definition_alias_gardena)_Info_Button_Pressed_Irrigation" posx='left'   shorten='1' enabled="0" fontsize='%h60' htextalign="left"  posy='of:bottom:last'  width='%99' height='of:height:Info Irrigation Reference' caption='$var($dvar(definition_alias_gardena)_IRRIGATION_VALVE[0]_NAME_VALUE)' />
            <element name='Start Irrigation Valve 0'                        type='BUTTON' picturenormal='transparentpic' picturepressed="transparentpic" action="$dvar(definition_alias_gardena)_Info_Button_Pressed_Irrigation" posx='right'  shorten='1' enabled="0" fontsize='%h60' htextalign="right" posy='of:bottom:last'     width='%99' height='of:height:Info Irrigation Reference' caption='$var($dvar(definition_alias_gardena)_IRRIGATION_VALVE[0]_SCHEDULED_NEXTSTART)' />

            <element name='Name Irrigation Valve 1'                         type='BUTTON' picturenormal='transparentpic' picturepressed="transparentpic" action="$dvar(definition_alias_gardena)_Info_Button_Pressed_Irrigation" posx='left'  shorten='1' enabled="0" fontsize='%h60' htextalign="left"  posy='of:bottom:last'  width='%99' height='of:height:Info Irrigation Reference' caption='$var($dvar(definition_alias_gardena)_IRRIGATION_VALVE[1]_NAME_VALUE)' />
            <element name='Start Irrigation Valve 1'                        type='BUTTON' picturenormal='transparentpic' picturepressed="transparentpic" action="$dvar(definition_alias_gardena)_Info_Button_Pressed_Irrigation" posx='right'  shorten='1' enabled="0" fontsize='%h60' htextalign="right" posy='of:bottom:last'     width='%99' height='of:height:Info Irrigation Reference' caption='$var($dvar(definition_alias_gardena)_IRRIGATION_VALVE[1]_SCHEDULED_NEXTSTART)' />

            <element name='Name Irrigation Valve 2'                         type='BUTTON' picturenormal='transparentpic' picturepressed="transparentpic" action="$dvar(definition_alias_gardena)_Info_Button_Pressed_Irrigation" posx='left'  shorten='1' enabled="0" fontsize='%h60' htextalign="left"  posy='of:bottom:last'  width='%99' height='of:height:Info Irrigation Reference' caption='$var($dvar(definition_alias_gardena)_IRRIGATION_VALVE[2]_NAME_VALUE)' />
            <element name='Start Irrigation Valve 2'                        type='BUTTON' picturenormal='transparentpic' picturepressed="transparentpic" action="$dvar(definition_alias_gardena)_Info_Button_Pressed_Irrigation" posx='right'  shorten='1' enabled="0" fontsize='%h60' htextalign="right" posy='of:bottom:last'     width='%99' height='of:height:Info Irrigation Reference' caption='$var($dvar(definition_alias_gardena)_IRRIGATION_VALVE[2]_SCHEDULED_NEXTSTART)' />

            <element name='Name Irrigation Valve 3'                         type='BUTTON' picturenormal='transparentpic' picturepressed="transparentpic" action="$dvar(definition_alias_gardena)_Info_Button_Pressed_Irrigation" posx='left'  shorten='1' enabled="0" fontsize='%h60' htextalign="left"  posy='of:bottom:last'  width='%99' height='of:height:Info Irrigation Reference' caption='$var($dvar(definition_alias_gardena)_IRRIGATION_VALVE[3]_NAME_VALUE)' />
            <element name='Start Irrigation Valve 3'                        type='BUTTON' picturenormal='transparentpic' picturepressed="transparentpic" action="$dvar(definition_alias_gardena)_Info_Button_Pressed_Irrigation" posx='right'  shorten='1' enabled="0" fontsize='%h60' htextalign="right" posy='of:bottom:last'     width='%99' height='of:height:Info Irrigation Reference' caption='$var($dvar(definition_alias_gardena)_IRRIGATION_VALVE[3]_SCHEDULED_NEXTSTART)' />

            <element name='Name Irrigation Valve 4'                         type='BUTTON' picturenormal='transparentpic' picturepressed="transparentpic" action="$dvar(definition_alias_gardena)_Info_Button_Pressed_Irrigation" posx='left'  shorten='1' enabled="0" fontsize='%h60' htextalign="left"  posy='of:bottom:last'  width='%99' height='of:height:Info Irrigation Reference' caption='$var($dvar(definition_alias_gardena)_IRRIGATION_VALVE[4]_NAME_VALUE)' />
            <element name='Start Irrigation Valve 4'                        type='BUTTON' picturenormal='transparentpic' picturepressed="transparentpic" action="$dvar(definition_alias_gardena)_Info_Button_Pressed_Irrigation" posx='right'  shorten='1' enabled="0" fontsize='%h60' htextalign="right" posy='of:bottom:last'     width='%99' height='of:height:Info Irrigation Reference' caption='$var($dvar(definition_alias_gardena)_IRRIGATION_VALVE[4]_SCHEDULED_NEXTSTART)' />

            <element name='Name Irrigation Valve 5'                         type='BUTTON' picturenormal='transparentpic' picturepressed="transparentpic" action="$dvar(definition_alias_gardena)_Info_Button_Pressed_Irrigation" posx='left'  shorten='1' enabled="0" fontsize='%h60' htextalign="left"  posy='of:bottom:last'  width='%99' height='of:height:Info Irrigation Reference' caption='$var($dvar(definition_alias_gardena)_IRRIGATION_VALVE[5]_NAME_VALUE)' />
            <element name='Start Irrigation Valve 5'                        type='BUTTON' picturenormal='transparentpic' picturepressed="transparentpic" action="$dvar(definition_alias_gardena)_Info_Button_Pressed_Irrigation" posx='right'  shorten='1' enabled="0" fontsize='%h60' htextalign="right" posy='of:bottom:last'     width='%99' height='of:height:Info Irrigation Reference' caption='$var($dvar(definition_alias_gardena)_IRRIGATION_VALVE[5]_SCHEDULED_NEXTSTART)' />
            </element>
            </element>
        </element>
    </element>
</elements>

