<?xml version="1.0" encoding="utf-8"?>
<elements xmlns:xi="http://www.w3.org/2001/XInclude">
    <element name="Anchor Action Frame Sensor" type="ANCHOR">
        <element name="Frame Sensor" type="PICTURE"  picturenormal="background boxes" enabled="0"/>
        <element name="Anchor Frame Sensor Inner" width="%90" heigth="%92" posx="center" posy="middle" type="ANCHOR" enabled="0">

            <element name="Text Header Sensor"   type="TEXTFIELD" posx="center" posy="%2" height="of:width:self:*0.12" caption="$lvar(gardena_10003)"  fontsize='%h70' htextalign='center' enabled="0" shorten='1'/>
            <element name="Button Update Ambient Temperature"    type="BUTTON"  posx="center"  posy="%30"            width="%90" height="%15" picturenormal='button wide*'  caption="$lvar(gardena_10011)" action="$dvar(definition_alias_gardena)_sensor_measure_ambient_temperature"  enabled="0" />
            <element name="Button Update Light"                  type="BUTTON"  posx="center"  posy="of:bottom:last" width="%90" height="%15" picturenormal='button wide*'  caption="$lvar(gardena_10014)" action="$dvar(definition_alias_gardena)_sensor_measure_light"  enabled="0" />
            <element name="Button Update Humidity"               type="BUTTON"  posx="center"  posy="of:bottom:last" width="%90" height="%15" picturenormal='button wide*'  caption="$lvar(gardena_10013)" action="$dvar(definition_alias_gardena)_sensor_measure_soil_humidity"  enabled="0" />
        </element>
    </element>
</elements>
