<?xml version="1.0" encoding="utf-8"?>
<elements xmlns:xi="http://www.w3.org/2001/XInclude">
    <element name="Anchor Info Frame Mower" type="ANCHOR">
        <element name="Background Info Mower" type="PICTURE"  picturenormal="background boxes" enabled="0"/>
        <element name="Anchor Info Frame Mower Inner" width="%90" heigth="%92" posx="center" posy="middle" type="ANCHOR" enabled="0">

            <element name='Label Device Mower'                         type='TEXTFIELD'  posx='center'   posy='%2'              width='%100' height='of:width:self:*0.12' caption='$var($dvar(definition_alias_gardena)_DEVICENAME)' fontsize='%h70' enabled="0" shorten='1'/>
            <element name='Gap Device Mower'                           type='ANCHOR'     posx='center'   posy='of:bottom:last'  width='%100' height='%5' enabled="0" />

            <element name='Info Mower Reference'                       type='ANCHOR' posx='left' enabled="0" posy='of:bottom:Gap Device Mower' width='%70' height='of:height:Label Device Mower:*0.7'  />

            <element name='Label Mower Status'                         type='BUTTON' picturenormal='transparentpic' picturepressed="transparentpic" action="$dvar(definition_alias_gardena)_Info_Button_Pressed_Mower" posx='left'  shorten='1' enabled="0" fontsize='%h60' htextalign="left"  posy='of:bottom:Gap Device Mower'  width='%33' height='of:height:Info Mower Reference' caption='$lvar(gardena_10030):' />
            <element name='Value Mower Status'                         type='BUTTON' picturenormal='transparentpic' picturepressed="transparentpic" action="$dvar(definition_alias_gardena)_Info_Button_Pressed_Mower" posx='right' shorten='1' enabled="0" fontsize='%h60' htextalign="right" posy='of:top:last'     width='%67' height='of:height:Info Mower Reference' caption='$var($dvar(definition_alias_gardena)_MOWER_MOWER_STATUS_VALUE)' />
            <element name='Error Status'                               type='BUTTON' picturenormal='transparentpic' picturepressed="transparentpic" action="$dvar(definition_alias_gardena)_Info_Button_Pressed_Mower" posx='left'  shorten='1' enabled="0" fontsize='%h60' htextalign="left"  posy='of:bottom:last'  width='%99' height='of:height:Info Mower Reference' caption='$var($dvar(definition_alias_gardena)_MOWER_MOWER_ERROR_VALUE)'  />
            <element name='Timestamp Mower Status'                     type='BUTTON' picturenormal='transparentpic' picturepressed="transparentpic" action="$dvar(definition_alias_gardena)_Info_Button_Pressed_Mower" posx='left'  shorten='1' enabled="0" fontsize='%h60' htextalign="left"  posy='of:bottom:last'  width='%99' height='of:height:Info Mower Reference' caption='$var($dvar(definition_alias_gardena)_MOWER_MOWER_STATUS_TIMESTAMP)'  />
            <element name='Devider'                                    type='RECTANGLE' posx='left'  posy='of:bottom:last' height="%0.5"  backgroundcolor='$var(silver)' enabled="0"  />

            <element name='Label Mower Next Start Time'                type='BUTTON' picturenormal='transparentpic' picturepressed="transparentpic" action="$dvar(definition_alias_gardena)_Info_Button_Pressed_Mower" posx='center' shorten='1' enabled="0" fontsize='%h60'  posy='of:bottom:last'  width='%100' height='of:height:Info Mower Reference' caption='$lvar(gardena_10033)' />
            <element name='Value Mower Next Start Time'                type='BUTTON' picturenormal='transparentpic' picturepressed="transparentpic" action="$dvar(definition_alias_gardena)_Info_Button_Pressed_Mower" posx='left' shorten='1' enabled="0" fontsize='%h60'    posy='of:bottom:last'  width='%100' height='of:height:Info Mower Reference' caption='$var($dvar(definition_alias_gardena)_MOWER_MOWER_NEXTSTARTTIME_VALUE)' />
            <element1 name='Label Mower Next Start Source'              type='BUTTON' picturenormal='transparentpic' picturepressed="transparentpic" action="$dvar(definition_alias_gardena)_Info_Button_Pressed_Mower" posx='left'  shorten='1' enabled="0" fontsize='%h60'  posy='of:bottom:last'  width='%100' height='of:height:Info Mower Reference' caption='$lvar(gardena_10032):' />
            <element name='Value Mower Next Start Source'              type='BUTTON' picturenormal='transparentpic' picturepressed="transparentpic" action="$dvar(definition_alias_gardena)_Info_Button_Pressed_Mower" posx='left' shorten='1' enabled="0" fontsize='%h60'    posy='of:bottom:last'  width='%100' height='of:height:Info Mower Reference' caption='$var($dvar(definition_alias_gardena)_MOWER_MOWER_NEXTSTARTSOURCE_VALUE)' />
            <element name='Devider'                                    type='RECTANGLE' posx='left'  posy='of:bottom:last' height="%0.5"  backgroundcolor='$var(silver)' enabled="0"  />

            <element name='Label Mower Connection Status'              type='BUTTON' picturenormal='transparentpic' picturepressed="transparentpic" action="$dvar(definition_alias_gardena)_Info_Button_Pressed_Mower" posx='left'  shorten='1' enabled="0" fontsize='%h60' htextalign="left"  posy='of:bottom:last'  width='%70' height='of:height:Info Mower Reference' caption='$lvar(gardena_10017):' />
            <element name='Value Mower Connection Status'              type='BUTTON' picturenormal='transparentpic' picturepressed="transparentpic" action="$dvar(definition_alias_gardena)_Info_Button_Pressed_Mower" posx='right' shorten='1' enabled="0" fontsize='%h60' htextalign="right" posy='of:top:last'     width='%30' height='of:height:Info Mower Reference' caption='$var($dvar(definition_alias_gardena)_MOWER_CONNECTION_STATUS_VALUE)' />
            <element name='Timestamp Mower Connection Status'          type='BUTTON' picturenormal='transparentpic' picturepressed="transparentpic" action="$dvar(definition_alias_gardena)_Info_Button_Pressed_Mower" posx='left'  shorten='1' enabled="0" fontsize='%h60' htextalign="left"  posy='of:bottom:last'  width='%99' height='of:height:Info Mower Reference' caption='$var($dvar(definition_alias_gardena)_MOWER_CONNECTION_STATUS_TIMESTAMP)'  />
            <element name='Devider'                                    type='RECTANGLE' posx='left'  posy='of:bottom:last' height="%0.5"  backgroundcolor='$var(silver)' enabled="0"  />

            <element name='Label Mower Battery'                        type='BUTTON' picturenormal='transparentpic' picturepressed="transparentpic" action="$dvar(definition_alias_gardena)_Info_Button_Pressed_Mower" posx='left'  shorten='1' enabled="0" fontsize='%h60' htextalign="left"  posy='of:bottom:last'  width='%70' height='of:height:Info Mower Reference' caption='$lvar(gardena_10015):' />
            <element name='Value Mower Battery'                        type='BUTTON' picturenormal='transparentpic' picturepressed="transparentpic" action="$dvar(definition_alias_gardena)_Info_Button_Pressed_Mower" posx='right' shorten='1' enabled="0" fontsize='%h60' htextalign="right" posy='of:top:last'     width='%30' height='of:height:Info Mower Reference' caption='$var($dvar(definition_alias_gardena)_MOWER_BATTERY_VALUE) $var($dvar(definition_alias_gardena)_MOWER_BATTERY_UNIT)' />
            <element name='Timestamp Mower Battery'                    type='BUTTON' picturenormal='transparentpic' picturepressed="transparentpic" action="$dvar(definition_alias_gardena)_Info_Button_Pressed_Mower" posx='left'  shorten='1' enabled="0" fontsize='%h60' htextalign="left"  posy='of:bottom:last'  width='%99' height='of:height:Info Mower Reference' caption='$var($dvar(definition_alias_gardena)_MOWER_BATTERY_TIMESTAMP)'  />
            <element name='Devider'                                    type='RECTANGLE' posx='left'  posy='of:bottom:last' height="%0.5"  backgroundcolor='$var(silver)' enabled="0"  />

            <element name='Label Mower Radio'                          type='BUTTON' picturenormal='transparentpic' picturepressed="transparentpic" action="$dvar(definition_alias_gardena)_Info_Button_Pressed_Mower" posx='left'  shorten='1' enabled="0" fontsize='%h60' htextalign="left"  posy='of:bottom:last'  width='%70' height='of:height:Info Mower Reference' caption='$lvar(gardena_10016):' />
            <element name='Value Mower Radio'                          type='BUTTON' picturenormal='transparentpic' picturepressed="transparentpic" action="$dvar(definition_alias_gardena)_Info_Button_Pressed_Mower" posx='right' shorten='1' enabled="0" fontsize='%h60' htextalign="right" posy='of:top:last'     width='%30' height='of:height:Info Mower Reference' caption='$var($dvar(definition_alias_gardena)_MOWER_RADIO_VALUE) $var($dvar(definition_alias_gardena)_MOWER_RADIO_UNIT)' />
            <element name='Timestamp Mower Radio'                      type='BUTTON' picturenormal='transparentpic' picturepressed="transparentpic" action="$dvar(definition_alias_gardena)_Info_Button_Pressed_Mower" posx='left'  shorten='1' enabled="0" fontsize='%h60' htextalign="left"  posy='of:bottom:last'  width='%99' height='of:height:Info Mower Reference' caption='$var($dvar(definition_alias_gardena)_MOWER_RADIO_TIMESTAMP)'  />

        </element>
    </element>
</elements>
