<?xml version="1.0" encoding="utf-8"?>
<elements xmlns:xi="http://www.w3.org/2001/XInclude">
    <element name="Anchor Info Frame Location" type="ANCHOR">
        <element name="Background Info Location" type="PICTURE"  picturenormal="background boxes" enabled="0"/>
        <element name="Anchor Info Frame Location Inner" width="%90" heigth="%92" posx="center" posy="middle" type="ANCHOR" enabled="0">

            <element name='Label Location'                                type='TEXTFIELD'  posx='center'   posy='%2'              width='%100' height='of:width:self:*0.12' caption='$var($dvar(definition_alias_gardena)_LOCATION_NAME)' fontsize='%h70' enabled="0" shorten='1'/>
            <element name='Gap Location'                                  type='ANCHOR'     posx='center'   posy='of:bottom:last'  width='%100' height='%5' enabled="0" />

            <element name='Info Location Reference'                       type='ANCHOR' posx='left' enabled="0" posy='of:bottom:Gap Location' width='%70' height='of:height:Label Location:*1.1'  />
            <element name="ScrollBox location" type="SCROLLCONTAINER"  picturenormal="transparentpic"  posy='of:bottom:Gap Location' height="%85" >
            <element name='Anchor1 Inner' type='ANCHOR' height="of:width:self:*1.5"  >

            <element name='Value City'                                    type='BUTTON' picturenormal='transparentpic' picturepressed="transparentpic" action="$dvar(definition_alias_gardena)_Info_Button_Pressed_Location" posx='center' shorten='1' enabled="0" fontsize='%h60'                   posy='of:bottom:Gap Location' width='%100' height='of:height:Info Location Reference' caption='$var($dvar(definition_alias_gardena)_LOCATION_CITY_VALUE)' />
            <element name='Value Address'                                 type='BUTTON' picturenormal='transparentpic' picturepressed="transparentpic" action="$dvar(definition_alias_gardena)_Info_Button_Pressed_Location" posx='center' shorten='0' enabled="0" fontsize='%h30'                   posy='of:bottom:last'         width='%100' height='of:height:Info Location Reference:*2' caption='$var($dvar(definition_alias_gardena)_LOCATION_ADDRESS_VALUE)' />

            <element name='Devider'                                      type='RECTANGLE' posx='left'  posy='of:bottom:last' height="%0.5"  backgroundcolor='$var(silver)' enabled="0"  />

            <element name='Label Sunrise'                                type='BUTTON' picturenormal='transparentpic' picturepressed="transparentpic" action="$dvar(definition_alias_gardena)_Info_Button_Pressed_Location" posx='left'  shorten='1' enabled="0" fontsize='%h60' htextalign="left"  posy='of:bottom:last'  width='%99' height='of:height:Info Location Reference' caption='$lvar(gardena_10043):'  />
            <element name='Value Sunrise'                                type='BUTTON' picturenormal='transparentpic' picturepressed="transparentpic" action="$dvar(definition_alias_gardena)_Info_Button_Pressed_Location" posx='right' shorten='1' enabled="0" fontsize='%h60' htextalign="right" posy='of:top:last'     width='%50' height='of:height:Info Location Reference' caption='$var($dvar(definition_alias_gardena)_LOCATION_SUNRISE_VALUE)'  />
            <element name='Label Sunset'                                 type='BUTTON' picturenormal='transparentpic' picturepressed="transparentpic" action="$dvar(definition_alias_gardena)_Info_Button_Pressed_Location" posx='left'  shorten='1' enabled="0" fontsize='%h60' htextalign="left"  posy='of:bottom:last'  width='%99' height='of:height:Info Location Reference' caption='$lvar(gardena_10044):'  />
            <element name='Value Sunset'                                 type='BUTTON' picturenormal='transparentpic' picturepressed="transparentpic" action="$dvar(definition_alias_gardena)_Info_Button_Pressed_Location" posx='right' shorten='1' enabled="0" fontsize='%h60' htextalign="right" posy='of:top:last'     width='%50' height='of:height:Info Location Reference' caption='$var($dvar(definition_alias_gardena)_LOCATION_SUNSET_VALUE)'  />
            </element>
            </element>
        </element>
    </element>
</elements>
