<?xml version="1.0" encoding="UTF-8"?>
<orca>
  <def_parameter>
    <maxx>19200</maxx>
    <maxy>11280</maxy>
    <defaultfont></defaultfont>
    <fontsize_button>%h30</fontsize_button>
    <fontsize_text>%h30</fontsize_text>
    <author>Carsten Thielepape</author>
    <version>6.0.0</version>
    <support>http://www.orca-remote.org/forum/</support>
    <definitionvars>{"definition_alias_tvfavorites_template":"TV Channels"}</definitionvars>
  </def_parameter>

  <startskip condition="$dvar(definition_alias_tvfavorites_template_IMPORTPAGES)=0"/>
    <pages xmlns:xi="http://www.w3.org/2001/XInclude">
      <xi:include href="$var(DEFINITIONPATHSKINELEMENTS)/pages/page_*" parse="xml"></xi:include>
      <xi:include href="$var(STANDARDPAGESPATH)/page_*" parse="xml" condition="$var(ORCASTANDARDPAGESINCLUDED)!=1"></xi:include>
    </pages>
  <stopskip/>

  <settings>
    <setting title="$lvar(tvtemplate_10511)"     desc="$lvar(tvtemplate_10512)" var="$dvar(definition_alias_tvfavorites_template)_logopackfoldername" type="scrolloptions" default="" options='$var(SETTINGS_LOGOPACKFOLDERNAMES)'/>
    <setting title="$lvar(tvtemplate_10507)"     desc="$lvar(tvtemplate_10508)" var="$dvar(definition_alias_tvfavorites_template)_bouquet"            type="numeric" default="1" />
    <setting title="$lvar(tvtemplate_10506) 1"   type='section' />
    <setting title="$lvar(tvtemplate_10501)"     type="title" />
    <setting title="$lvar(tvtemplate_10509) #1"  desc="$lvar(tvtemplate_10510" var="$dvar(definition_alias_tvfavorites_template)_bouquet_name[1]"     type="string"  default="Bouquet 1" />
    <setting title="$lvar(tvtemplate_10504) #1"  desc="$lvar(tvtemplate_10502)" var="$dvar(definition_alias_tvfavorites_template)_tvchannel[1][1]"    type="numeric" default="1" />
    <setting title="$lvar(tvtemplate_10505) #1"  desc="$lvar(tvtemplate_10503)" var="$dvar(definition_alias_tvfavorites_template)_tvlogo[1][1]"       type="picture" default="$var(RESOURCEPATH)/tvlogos/dark.on.reflection/picons/DA/daserstehd.png" />
    <setting title="$lvar(tvtemplate_10504) #2"  desc="$lvar(tvtemplate_10502)" var="$dvar(definition_alias_tvfavorites_template)_tvchannel[1][2]"    type="numeric" default="2" />
    <setting title="$lvar(tvtemplate_10505) #2"  desc="$lvar(tvtemplate_10503)" var="$dvar(definition_alias_tvfavorites_template)_tvlogo[1][2]"       type="picture" default="$var(RESOURCEPATH)/tvlogos/dark.on.reflection/picons/ZD/zdfhd.png" />
    <setting title="$lvar(tvtemplate_10504) #3"  desc="$lvar(tvtemplate_10502)" var="$dvar(definition_alias_tvfavorites_template)_tvchannel[1][3]"    type="numeric" default="3" />
    <setting title="$lvar(tvtemplate_10505) #3"  desc="$lvar(tvtemplate_10503)" var="$dvar(definition_alias_tvfavorites_template)_tvlogo[1][3]"       type="picture" default="$var(RESOURCEPATH)/tvlogos/dark.on.reflection/picons/WD/wdr.png" />
    <setting title="$lvar(tvtemplate_10504) #4"  desc="$lvar(tvtemplate_10502)" var="$dvar(definition_alias_tvfavorites_template)_tvchannel[1][4]"    type="numeric" default="4" />
    <setting title="$lvar(tvtemplate_10505) #4"  desc="$lvar(tvtemplate_10503)" var="$dvar(definition_alias_tvfavorites_template)_tvlogo[1][4]"       type="picture" default="transparentpic" />
    <setting title="$lvar(tvtemplate_10504) #5"  desc="$lvar(tvtemplate_10502)" var="$dvar(definition_alias_tvfavorites_template)_tvchannel[1][5]"    type="numeric" default="5" />
    <setting title="$lvar(tvtemplate_10505) #5"  desc="$lvar(tvtemplate_10503)" var="$dvar(definition_alias_tvfavorites_template)_tvlogo[1][5]"       type="picture" default="transparentpic" />
    <setting title="$lvar(tvtemplate_10504) #6"  desc="$lvar(tvtemplate_10502)" var="$dvar(definition_alias_tvfavorites_template)_tvchannel[1][6]"    type="numeric" default="6" />
    <setting title="$lvar(tvtemplate_10505) #6"  desc="$lvar(tvtemplate_10503)" var="$dvar(definition_alias_tvfavorites_template)_tvlogo[1][6]"       type="picture" default="transparentpic" />
    <setting title="$lvar(tvtemplate_10504) #7"  desc="$lvar(tvtemplate_10502)" var="$dvar(definition_alias_tvfavorites_template)_tvchannel[1][7]"    type="numeric" default="7" />
    <setting title="$lvar(tvtemplate_10505) #7"  desc="$lvar(tvtemplate_10503)" var="$dvar(definition_alias_tvfavorites_template)_tvlogo[1][7]"       type="picture" default="transparentpic" />
    <setting title="$lvar(tvtemplate_10504) #8"  desc="$lvar(tvtemplate_10502)" var="$dvar(definition_alias_tvfavorites_template)_tvchannel[1][8]"    type="numeric" default="8" />
    <setting title="$lvar(tvtemplate_10505) #8"  desc="$lvar(tvtemplate_10503)" var="$dvar(definition_alias_tvfavorites_template)_tvlogo[1][8]"       type="picture" default="transparentpic" />
    <setting title="$lvar(tvtemplate_10504) #9"  desc="$lvar(tvtemplate_10502)" var="$dvar(definition_alias_tvfavorites_template)_tvchannel[1][9]"    type="numeric" default="9" />
    <setting title="$lvar(tvtemplate_10505) #9"  desc="$lvar(tvtemplate_10503)" var="$dvar(definition_alias_tvfavorites_template)_tvlogo[1][9]"       type="picture" default="transparentpic" />
    <setting title="$lvar(tvtemplate_10504) #10" desc="$lvar(tvtemplate_10502)" var="$dvar(definition_alias_tvfavorites_template)_tvchannel[1][10]"   type="numeric" default="10" />
    <setting title="$lvar(tvtemplate_10505) #10" desc="$lvar(tvtemplate_10503)" var="$dvar(definition_alias_tvfavorites_template)_tvlogo[1][10]"      type="picture" default="transparentpic" />
    <setting title="$lvar(tvtemplate_10504) #11" desc="$lvar(tvtemplate_10502)" var="$dvar(definition_alias_tvfavorites_template)_tvchannel[1][11]"   type="numeric" default="11" />
    <setting title="$lvar(tvtemplate_10505) #11" desc="$lvar(tvtemplate_10503)" var="$dvar(definition_alias_tvfavorites_template)_tvlogo[1][11]"      type="picture" default="transparentpic" />
    <setting title="$lvar(tvtemplate_10504) #12" desc="$lvar(tvtemplate_10502)" var="$dvar(definition_alias_tvfavorites_template)_tvchannel[1][12]"   type="numeric" default="12" />
    <setting title="$lvar(tvtemplate_10505) #12" desc="$lvar(tvtemplate_10503)" var="$dvar(definition_alias_tvfavorites_template)_tvlogo[1][12]"      type="picture" default="transparentpic" />
    <setting title="$lvar(tvtemplate_10504) #13" desc="$lvar(tvtemplate_10502)" var="$dvar(definition_alias_tvfavorites_template)_tvchannel[1][13]"   type="numeric" default="13" />
    <setting title="$lvar(tvtemplate_10505) #13" desc="$lvar(tvtemplate_10503)" var="$dvar(definition_alias_tvfavorites_template)_tvlogo[1][13]"      type="picture" default="transparentpic" />
    <setting title="$lvar(tvtemplate_10504) #14" desc="$lvar(tvtemplate_10502)" var="$dvar(definition_alias_tvfavorites_template)_tvchannel[1][14]"   type="numeric" default="14" />
    <setting title="$lvar(tvtemplate_10505) #14" desc="$lvar(tvtemplate_10503)" var="$dvar(definition_alias_tvfavorites_template)_tvlogo[1][14]"      type="picture" default="transparentpic" />
    <setting title="$lvar(tvtemplate_10504) #15" desc="$lvar(tvtemplate_10502)" var="$dvar(definition_alias_tvfavorites_template)_tvchannel[1][15]"   type="numeric" default="15" />
    <setting title="$lvar(tvtemplate_10505) #15" desc="$lvar(tvtemplate_10503)" var="$dvar(definition_alias_tvfavorites_template)_tvlogo[1][15]"      type="picture" default="transparentpic" />
    <setting title="$lvar(tvtemplate_10504) #16" desc="$lvar(tvtemplate_10502)" var="$dvar(definition_alias_tvfavorites_template)_tvchannel[1][16]"   type="numeric" default="16" />
    <setting title="$lvar(tvtemplate_10505) #16" desc="$lvar(tvtemplate_10503)" var="$dvar(definition_alias_tvfavorites_template)_tvlogo[1][16]"      type="picture" default="transparentpic" />
    <setting title="$lvar(tvtemplate_10504) #17" desc="$lvar(tvtemplate_10502)" var="$dvar(definition_alias_tvfavorites_template)_tvchannel[1][17]"   type="numeric" default="17" />
    <setting title="$lvar(tvtemplate_10505) #17" desc="$lvar(tvtemplate_10503)" var="$dvar(definition_alias_tvfavorites_template)_tvlogo[1][17]"      type="picture" default="transparentpic" />
    <setting title="$lvar(tvtemplate_10504) #18" desc="$lvar(tvtemplate_10502)" var="$dvar(definition_alias_tvfavorites_template)_tvchannel[1][18]"   type="numeric" default="18" />
    <setting title="$lvar(tvtemplate_10505) #18" desc="$lvar(tvtemplate_10503)" var="$dvar(definition_alias_tvfavorites_template)_tvlogo[1][18]"      type="picture" default="transparentpic" />
    <setting title="$lvar(tvtemplate_10504) #19" desc="$lvar(tvtemplate_10502)" var="$dvar(definition_alias_tvfavorites_template)_tvchannel[1][19]"   type="numeric" default="19" />
    <setting title="$lvar(tvtemplate_10505) #19" desc="$lvar(tvtemplate_10503)" var="$dvar(definition_alias_tvfavorites_template)_tvlogo[1][19]"      type="picture" default="transparentpic" />
    <setting title="$lvar(tvtemplate_10504) #20" desc="$lvar(tvtemplate_10502)" var="$dvar(definition_alias_tvfavorites_template)_tvchannel[1][20]"   type="numeric" default="20" />
    <setting title="$lvar(tvtemplate_10505) #20" desc="$lvar(tvtemplate_10503)" var="$dvar(definition_alias_tvfavorites_template)_tvlogo[1][20]"      type="picture" default="transparentpic" />
    <setting title="$lvar(tvtemplate_10504) #21" desc="$lvar(tvtemplate_10502)" var="$dvar(definition_alias_tvfavorites_template)_tvchannel[1][21]"   type="numeric" default="21" />
    <setting title="$lvar(tvtemplate_10505) #21" desc="$lvar(tvtemplate_10503)" var="$dvar(definition_alias_tvfavorites_template)_tvlogo[1][21]"      type="picture" default="transparentpic" />
    <setting title="$lvar(tvtemplate_10504) #22" desc="$lvar(tvtemplate_10502)" var="$dvar(definition_alias_tvfavorites_template)_tvchannel[1][22]"   type="numeric" default="22" />
    <setting title="$lvar(tvtemplate_10505) #22" desc="$lvar(tvtemplate_10503)" var="$dvar(definition_alias_tvfavorites_template)_tvlogo[1][22]"      type="picture" default="transparentpic" />
    <setting title="$lvar(tvtemplate_10504) #23" desc="$lvar(tvtemplate_10502)" var="$dvar(definition_alias_tvfavorites_template)_tvchannel[1][23]"   type="numeric" default="23" />
    <setting title="$lvar(tvtemplate_10505) #23" desc="$lvar(tvtemplate_10503)" var="$dvar(definition_alias_tvfavorites_template)_tvlogo[1][23]"      type="picture" default="transparentpic" />
    <setting title="$lvar(tvtemplate_10504) #24" desc="$lvar(tvtemplate_10502)" var="$dvar(definition_alias_tvfavorites_template)_tvchannel[1][24]"   type="numeric" default="24" />
    <setting title="$lvar(tvtemplate_10505) #24" desc="$lvar(tvtemplate_10503)" var="$dvar(definition_alias_tvfavorites_template)_tvlogo[1][24]"      type="picture" default="transparentpic" />
    <setting title="$lvar(tvtemplate_10504) #25" desc="$lvar(tvtemplate_10502)" var="$dvar(definition_alias_tvfavorites_template)_tvchannel[1][25]"   type="numeric" default="25" />
    <setting title="$lvar(tvtemplate_10505) #25" desc="$lvar(tvtemplate_10503)" var="$dvar(definition_alias_tvfavorites_template)_tvlogo[1][25]"      type="picture" default="transparentpic" />
    <setting title="$lvar(tvtemplate_10504) #26" desc="$lvar(tvtemplate_10502)" var="$dvar(definition_alias_tvfavorites_template)_tvchannel[1][26]"   type="numeric" default="26" />
    <setting title="$lvar(tvtemplate_10505) #26" desc="$lvar(tvtemplate_10503)" var="$dvar(definition_alias_tvfavorites_template)_tvlogo[1][26]"      type="picture" default="transparentpic" />
    <setting title="$lvar(tvtemplate_10504) #27" desc="$lvar(tvtemplate_10502)" var="$dvar(definition_alias_tvfavorites_template)_tvchannel[1][27]"   type="numeric" default="27" />
    <setting title="$lvar(tvtemplate_10505) #27" desc="$lvar(tvtemplate_10503)" var="$dvar(definition_alias_tvfavorites_template)_tvlogo[1][27]"      type="picture" default="transparentpic" />
    <setting title="$lvar(tvtemplate_10506) 2" type='section' />
    <setting title="$lvar(tvtemplate_10501)" type="title" />
    <setting title="$lvar(tvtemplate_10509) #2"  desc="$lvar(tvtemplate_10510" var="$dvar(definition_alias_tvfavorites_template)_bouquet_name[2]"          type="string"  default="Bouquet 2" />
    <setting title="$lvar(tvtemplate_10504) #1"  desc="$lvar(tvtemplate_10502)" var="$dvar(definition_alias_tvfavorites_template)_tvchannel[2][1]"    type="numeric" default="1" />
    <setting title="$lvar(tvtemplate_10505) #1"  desc="$lvar(tvtemplate_10503)" var="$dvar(definition_alias_tvfavorites_template)_tvlogo[2][1]"       type="picture" default="transparentpic" />
    <setting title="$lvar(tvtemplate_10504) #2"  desc="$lvar(tvtemplate_10502)" var="$dvar(definition_alias_tvfavorites_template)_tvchannel[2][2]"    type="numeric" default="1" />
    <setting title="$lvar(tvtemplate_10505) #2"  desc="$lvar(tvtemplate_10503)" var="$dvar(definition_alias_tvfavorites_template)_tvlogo[2][2]"       type="picture" default="transparentpic" />
    <setting title="$lvar(tvtemplate_10504) #3"  desc="$lvar(tvtemplate_10502)" var="$dvar(definition_alias_tvfavorites_template)_tvchannel[2][3]"    type="numeric" default="1" />
    <setting title="$lvar(tvtemplate_10505) #3"  desc="$lvar(tvtemplate_10503)" var="$dvar(definition_alias_tvfavorites_template)_tvlogo[2][3]"       type="picture" default="transparentpic" />
    <setting title="$lvar(tvtemplate_10504) #4"  desc="$lvar(tvtemplate_10502)" var="$dvar(definition_alias_tvfavorites_template)_tvchannel[2][4]"    type="numeric" default="1" />
    <setting title="$lvar(tvtemplate_10505) #4"  desc="$lvar(tvtemplate_10503)" var="$dvar(definition_alias_tvfavorites_template)_tvlogo[2][4]"       type="picture" default="transparentpic" />
    <setting title="$lvar(tvtemplate_10504) #5"  desc="$lvar(tvtemplate_10502)" var="$dvar(definition_alias_tvfavorites_template)_tvchannel[2][5]"    type="numeric" default="1" />
    <setting title="$lvar(tvtemplate_10505) #5"  desc="$lvar(tvtemplate_10503)" var="$dvar(definition_alias_tvfavorites_template)_tvlogo[2][5]"       type="picture" default="transparentpic" />
    <setting title="$lvar(tvtemplate_10504) #6"  desc="$lvar(tvtemplate_10502)" var="$dvar(definition_alias_tvfavorites_template)_tvchannel[2][6]"    type="numeric" default="1" />
    <setting title="$lvar(tvtemplate_10505) #6"  desc="$lvar(tvtemplate_10503)" var="$dvar(definition_alias_tvfavorites_template)_tvlogo[2][6]"       type="picture" default="transparentpic" />
    <setting title="$lvar(tvtemplate_10504) #7"  desc="$lvar(tvtemplate_10502)" var="$dvar(definition_alias_tvfavorites_template)_tvchannel[2][7]"    type="numeric" default="1" />
    <setting title="$lvar(tvtemplate_10505) #7"  desc="$lvar(tvtemplate_10503)" var="$dvar(definition_alias_tvfavorites_template)_tvlogo[2][7]"       type="picture" default="transparentpic" />
    <setting title="$lvar(tvtemplate_10504) #8"  desc="$lvar(tvtemplate_10502)" var="$dvar(definition_alias_tvfavorites_template)_tvchannel[2][8]"    type="numeric" default="1" />
    <setting title="$lvar(tvtemplate_10505) #8"  desc="$lvar(tvtemplate_10503)" var="$dvar(definition_alias_tvfavorites_template)_tvlogo[2][8]"       type="picture" default="transparentpic" />
    <setting title="$lvar(tvtemplate_10504) #9"  desc="$lvar(tvtemplate_10502)" var="$dvar(definition_alias_tvfavorites_template)_tvchannel[2][9]"    type="numeric" default="1" />
    <setting title="$lvar(tvtemplate_10505) #9"  desc="$lvar(tvtemplate_10503)" var="$dvar(definition_alias_tvfavorites_template)_tvlogo[2][9]"       type="picture" default="transparentpic" />
    <setting title="$lvar(tvtemplate_10504) #10" desc="$lvar(tvtemplate_10502)" var="$dvar(definition_alias_tvfavorites_template)_tvchannel[2][10]"   type="numeric" default="1" />
    <setting title="$lvar(tvtemplate_10505) #10" desc="$lvar(tvtemplate_10503)" var="$dvar(definition_alias_tvfavorites_template)_tvlogo[2][10]"      type="picture" default="transparentpic" />
    <setting title="$lvar(tvtemplate_10504) #11" desc="$lvar(tvtemplate_10502)" var="$dvar(definition_alias_tvfavorites_template)_tvchannel[2][11]"   type="numeric" default="1" />
    <setting title="$lvar(tvtemplate_10505) #11" desc="$lvar(tvtemplate_10503)" var="$dvar(definition_alias_tvfavorites_template)_tvlogo[2][11]"      type="picture" default="transparentpic" />
    <setting title="$lvar(tvtemplate_10504) #12" desc="$lvar(tvtemplate_10502)" var="$dvar(definition_alias_tvfavorites_template)_tvchannel[2][12]"   type="numeric" default="1" />
    <setting title="$lvar(tvtemplate_10505) #12" desc="$lvar(tvtemplate_10503)" var="$dvar(definition_alias_tvfavorites_template)_tvlogo[2][12]"      type="picture" default="transparentpic" />
    <setting title="$lvar(tvtemplate_10504) #13" desc="$lvar(tvtemplate_10502)" var="$dvar(definition_alias_tvfavorites_template)_tvchannel[2][13]"   type="numeric" default="1" />
    <setting title="$lvar(tvtemplate_10505) #13" desc="$lvar(tvtemplate_10503)" var="$dvar(definition_alias_tvfavorites_template)_tvlogo[2][13]"      type="picture" default="transparentpic" />
    <setting title="$lvar(tvtemplate_10504) #14" desc="$lvar(tvtemplate_10502)" var="$dvar(definition_alias_tvfavorites_template)_tvchannel[2][14]"   type="numeric" default="1" />
    <setting title="$lvar(tvtemplate_10505) #14" desc="$lvar(tvtemplate_10503)" var="$dvar(definition_alias_tvfavorites_template)_tvlogo[2][14]"      type="picture" default="transparentpic" />
    <setting title="$lvar(tvtemplate_10504) #15" desc="$lvar(tvtemplate_10502)" var="$dvar(definition_alias_tvfavorites_template)_tvchannel[2][15]"   type="numeric" default="1" />
    <setting title="$lvar(tvtemplate_10505) #15" desc="$lvar(tvtemplate_10503)" var="$dvar(definition_alias_tvfavorites_template)_tvlogo[2][15]"      type="picture" default="transparentpic" />
    <setting title="$lvar(tvtemplate_10504) #16" desc="$lvar(tvtemplate_10502)" var="$dvar(definition_alias_tvfavorites_template)_tvchannel[2][16]"   type="numeric" default="1" />
    <setting title="$lvar(tvtemplate_10505) #16" desc="$lvar(tvtemplate_10503)" var="$dvar(definition_alias_tvfavorites_template)_tvlogo[2][16]"      type="picture" default="transparentpic" />
    <setting title="$lvar(tvtemplate_10504) #17" desc="$lvar(tvtemplate_10502)" var="$dvar(definition_alias_tvfavorites_template)_tvchannel[2][17]"   type="numeric" default="1" />
    <setting title="$lvar(tvtemplate_10505) #17" desc="$lvar(tvtemplate_10503)" var="$dvar(definition_alias_tvfavorites_template)_tvlogo[2][17]"      type="picture" default="transparentpic" />
    <setting title="$lvar(tvtemplate_10504) #18" desc="$lvar(tvtemplate_10502)" var="$dvar(definition_alias_tvfavorites_template)_tvchannel[2][18]"   type="numeric" default="1" />
    <setting title="$lvar(tvtemplate_10505) #18" desc="$lvar(tvtemplate_10503)" var="$dvar(definition_alias_tvfavorites_template)_tvlogo[2][18]"      type="picture" default="transparentpic" />
    <setting title="$lvar(tvtemplate_10504) #19" desc="$lvar(tvtemplate_10502)" var="$dvar(definition_alias_tvfavorites_template)_tvchannel[2][19]"   type="numeric" default="1" />
    <setting title="$lvar(tvtemplate_10505) #19" desc="$lvar(tvtemplate_10503)" var="$dvar(definition_alias_tvfavorites_template)_tvlogo[2][19]"      type="picture" default="transparentpic" />
    <setting title="$lvar(tvtemplate_10504) #20" desc="$lvar(tvtemplate_10502)" var="$dvar(definition_alias_tvfavorites_template)_tvchannel[2][20]"   type="numeric" default="1" />
    <setting title="$lvar(tvtemplate_10505) #20" desc="$lvar(tvtemplate_10503)" var="$dvar(definition_alias_tvfavorites_template)_tvlogo[2][20]"      type="picture" default="transparentpic" />
    <setting title="$lvar(tvtemplate_10504) #21" desc="$lvar(tvtemplate_10502)" var="$dvar(definition_alias_tvfavorites_template)_tvchannel[2][21]"   type="numeric" default="1" />
    <setting title="$lvar(tvtemplate_10505) #21" desc="$lvar(tvtemplate_10503)" var="$dvar(definition_alias_tvfavorites_template)_tvlogo[2][21]"      type="picture" default="transparentpic" />
    <setting title="$lvar(tvtemplate_10504) #22" desc="$lvar(tvtemplate_10502)" var="$dvar(definition_alias_tvfavorites_template)_tvchannel[2][22]"   type="numeric" default="1" />
    <setting title="$lvar(tvtemplate_10505) #22" desc="$lvar(tvtemplate_10503)" var="$dvar(definition_alias_tvfavorites_template)_tvlogo[2][22]"      type="picture" default="transparentpic" />
    <setting title="$lvar(tvtemplate_10504) #23" desc="$lvar(tvtemplate_10502)" var="$dvar(definition_alias_tvfavorites_template)_tvchannel[2][23]"   type="numeric" default="1" />
    <setting title="$lvar(tvtemplate_10505) #23" desc="$lvar(tvtemplate_10503)" var="$dvar(definition_alias_tvfavorites_template)_tvlogo[2][23]"      type="picture" default="transparentpic" />
    <setting title="$lvar(tvtemplate_10504) #24" desc="$lvar(tvtemplate_10502)" var="$dvar(definition_alias_tvfavorites_template)_tvchannel[2][24]"   type="numeric" default="1" />
    <setting title="$lvar(tvtemplate_10505) #24" desc="$lvar(tvtemplate_10503)" var="$dvar(definition_alias_tvfavorites_template)_tvlogo[2][24]"      type="picture" default="transparentpic" />
    <setting title="$lvar(tvtemplate_10504) #25" desc="$lvar(tvtemplate_10502)" var="$dvar(definition_alias_tvfavorites_template)_tvchannel[2][25]"   type="numeric" default="1" />
    <setting title="$lvar(tvtemplate_10505) #25" desc="$lvar(tvtemplate_10503)" var="$dvar(definition_alias_tvfavorites_template)_tvlogo[2][25]"      type="picture" default="transparentpic" />
    <setting title="$lvar(tvtemplate_10504) #26" desc="$lvar(tvtemplate_10502)" var="$dvar(definition_alias_tvfavorites_template)_tvchannel[2][26]"   type="numeric" default="1" />
    <setting title="$lvar(tvtemplate_10505) #26" desc="$lvar(tvtemplate_10503)" var="$dvar(definition_alias_tvfavorites_template)_tvlogo[2][26]"      type="picture" default="transparentpic" />
    <setting title="$lvar(tvtemplate_10504) #27" desc="$lvar(tvtemplate_10502)" var="$dvar(definition_alias_tvfavorites_template)_tvchannel[2][27]"   type="numeric" default="1" />
    <setting title="$lvar(tvtemplate_10505) #27" desc="$lvar(tvtemplate_10503)" var="$dvar(definition_alias_tvfavorites_template)_tvlogo[2][27]"      type="picture" default="transparentpic" />
    <setting title="$lvar(tvtemplate_10506) 3" type='section' />
    <setting title="$lvar(tvtemplate_10501)" type="title" />
    <setting title="$lvar(tvtemplate_10509) #3"  desc="$lvar(tvtemplate_10510" var="$dvar(definition_alias_tvfavorites_template)_bouquet_name[3]"          type="string"  default="Bouquet 3" />
    <setting title="$lvar(tvtemplate_10504) #1"  desc="$lvar(tvtemplate_10502)" var="$dvar(definition_alias_tvfavorites_template)_tvchannel[3][1]"    type="numeric" default="1" />
    <setting title="$lvar(tvtemplate_10505) #1"  desc="$lvar(tvtemplate_10503)" var="$dvar(definition_alias_tvfavorites_template)_tvlogo[3][1]"       type="picture" default="transparentpic" />
    <setting title="$lvar(tvtemplate_10504) #2"  desc="$lvar(tvtemplate_10502)" var="$dvar(definition_alias_tvfavorites_template)_tvchannel[3][2]"    type="numeric" default="1" />
    <setting title="$lvar(tvtemplate_10505) #2"  desc="$lvar(tvtemplate_10503)" var="$dvar(definition_alias_tvfavorites_template)_tvlogo[3][2]"       type="picture" default="transparentpic" />
    <setting title="$lvar(tvtemplate_10504) #3"  desc="$lvar(tvtemplate_10502)" var="$dvar(definition_alias_tvfavorites_template)_tvchannel[3][3]"    type="numeric" default="1" />
    <setting title="$lvar(tvtemplate_10505) #3"  desc="$lvar(tvtemplate_10503)" var="$dvar(definition_alias_tvfavorites_template)_tvlogo[3][3]"       type="picture" default="transparentpic" />
    <setting title="$lvar(tvtemplate_10504) #4"  desc="$lvar(tvtemplate_10502)" var="$dvar(definition_alias_tvfavorites_template)_tvchannel[3][4]"    type="numeric" default="1" />
    <setting title="$lvar(tvtemplate_10505) #4"  desc="$lvar(tvtemplate_10503)" var="$dvar(definition_alias_tvfavorites_template)_tvlogo[3][4]"       type="picture" default="transparentpic" />
    <setting title="$lvar(tvtemplate_10504) #5"  desc="$lvar(tvtemplate_10502)" var="$dvar(definition_alias_tvfavorites_template)_tvchannel[3][5]"    type="numeric" default="1" />
    <setting title="$lvar(tvtemplate_10505) #5"  desc="$lvar(tvtemplate_10503)" var="$dvar(definition_alias_tvfavorites_template)_tvlogo[3][5]"       type="picture" default="transparentpic" />
    <setting title="$lvar(tvtemplate_10504) #6"  desc="$lvar(tvtemplate_10502)" var="$dvar(definition_alias_tvfavorites_template)_tvchannel[3][6]"    type="numeric" default="1" />
    <setting title="$lvar(tvtemplate_10505) #6"  desc="$lvar(tvtemplate_10503)" var="$dvar(definition_alias_tvfavorites_template)_tvlogo[3][6]"       type="picture" default="transparentpic" />
    <setting title="$lvar(tvtemplate_10504) #7"  desc="$lvar(tvtemplate_10502)" var="$dvar(definition_alias_tvfavorites_template)_tvchannel[3][7]"    type="numeric" default="1" />
    <setting title="$lvar(tvtemplate_10505) #7"  desc="$lvar(tvtemplate_10503)" var="$dvar(definition_alias_tvfavorites_template)_tvlogo[3][7]"       type="picture" default="transparentpic" />
    <setting title="$lvar(tvtemplate_10504) #8"  desc="$lvar(tvtemplate_10502)" var="$dvar(definition_alias_tvfavorites_template)_tvchannel[3][8]"    type="numeric" default="1" />
    <setting title="$lvar(tvtemplate_10505) #8"  desc="$lvar(tvtemplate_10503)" var="$dvar(definition_alias_tvfavorites_template)_tvlogo[3][8]"       type="picture" default="transparentpic" />
    <setting title="$lvar(tvtemplate_10504) #9"  desc="$lvar(tvtemplate_10502)" var="$dvar(definition_alias_tvfavorites_template)_tvchannel[3][9]"    type="numeric" default="1" />
    <setting title="$lvar(tvtemplate_10505) #9"  desc="$lvar(tvtemplate_10503)" var="$dvar(definition_alias_tvfavorites_template)_tvlogo[3][9]"       type="picture" default="transparentpic" />
    <setting title="$lvar(tvtemplate_10504) #10" desc="$lvar(tvtemplate_10502)" var="$dvar(definition_alias_tvfavorites_template)_tvchannel[3][10]"   type="numeric" default="1" />
    <setting title="$lvar(tvtemplate_10505) #10" desc="$lvar(tvtemplate_10503)" var="$dvar(definition_alias_tvfavorites_template)_tvlogo[3][10]"      type="picture" default="transparentpic" />
    <setting title="$lvar(tvtemplate_10504) #11" desc="$lvar(tvtemplate_10502)" var="$dvar(definition_alias_tvfavorites_template)_tvchannel[3][11]"   type="numeric" default="1" />
    <setting title="$lvar(tvtemplate_10505) #11" desc="$lvar(tvtemplate_10503)" var="$dvar(definition_alias_tvfavorites_template)_tvlogo[3][11]"      type="picture" default="transparentpic" />
    <setting title="$lvar(tvtemplate_10504) #12" desc="$lvar(tvtemplate_10502)" var="$dvar(definition_alias_tvfavorites_template)_tvchannel[3][12]"   type="numeric" default="1" />
    <setting title="$lvar(tvtemplate_10505) #12" desc="$lvar(tvtemplate_10503)" var="$dvar(definition_alias_tvfavorites_template)_tvlogo[3][12]"      type="picture" default="transparentpic" />
    <setting title="$lvar(tvtemplate_10504) #13" desc="$lvar(tvtemplate_10502)" var="$dvar(definition_alias_tvfavorites_template)_tvchannel[3][13]"   type="numeric" default="1" />
    <setting title="$lvar(tvtemplate_10505) #13" desc="$lvar(tvtemplate_10503)" var="$dvar(definition_alias_tvfavorites_template)_tvlogo[3][13]"      type="picture" default="transparentpic" />
    <setting title="$lvar(tvtemplate_10504) #14" desc="$lvar(tvtemplate_10502)" var="$dvar(definition_alias_tvfavorites_template)_tvchannel[3][14]"   type="numeric" default="1" />
    <setting title="$lvar(tvtemplate_10505) #14" desc="$lvar(tvtemplate_10503)" var="$dvar(definition_alias_tvfavorites_template)_tvlogo[3][14]"      type="picture" default="transparentpic" />
    <setting title="$lvar(tvtemplate_10504) #15" desc="$lvar(tvtemplate_10502)" var="$dvar(definition_alias_tvfavorites_template)_tvchannel[3][15]"   type="numeric" default="1" />
    <setting title="$lvar(tvtemplate_10505) #15" desc="$lvar(tvtemplate_10503)" var="$dvar(definition_alias_tvfavorites_template)_tvlogo[3][15]"      type="picture" default="transparentpic" />
    <setting title="$lvar(tvtemplate_10504) #16" desc="$lvar(tvtemplate_10502)" var="$dvar(definition_alias_tvfavorites_template)_tvchannel[3][16]"   type="numeric" default="1" />
    <setting title="$lvar(tvtemplate_10505) #16" desc="$lvar(tvtemplate_10503)" var="$dvar(definition_alias_tvfavorites_template)_tvlogo[3][16]"      type="picture" default="transparentpic" />
    <setting title="$lvar(tvtemplate_10504) #17" desc="$lvar(tvtemplate_10502)" var="$dvar(definition_alias_tvfavorites_template)_tvchannel[3][17]"   type="numeric" default="1" />
    <setting title="$lvar(tvtemplate_10505) #17" desc="$lvar(tvtemplate_10503)" var="$dvar(definition_alias_tvfavorites_template)_tvlogo[3][17]"      type="picture" default="transparentpic" />
    <setting title="$lvar(tvtemplate_10504) #18" desc="$lvar(tvtemplate_10502)" var="$dvar(definition_alias_tvfavorites_template)_tvchannel[3][18]"   type="numeric" default="1" />
    <setting title="$lvar(tvtemplate_10505) #18" desc="$lvar(tvtemplate_10503)" var="$dvar(definition_alias_tvfavorites_template)_tvlogo[3][18]"      type="picture" default="transparentpic" />
    <setting title="$lvar(tvtemplate_10504) #19" desc="$lvar(tvtemplate_10502)" var="$dvar(definition_alias_tvfavorites_template)_tvchannel[3][19]"   type="numeric" default="1" />
    <setting title="$lvar(tvtemplate_10505) #19" desc="$lvar(tvtemplate_10503)" var="$dvar(definition_alias_tvfavorites_template)_tvlogo[3][19]"      type="picture" default="transparentpic" />
    <setting title="$lvar(tvtemplate_10504) #20" desc="$lvar(tvtemplate_10502)" var="$dvar(definition_alias_tvfavorites_template)_tvchannel[3][20]"   type="numeric" default="1" />
    <setting title="$lvar(tvtemplate_10505) #20" desc="$lvar(tvtemplate_10503)" var="$dvar(definition_alias_tvfavorites_template)_tvlogo[3][20]"      type="picture" default="transparentpic" />
    <setting title="$lvar(tvtemplate_10504) #21" desc="$lvar(tvtemplate_10502)" var="$dvar(definition_alias_tvfavorites_template)_tvchannel[3][21]"   type="numeric" default="1" />
    <setting title="$lvar(tvtemplate_10505) #21" desc="$lvar(tvtemplate_10503)" var="$dvar(definition_alias_tvfavorites_template)_tvlogo[3][21]"      type="picture" default="transparentpic" />
    <setting title="$lvar(tvtemplate_10504) #22" desc="$lvar(tvtemplate_10502)" var="$dvar(definition_alias_tvfavorites_template)_tvchannel[3][22]"   type="numeric" default="1" />
    <setting title="$lvar(tvtemplate_10505) #22" desc="$lvar(tvtemplate_10503)" var="$dvar(definition_alias_tvfavorites_template)_tvlogo[3][22]"      type="picture" default="transparentpic" />
    <setting title="$lvar(tvtemplate_10504) #23" desc="$lvar(tvtemplate_10502)" var="$dvar(definition_alias_tvfavorites_template)_tvchannel[3][23]"   type="numeric" default="1" />
    <setting title="$lvar(tvtemplate_10505) #23" desc="$lvar(tvtemplate_10503)" var="$dvar(definition_alias_tvfavorites_template)_tvlogo[3][23]"      type="picture" default="transparentpic" />
    <setting title="$lvar(tvtemplate_10504) #24" desc="$lvar(tvtemplate_10502)" var="$dvar(definition_alias_tvfavorites_template)_tvchannel[3][24]"   type="numeric" default="1" />
    <setting title="$lvar(tvtemplate_10505) #24" desc="$lvar(tvtemplate_10503)" var="$dvar(definition_alias_tvfavorites_template)_tvlogo[3][24]"      type="picture" default="transparentpic" />
    <setting title="$lvar(tvtemplate_10504) #25" desc="$lvar(tvtemplate_10502)" var="$dvar(definition_alias_tvfavorites_template)_tvchannel[3][25]"   type="numeric" default="1" />
    <setting title="$lvar(tvtemplate_10505) #25" desc="$lvar(tvtemplate_10503)" var="$dvar(definition_alias_tvfavorites_template)_tvlogo[3][25]"      type="picture" default="transparentpic" />
    <setting title="$lvar(tvtemplate_10504) #26" desc="$lvar(tvtemplate_10502)" var="$dvar(definition_alias_tvfavorites_template)_tvchannel[3][26]"   type="numeric" default="1" />
    <setting title="$lvar(tvtemplate_10505) #26" desc="$lvar(tvtemplate_10503)" var="$dvar(definition_alias_tvfavorites_template)_tvlogo[3][26]"      type="picture" default="transparentpic" />
    <setting title="$lvar(tvtemplate_10504) #27" desc="$lvar(tvtemplate_10502)" var="$dvar(definition_alias_tvfavorites_template)_tvchannel[3][27]"   type="numeric" default="1" />
    <setting title="$lvar(tvtemplate_10505) #27" desc="$lvar(tvtemplate_10503)" var="$dvar(definition_alias_tvfavorites_template)_tvlogo[3][27]"      type="picture" default="transparentpic" />

    <setting title="$lvar(tvtemplate_10506) 4" type='section' />
    <setting title="$lvar(tvtemplate_10501)" type="title" />
    <setting title="$lvar(tvtemplate_10509) #4"  desc="$lvar(tvtemplate_10510" var="$dvar(definition_alias_tvfavorites_template)_bouquet_name[4]"          type="string"  default="Bouquet 4" />
    <setting title="$lvar(tvtemplate_10504) #1"  desc="$lvar(tvtemplate_10502)" var="$dvar(definition_alias_tvfavorites_template)_tvchannel[4][1]"    type="numeric" default="1" />
    <setting title="$lvar(tvtemplate_10505) #1"  desc="$lvar(tvtemplate_10503)" var="$dvar(definition_alias_tvfavorites_template)_tvlogo[4][1]"       type="picture" default="transparentpic" />
    <setting title="$lvar(tvtemplate_10504) #2"  desc="$lvar(tvtemplate_10502)" var="$dvar(definition_alias_tvfavorites_template)_tvchannel[4][2]"    type="numeric" default="1" />
    <setting title="$lvar(tvtemplate_10505) #2"  desc="$lvar(tvtemplate_10503)" var="$dvar(definition_alias_tvfavorites_template)_tvlogo[4][2]"       type="picture" default="transparentpic" />
    <setting title="$lvar(tvtemplate_10504) #3"  desc="$lvar(tvtemplate_10502)" var="$dvar(definition_alias_tvfavorites_template)_tvchannel[4][3]"    type="numeric" default="1" />
    <setting title="$lvar(tvtemplate_10505) #3"  desc="$lvar(tvtemplate_10503)" var="$dvar(definition_alias_tvfavorites_template)_tvlogo[4][3]"       type="picture" default="transparentpic" />
    <setting title="$lvar(tvtemplate_10504) #4"  desc="$lvar(tvtemplate_10502)" var="$dvar(definition_alias_tvfavorites_template)_tvchannel[4][4]"    type="numeric" default="1" />
    <setting title="$lvar(tvtemplate_10505) #4"  desc="$lvar(tvtemplate_10503)" var="$dvar(definition_alias_tvfavorites_template)_tvlogo[4][4]"       type="picture" default="transparentpic" />
    <setting title="$lvar(tvtemplate_10504) #5"  desc="$lvar(tvtemplate_10502)" var="$dvar(definition_alias_tvfavorites_template)_tvchannel[4][5]"    type="numeric" default="1" />
    <setting title="$lvar(tvtemplate_10505) #5"  desc="$lvar(tvtemplate_10503)" var="$dvar(definition_alias_tvfavorites_template)_tvlogo[4][5]"       type="picture" default="transparentpic" />
    <setting title="$lvar(tvtemplate_10504) #6"  desc="$lvar(tvtemplate_10502)" var="$dvar(definition_alias_tvfavorites_template)_tvchannel[4][6]"    type="numeric" default="1" />
    <setting title="$lvar(tvtemplate_10505) #6"  desc="$lvar(tvtemplate_10503)" var="$dvar(definition_alias_tvfavorites_template)_tvlogo[4][6]"       type="picture" default="transparentpic" />
    <setting title="$lvar(tvtemplate_10504) #7"  desc="$lvar(tvtemplate_10502)" var="$dvar(definition_alias_tvfavorites_template)_tvchannel[4][7]"    type="numeric" default="1" />
    <setting title="$lvar(tvtemplate_10505) #7"  desc="$lvar(tvtemplate_10503)" var="$dvar(definition_alias_tvfavorites_template)_tvlogo[4][7]"       type="picture" default="transparentpic" />
    <setting title="$lvar(tvtemplate_10504) #8"  desc="$lvar(tvtemplate_10502)" var="$dvar(definition_alias_tvfavorites_template)_tvchannel[4][8]"    type="numeric" default="1" />
    <setting title="$lvar(tvtemplate_10505) #8"  desc="$lvar(tvtemplate_10503)" var="$dvar(definition_alias_tvfavorites_template)_tvlogo[4][8]"       type="picture" default="transparentpic" />
    <setting title="$lvar(tvtemplate_10504) #9"  desc="$lvar(tvtemplate_10502)" var="$dvar(definition_alias_tvfavorites_template)_tvchannel[4][9]"    type="numeric" default="1" />
    <setting title="$lvar(tvtemplate_10505) #9"  desc="$lvar(tvtemplate_10503)" var="$dvar(definition_alias_tvfavorites_template)_tvlogo[4][9]"       type="picture" default="transparentpic" />
    <setting title="$lvar(tvtemplate_10504) #10" desc="$lvar(tvtemplate_10502)" var="$dvar(definition_alias_tvfavorites_template)_tvchannel[4][10]"   type="numeric" default="1" />
    <setting title="$lvar(tvtemplate_10505) #10" desc="$lvar(tvtemplate_10503)" var="$dvar(definition_alias_tvfavorites_template)_tvlogo[4][10]"      type="picture" default="transparentpic" />
    <setting title="$lvar(tvtemplate_10504) #11" desc="$lvar(tvtemplate_10502)" var="$dvar(definition_alias_tvfavorites_template)_tvchannel[4][11]"   type="numeric" default="1" />
    <setting title="$lvar(tvtemplate_10505) #11" desc="$lvar(tvtemplate_10503)" var="$dvar(definition_alias_tvfavorites_template)_tvlogo[4][11]"      type="picture" default="transparentpic" />
    <setting title="$lvar(tvtemplate_10504) #12" desc="$lvar(tvtemplate_10502)" var="$dvar(definition_alias_tvfavorites_template)_tvchannel[4][12]"   type="numeric" default="1" />
    <setting title="$lvar(tvtemplate_10505) #12" desc="$lvar(tvtemplate_10503)" var="$dvar(definition_alias_tvfavorites_template)_tvlogo[4][12]"      type="picture" default="transparentpic" />
    <setting title="$lvar(tvtemplate_10504) #13" desc="$lvar(tvtemplate_10502)" var="$dvar(definition_alias_tvfavorites_template)_tvchannel[4][13]"   type="numeric" default="1" />
    <setting title="$lvar(tvtemplate_10505) #13" desc="$lvar(tvtemplate_10503)" var="$dvar(definition_alias_tvfavorites_template)_tvlogo[4][13]"      type="picture" default="transparentpic" />
    <setting title="$lvar(tvtemplate_10504) #14" desc="$lvar(tvtemplate_10502)" var="$dvar(definition_alias_tvfavorites_template)_tvchannel[4][14]"   type="numeric" default="1" />
    <setting title="$lvar(tvtemplate_10505) #14" desc="$lvar(tvtemplate_10503)" var="$dvar(definition_alias_tvfavorites_template)_tvlogo[4][14]"      type="picture" default="transparentpic" />
    <setting title="$lvar(tvtemplate_10504) #15" desc="$lvar(tvtemplate_10502)" var="$dvar(definition_alias_tvfavorites_template)_tvchannel[4][15]"   type="numeric" default="1" />
    <setting title="$lvar(tvtemplate_10505) #15" desc="$lvar(tvtemplate_10503)" var="$dvar(definition_alias_tvfavorites_template)_tvlogo[4][15]"      type="picture" default="transparentpic" />
    <setting title="$lvar(tvtemplate_10504) #16" desc="$lvar(tvtemplate_10502)" var="$dvar(definition_alias_tvfavorites_template)_tvchannel[4][16]"   type="numeric" default="1" />
    <setting title="$lvar(tvtemplate_10505) #16" desc="$lvar(tvtemplate_10503)" var="$dvar(definition_alias_tvfavorites_template)_tvlogo[4][16]"      type="picture" default="transparentpic" />
    <setting title="$lvar(tvtemplate_10504) #17" desc="$lvar(tvtemplate_10502)" var="$dvar(definition_alias_tvfavorites_template)_tvchannel[4][17]"   type="numeric" default="1" />
    <setting title="$lvar(tvtemplate_10505) #17" desc="$lvar(tvtemplate_10503)" var="$dvar(definition_alias_tvfavorites_template)_tvlogo[4][17]"      type="picture" default="transparentpic" />
    <setting title="$lvar(tvtemplate_10504) #18" desc="$lvar(tvtemplate_10502)" var="$dvar(definition_alias_tvfavorites_template)_tvchannel[4][18]"   type="numeric" default="1" />
    <setting title="$lvar(tvtemplate_10505) #18" desc="$lvar(tvtemplate_10503)" var="$dvar(definition_alias_tvfavorites_template)_tvlogo[4][18]"      type="picture" default="transparentpic" />
    <setting title="$lvar(tvtemplate_10504) #19" desc="$lvar(tvtemplate_10502)" var="$dvar(definition_alias_tvfavorites_template)_tvchannel[4][19]"   type="numeric" default="1" />
    <setting title="$lvar(tvtemplate_10505) #19" desc="$lvar(tvtemplate_10503)" var="$dvar(definition_alias_tvfavorites_template)_tvlogo[4][19]"      type="picture" default="transparentpic" />
    <setting title="$lvar(tvtemplate_10504) #20" desc="$lvar(tvtemplate_10502)" var="$dvar(definition_alias_tvfavorites_template)_tvchannel[4][20]"   type="numeric" default="1" />
    <setting title="$lvar(tvtemplate_10505) #20" desc="$lvar(tvtemplate_10503)" var="$dvar(definition_alias_tvfavorites_template)_tvlogo[4][20]"      type="picture" default="transparentpic" />
    <setting title="$lvar(tvtemplate_10504) #21" desc="$lvar(tvtemplate_10502)" var="$dvar(definition_alias_tvfavorites_template)_tvchannel[4][21]"   type="numeric" default="1" />
    <setting title="$lvar(tvtemplate_10505) #21" desc="$lvar(tvtemplate_10503)" var="$dvar(definition_alias_tvfavorites_template)_tvlogo[4][21]"      type="picture" default="transparentpic" />
    <setting title="$lvar(tvtemplate_10504) #22" desc="$lvar(tvtemplate_10502)" var="$dvar(definition_alias_tvfavorites_template)_tvchannel[4][22]"   type="numeric" default="1" />
    <setting title="$lvar(tvtemplate_10505) #22" desc="$lvar(tvtemplate_10503)" var="$dvar(definition_alias_tvfavorites_template)_tvlogo[4][22]"      type="picture" default="transparentpic" />
    <setting title="$lvar(tvtemplate_10504) #23" desc="$lvar(tvtemplate_10502)" var="$dvar(definition_alias_tvfavorites_template)_tvchannel[4][23]"   type="numeric" default="1" />
    <setting title="$lvar(tvtemplate_10505) #23" desc="$lvar(tvtemplate_10503)" var="$dvar(definition_alias_tvfavorites_template)_tvlogo[4][23]"      type="picture" default="transparentpic" />
    <setting title="$lvar(tvtemplate_10504) #24" desc="$lvar(tvtemplate_10502)" var="$dvar(definition_alias_tvfavorites_template)_tvchannel[4][24]"   type="numeric" default="1" />
    <setting title="$lvar(tvtemplate_10505) #24" desc="$lvar(tvtemplate_10503)" var="$dvar(definition_alias_tvfavorites_template)_tvlogo[4][24]"      type="picture" default="transparentpic" />
    <setting title="$lvar(tvtemplate_10504) #25" desc="$lvar(tvtemplate_10502)" var="$dvar(definition_alias_tvfavorites_template)_tvchannel[4][25]"   type="numeric" default="1" />
    <setting title="$lvar(tvtemplate_10505) #25" desc="$lvar(tvtemplate_10503)" var="$dvar(definition_alias_tvfavorites_template)_tvlogo[4][25]"      type="picture" default="transparentpic" />
    <setting title="$lvar(tvtemplate_10504) #26" desc="$lvar(tvtemplate_10502)" var="$dvar(definition_alias_tvfavorites_template)_tvchannel[4][26]"   type="numeric" default="1" />
    <setting title="$lvar(tvtemplate_10505) #26" desc="$lvar(tvtemplate_10503)" var="$dvar(definition_alias_tvfavorites_template)_tvlogo[4][26]"      type="picture" default="transparentpic" />
    <setting title="$lvar(tvtemplate_10504) #27" desc="$lvar(tvtemplate_10502)" var="$dvar(definition_alias_tvfavorites_template)_tvchannel[4][27]"   type="numeric" default="1" />
    <setting title="$lvar(tvtemplate_10505) #27" desc="$lvar(tvtemplate_10503)" var="$dvar(definition_alias_tvfavorites_template)_tvlogo[4][27]"      type="picture" default="transparentpic" />

    <setting title="$lvar(tvtemplate_10506) 5" type='section' />
    <setting title="$lvar(tvtemplate_10501)" type="title" />
    <setting title="$lvar(tvtemplate_10509) #5"  desc="$lvar(tvtemplate_10510" var="$dvar(definition_alias_tvfavorites_template)_bouquet_name[5]"     type="string"  default="Bouquet 5" />
    <setting title="$lvar(tvtemplate_10504) #1"  desc="$lvar(tvtemplate_10502)" var="$dvar(definition_alias_tvfavorites_template)_tvchannel[5][1]"    type="numeric" default="1" />
    <setting title="$lvar(tvtemplate_10505) #1"  desc="$lvar(tvtemplate_10503)" var="$dvar(definition_alias_tvfavorites_template)_tvlogo[5][1]"       type="picture" default="transparentpic" />
    <setting title="$lvar(tvtemplate_10504) #2"  desc="$lvar(tvtemplate_10502)" var="$dvar(definition_alias_tvfavorites_template)_tvchannel[5][2]"    type="numeric" default="1" />
    <setting title="$lvar(tvtemplate_10505) #2"  desc="$lvar(tvtemplate_10503)" var="$dvar(definition_alias_tvfavorites_template)_tvlogo[5][2]"       type="picture" default="transparentpic" />
    <setting title="$lvar(tvtemplate_10504) #3"  desc="$lvar(tvtemplate_10502)" var="$dvar(definition_alias_tvfavorites_template)_tvchannel[5][3]"    type="numeric" default="1" />
    <setting title="$lvar(tvtemplate_10505) #3"  desc="$lvar(tvtemplate_10503)" var="$dvar(definition_alias_tvfavorites_template)_tvlogo[5][3]"       type="picture" default="transparentpic" />
    <setting title="$lvar(tvtemplate_10504) #4"  desc="$lvar(tvtemplate_10502)" var="$dvar(definition_alias_tvfavorites_template)_tvchannel[5][4]"    type="numeric" default="1" />
    <setting title="$lvar(tvtemplate_10505) #4"  desc="$lvar(tvtemplate_10503)" var="$dvar(definition_alias_tvfavorites_template)_tvlogo[5][4]"       type="picture" default="transparentpic" />
    <setting title="$lvar(tvtemplate_10504) #5"  desc="$lvar(tvtemplate_10502)" var="$dvar(definition_alias_tvfavorites_template)_tvchannel[5][5]"    type="numeric" default="1" />
    <setting title="$lvar(tvtemplate_10505) #5"  desc="$lvar(tvtemplate_10503)" var="$dvar(definition_alias_tvfavorites_template)_tvlogo[5][5]"       type="picture" default="transparentpic" />
    <setting title="$lvar(tvtemplate_10504) #6"  desc="$lvar(tvtemplate_10502)" var="$dvar(definition_alias_tvfavorites_template)_tvchannel[5][6]"    type="numeric" default="1" />
    <setting title="$lvar(tvtemplate_10505) #6"  desc="$lvar(tvtemplate_10503)" var="$dvar(definition_alias_tvfavorites_template)_tvlogo[5][6]"       type="picture" default="transparentpic" />
    <setting title="$lvar(tvtemplate_10504) #7"  desc="$lvar(tvtemplate_10502)" var="$dvar(definition_alias_tvfavorites_template)_tvchannel[5][7]"    type="numeric" default="1" />
    <setting title="$lvar(tvtemplate_10505) #7"  desc="$lvar(tvtemplate_10503)" var="$dvar(definition_alias_tvfavorites_template)_tvlogo[5][7]"       type="picture" default="transparentpic" />
    <setting title="$lvar(tvtemplate_10504) #8"  desc="$lvar(tvtemplate_10502)" var="$dvar(definition_alias_tvfavorites_template)_tvchannel[5][8]"    type="numeric" default="1" />
    <setting title="$lvar(tvtemplate_10505) #8"  desc="$lvar(tvtemplate_10503)" var="$dvar(definition_alias_tvfavorites_template)_tvlogo[5][8]"       type="picture" default="transparentpic" />
    <setting title="$lvar(tvtemplate_10504) #9"  desc="$lvar(tvtemplate_10502)" var="$dvar(definition_alias_tvfavorites_template)_tvchannel[5][9]"    type="numeric" default="1" />
    <setting title="$lvar(tvtemplate_10505) #9"  desc="$lvar(tvtemplate_10503)" var="$dvar(definition_alias_tvfavorites_template)_tvlogo[5][9]"       type="picture" default="transparentpic" />
    <setting title="$lvar(tvtemplate_10504) #10" desc="$lvar(tvtemplate_10502)" var="$dvar(definition_alias_tvfavorites_template)_tvchannel[5][10]"   type="numeric" default="1" />
    <setting title="$lvar(tvtemplate_10505) #10" desc="$lvar(tvtemplate_10503)" var="$dvar(definition_alias_tvfavorites_template)_tvlogo[5][10]"      type="picture" default="transparentpic" />
    <setting title="$lvar(tvtemplate_10504) #11" desc="$lvar(tvtemplate_10502)" var="$dvar(definition_alias_tvfavorites_template)_tvchannel[5][11]"   type="numeric" default="1" />
    <setting title="$lvar(tvtemplate_10505) #11" desc="$lvar(tvtemplate_10503)" var="$dvar(definition_alias_tvfavorites_template)_tvlogo[5][11]"      type="picture" default="transparentpic" />
    <setting title="$lvar(tvtemplate_10504) #12" desc="$lvar(tvtemplate_10502)" var="$dvar(definition_alias_tvfavorites_template)_tvchannel[5][12]"   type="numeric" default="1" />
    <setting title="$lvar(tvtemplate_10505) #12" desc="$lvar(tvtemplate_10503)" var="$dvar(definition_alias_tvfavorites_template)_tvlogo[5][12]"      type="picture" default="transparentpic" />
    <setting title="$lvar(tvtemplate_10504) #13" desc="$lvar(tvtemplate_10502)" var="$dvar(definition_alias_tvfavorites_template)_tvchannel[5][13]"   type="numeric" default="1" />
    <setting title="$lvar(tvtemplate_10505) #13" desc="$lvar(tvtemplate_10503)" var="$dvar(definition_alias_tvfavorites_template)_tvlogo[5][13]"      type="picture" default="transparentpic" />
    <setting title="$lvar(tvtemplate_10504) #14" desc="$lvar(tvtemplate_10502)" var="$dvar(definition_alias_tvfavorites_template)_tvchannel[5][14]"   type="numeric" default="1" />
    <setting title="$lvar(tvtemplate_10505) #14" desc="$lvar(tvtemplate_10503)" var="$dvar(definition_alias_tvfavorites_template)_tvlogo[5][14]"      type="picture" default="transparentpic" />
    <setting title="$lvar(tvtemplate_10504) #15" desc="$lvar(tvtemplate_10502)" var="$dvar(definition_alias_tvfavorites_template)_tvchannel[5][15]"   type="numeric" default="1" />
    <setting title="$lvar(tvtemplate_10505) #15" desc="$lvar(tvtemplate_10503)" var="$dvar(definition_alias_tvfavorites_template)_tvlogo[5][15]"      type="picture" default="transparentpic" />
    <setting title="$lvar(tvtemplate_10504) #16" desc="$lvar(tvtemplate_10502)" var="$dvar(definition_alias_tvfavorites_template)_tvchannel[5][16]"   type="numeric" default="1" />
    <setting title="$lvar(tvtemplate_10505) #16" desc="$lvar(tvtemplate_10503)" var="$dvar(definition_alias_tvfavorites_template)_tvlogo[5][16]"      type="picture" default="transparentpic" />
    <setting title="$lvar(tvtemplate_10504) #17" desc="$lvar(tvtemplate_10502)" var="$dvar(definition_alias_tvfavorites_template)_tvchannel[5][17]"   type="numeric" default="1" />
    <setting title="$lvar(tvtemplate_10505) #17" desc="$lvar(tvtemplate_10503)" var="$dvar(definition_alias_tvfavorites_template)_tvlogo[5][17]"      type="picture" default="transparentpic" />
    <setting title="$lvar(tvtemplate_10504) #18" desc="$lvar(tvtemplate_10502)" var="$dvar(definition_alias_tvfavorites_template)_tvchannel[5][18]"   type="numeric" default="1" />
    <setting title="$lvar(tvtemplate_10505) #18" desc="$lvar(tvtemplate_10503)" var="$dvar(definition_alias_tvfavorites_template)_tvlogo[5][18]"      type="picture" default="transparentpic" />
    <setting title="$lvar(tvtemplate_10504) #19" desc="$lvar(tvtemplate_10502)" var="$dvar(definition_alias_tvfavorites_template)_tvchannel[5][19]"   type="numeric" default="1" />
    <setting title="$lvar(tvtemplate_10505) #19" desc="$lvar(tvtemplate_10503)" var="$dvar(definition_alias_tvfavorites_template)_tvlogo[5][19]"      type="picture" default="transparentpic" />
    <setting title="$lvar(tvtemplate_10504) #20" desc="$lvar(tvtemplate_10502)" var="$dvar(definition_alias_tvfavorites_template)_tvchannel[5][20]"   type="numeric" default="1" />
    <setting title="$lvar(tvtemplate_10505) #20" desc="$lvar(tvtemplate_10503)" var="$dvar(definition_alias_tvfavorites_template)_tvlogo[5][20]"      type="picture" default="transparentpic" />
    <setting title="$lvar(tvtemplate_10504) #21" desc="$lvar(tvtemplate_10502)" var="$dvar(definition_alias_tvfavorites_template)_tvchannel[5][21]"   type="numeric" default="1" />
    <setting title="$lvar(tvtemplate_10505) #21" desc="$lvar(tvtemplate_10503)" var="$dvar(definition_alias_tvfavorites_template)_tvlogo[5][21]"      type="picture" default="transparentpic" />
    <setting title="$lvar(tvtemplate_10504) #22" desc="$lvar(tvtemplate_10502)" var="$dvar(definition_alias_tvfavorites_template)_tvchannel[5][22]"   type="numeric" default="1" />
    <setting title="$lvar(tvtemplate_10505) #22" desc="$lvar(tvtemplate_10503)" var="$dvar(definition_alias_tvfavorites_template)_tvlogo[5][22]"      type="picture" default="transparentpic" />
    <setting title="$lvar(tvtemplate_10504) #23" desc="$lvar(tvtemplate_10502)" var="$dvar(definition_alias_tvfavorites_template)_tvchannel[5][23]"   type="numeric" default="1" />
    <setting title="$lvar(tvtemplate_10505) #23" desc="$lvar(tvtemplate_10503)" var="$dvar(definition_alias_tvfavorites_template)_tvlogo[5][23]"      type="picture" default="transparentpic" />
    <setting title="$lvar(tvtemplate_10504) #24" desc="$lvar(tvtemplate_10502)" var="$dvar(definition_alias_tvfavorites_template)_tvchannel[5][24]"   type="numeric" default="1" />
    <setting title="$lvar(tvtemplate_10505) #24" desc="$lvar(tvtemplate_10503)" var="$dvar(definition_alias_tvfavorites_template)_tvlogo[5][24]"      type="picture" default="transparentpic" />
    <setting title="$lvar(tvtemplate_10504) #25" desc="$lvar(tvtemplate_10502)" var="$dvar(definition_alias_tvfavorites_template)_tvchannel[5][25]"   type="numeric" default="1" />
    <setting title="$lvar(tvtemplate_10505) #25" desc="$lvar(tvtemplate_10503)" var="$dvar(definition_alias_tvfavorites_template)_tvlogo[5][25]"      type="picture" default="transparentpic" />
    <setting title="$lvar(tvtemplate_10504) #26" desc="$lvar(tvtemplate_10502)" var="$dvar(definition_alias_tvfavorites_template)_tvchannel[5][26]"   type="numeric" default="1" />
    <setting title="$lvar(tvtemplate_10505) #26" desc="$lvar(tvtemplate_10503)" var="$dvar(definition_alias_tvfavorites_template)_tvlogo[5][26]"      type="picture" default="transparentpic" />
    <setting title="$lvar(tvtemplate_10504) #27" desc="$lvar(tvtemplate_10502)" var="$dvar(definition_alias_tvfavorites_template)_tvchannel[5][27]"   type="numeric" default="1" />
    <setting title="$lvar(tvtemplate_10505) #27" desc="$lvar(tvtemplate_10503)" var="$dvar(definition_alias_tvfavorites_template)_tvlogo[5][27]"      type="picture" default="transparentpic" />

    <setting title="$lvar(tvtemplate_10506) 6" type='section' />
    <setting title="$lvar(tvtemplate_10501)" type="title" />
    <setting title="$lvar(tvtemplate_10509) #6"  desc="$lvar(tvtemplate_10510" var="$dvar(definition_alias_tvfavorites_template)_bouquet_name[6]"     type="string"  default="Bouquet 6" />
    <setting title="$lvar(tvtemplate_10504) #1"  desc="$lvar(tvtemplate_10502)" var="$dvar(definition_alias_tvfavorites_template)_tvchannel[6][1]"    type="numeric" default="1" />
    <setting title="$lvar(tvtemplate_10505) #1"  desc="$lvar(tvtemplate_10503)" var="$dvar(definition_alias_tvfavorites_template)_tvlogo[6][1]"       type="picture" default="transparentpic" />
    <setting title="$lvar(tvtemplate_10504) #2"  desc="$lvar(tvtemplate_10502)" var="$dvar(definition_alias_tvfavorites_template)_tvchannel[6][2]"    type="numeric" default="1" />
    <setting title="$lvar(tvtemplate_10505) #2"  desc="$lvar(tvtemplate_10503)" var="$dvar(definition_alias_tvfavorites_template)_tvlogo[6][2]"       type="picture" default="transparentpic" />
    <setting title="$lvar(tvtemplate_10504) #3"  desc="$lvar(tvtemplate_10502)" var="$dvar(definition_alias_tvfavorites_template)_tvchannel[6][3]"    type="numeric" default="1" />
    <setting title="$lvar(tvtemplate_10505) #3"  desc="$lvar(tvtemplate_10503)" var="$dvar(definition_alias_tvfavorites_template)_tvlogo[6][3]"       type="picture" default="transparentpic" />
    <setting title="$lvar(tvtemplate_10504) #4"  desc="$lvar(tvtemplate_10502)" var="$dvar(definition_alias_tvfavorites_template)_tvchannel[6][4]"    type="numeric" default="1" />
    <setting title="$lvar(tvtemplate_10505) #4"  desc="$lvar(tvtemplate_10503)" var="$dvar(definition_alias_tvfavorites_template)_tvlogo[6][4]"       type="picture" default="transparentpic" />
    <setting title="$lvar(tvtemplate_10504) #5"  desc="$lvar(tvtemplate_10502)" var="$dvar(definition_alias_tvfavorites_template)_tvchannel[6][5]"    type="numeric" default="1" />
    <setting title="$lvar(tvtemplate_10505) #5"  desc="$lvar(tvtemplate_10503)" var="$dvar(definition_alias_tvfavorites_template)_tvlogo[6][5]"       type="picture" default="transparentpic" />
    <setting title="$lvar(tvtemplate_10504) #6"  desc="$lvar(tvtemplate_10502)" var="$dvar(definition_alias_tvfavorites_template)_tvchannel[6][6]"    type="numeric" default="1" />
    <setting title="$lvar(tvtemplate_10505) #6"  desc="$lvar(tvtemplate_10503)" var="$dvar(definition_alias_tvfavorites_template)_tvlogo[6][6]"       type="picture" default="transparentpic" />
    <setting title="$lvar(tvtemplate_10504) #7"  desc="$lvar(tvtemplate_10502)" var="$dvar(definition_alias_tvfavorites_template)_tvchannel[6][7]"    type="numeric" default="1" />
    <setting title="$lvar(tvtemplate_10505) #7"  desc="$lvar(tvtemplate_10503)" var="$dvar(definition_alias_tvfavorites_template)_tvlogo[6][7]"       type="picture" default="transparentpic" />
    <setting title="$lvar(tvtemplate_10504) #8"  desc="$lvar(tvtemplate_10502)" var="$dvar(definition_alias_tvfavorites_template)_tvchannel[6][8]"    type="numeric" default="1" />
    <setting title="$lvar(tvtemplate_10505) #8"  desc="$lvar(tvtemplate_10503)" var="$dvar(definition_alias_tvfavorites_template)_tvlogo[6][8]"       type="picture" default="transparentpic" />
    <setting title="$lvar(tvtemplate_10504) #9"  desc="$lvar(tvtemplate_10502)" var="$dvar(definition_alias_tvfavorites_template)_tvchannel[6][9]"    type="numeric" default="1" />
    <setting title="$lvar(tvtemplate_10505) #9"  desc="$lvar(tvtemplate_10503)" var="$dvar(definition_alias_tvfavorites_template)_tvlogo[6][9]"       type="picture" default="transparentpic" />
    <setting title="$lvar(tvtemplate_10504) #10" desc="$lvar(tvtemplate_10502)" var="$dvar(definition_alias_tvfavorites_template)_tvchannel[6][10]"   type="numeric" default="1" />
    <setting title="$lvar(tvtemplate_10505) #10" desc="$lvar(tvtemplate_10503)" var="$dvar(definition_alias_tvfavorites_template)_tvlogo[6][10]"      type="picture" default="transparentpic" />
    <setting title="$lvar(tvtemplate_10504) #11" desc="$lvar(tvtemplate_10502)" var="$dvar(definition_alias_tvfavorites_template)_tvchannel[6][11]"   type="numeric" default="1" />
    <setting title="$lvar(tvtemplate_10505) #11" desc="$lvar(tvtemplate_10503)" var="$dvar(definition_alias_tvfavorites_template)_tvlogo[6][11]"      type="picture" default="transparentpic" />
    <setting title="$lvar(tvtemplate_10504) #12" desc="$lvar(tvtemplate_10502)" var="$dvar(definition_alias_tvfavorites_template)_tvchannel[6][12]"   type="numeric" default="1" />
    <setting title="$lvar(tvtemplate_10505) #12" desc="$lvar(tvtemplate_10503)" var="$dvar(definition_alias_tvfavorites_template)_tvlogo[6][12]"      type="picture" default="transparentpic" />
    <setting title="$lvar(tvtemplate_10504) #13" desc="$lvar(tvtemplate_10502)" var="$dvar(definition_alias_tvfavorites_template)_tvchannel[6][13]"   type="numeric" default="1" />
    <setting title="$lvar(tvtemplate_10505) #13" desc="$lvar(tvtemplate_10503)" var="$dvar(definition_alias_tvfavorites_template)_tvlogo[6][13]"      type="picture" default="transparentpic" />
    <setting title="$lvar(tvtemplate_10504) #14" desc="$lvar(tvtemplate_10502)" var="$dvar(definition_alias_tvfavorites_template)_tvchannel[6][14]"   type="numeric" default="1" />
    <setting title="$lvar(tvtemplate_10505) #14" desc="$lvar(tvtemplate_10503)" var="$dvar(definition_alias_tvfavorites_template)_tvlogo[6][14]"      type="picture" default="transparentpic" />
    <setting title="$lvar(tvtemplate_10504) #15" desc="$lvar(tvtemplate_10502)" var="$dvar(definition_alias_tvfavorites_template)_tvchannel[6][15]"   type="numeric" default="1" />
    <setting title="$lvar(tvtemplate_10505) #15" desc="$lvar(tvtemplate_10503)" var="$dvar(definition_alias_tvfavorites_template)_tvlogo[6][15]"      type="picture" default="transparentpic" />
    <setting title="$lvar(tvtemplate_10504) #16" desc="$lvar(tvtemplate_10502)" var="$dvar(definition_alias_tvfavorites_template)_tvchannel[6][16]"   type="numeric" default="1" />
    <setting title="$lvar(tvtemplate_10505) #16" desc="$lvar(tvtemplate_10503)" var="$dvar(definition_alias_tvfavorites_template)_tvlogo[6][16]"      type="picture" default="transparentpic" />
    <setting title="$lvar(tvtemplate_10504) #17" desc="$lvar(tvtemplate_10502)" var="$dvar(definition_alias_tvfavorites_template)_tvchannel[6][17]"   type="numeric" default="1" />
    <setting title="$lvar(tvtemplate_10505) #17" desc="$lvar(tvtemplate_10503)" var="$dvar(definition_alias_tvfavorites_template)_tvlogo[6][17]"      type="picture" default="transparentpic" />
    <setting title="$lvar(tvtemplate_10504) #18" desc="$lvar(tvtemplate_10502)" var="$dvar(definition_alias_tvfavorites_template)_tvchannel[6][18]"   type="numeric" default="1" />
    <setting title="$lvar(tvtemplate_10505) #18" desc="$lvar(tvtemplate_10503)" var="$dvar(definition_alias_tvfavorites_template)_tvlogo[6][18]"      type="picture" default="transparentpic" />
    <setting title="$lvar(tvtemplate_10504) #19" desc="$lvar(tvtemplate_10502)" var="$dvar(definition_alias_tvfavorites_template)_tvchannel[6][19]"   type="numeric" default="1" />
    <setting title="$lvar(tvtemplate_10505) #19" desc="$lvar(tvtemplate_10503)" var="$dvar(definition_alias_tvfavorites_template)_tvlogo[6][19]"      type="picture" default="transparentpic" />
    <setting title="$lvar(tvtemplate_10504) #20" desc="$lvar(tvtemplate_10502)" var="$dvar(definition_alias_tvfavorites_template)_tvchannel[6][20]"   type="numeric" default="1" />
    <setting title="$lvar(tvtemplate_10505) #20" desc="$lvar(tvtemplate_10503)" var="$dvar(definition_alias_tvfavorites_template)_tvlogo[6][20]"      type="picture" default="transparentpic" />
    <setting title="$lvar(tvtemplate_10504) #21" desc="$lvar(tvtemplate_10502)" var="$dvar(definition_alias_tvfavorites_template)_tvchannel[6][21]"   type="numeric" default="1" />
    <setting title="$lvar(tvtemplate_10505) #21" desc="$lvar(tvtemplate_10503)" var="$dvar(definition_alias_tvfavorites_template)_tvlogo[6][21]"      type="picture" default="transparentpic" />
    <setting title="$lvar(tvtemplate_10504) #22" desc="$lvar(tvtemplate_10502)" var="$dvar(definition_alias_tvfavorites_template)_tvchannel[6][22]"   type="numeric" default="1" />
    <setting title="$lvar(tvtemplate_10505) #22" desc="$lvar(tvtemplate_10503)" var="$dvar(definition_alias_tvfavorites_template)_tvlogo[6][22]"      type="picture" default="transparentpic" />
    <setting title="$lvar(tvtemplate_10504) #23" desc="$lvar(tvtemplate_10502)" var="$dvar(definition_alias_tvfavorites_template)_tvchannel[6][23]"   type="numeric" default="1" />
    <setting title="$lvar(tvtemplate_10505) #23" desc="$lvar(tvtemplate_10503)" var="$dvar(definition_alias_tvfavorites_template)_tvlogo[6][23]"      type="picture" default="transparentpic" />
    <setting title="$lvar(tvtemplate_10504) #24" desc="$lvar(tvtemplate_10502)" var="$dvar(definition_alias_tvfavorites_template)_tvchannel[6][24]"   type="numeric" default="1" />
    <setting title="$lvar(tvtemplate_10505) #24" desc="$lvar(tvtemplate_10503)" var="$dvar(definition_alias_tvfavorites_template)_tvlogo[6][24]"      type="picture" default="transparentpic" />
    <setting title="$lvar(tvtemplate_10504) #25" desc="$lvar(tvtemplate_10502)" var="$dvar(definition_alias_tvfavorites_template)_tvchannel[6][25]"   type="numeric" default="1" />
    <setting title="$lvar(tvtemplate_10505) #25" desc="$lvar(tvtemplate_10503)" var="$dvar(definition_alias_tvfavorites_template)_tvlogo[6][25]"      type="picture" default="transparentpic" />
    <setting title="$lvar(tvtemplate_10504) #26" desc="$lvar(tvtemplate_10502)" var="$dvar(definition_alias_tvfavorites_template)_tvchannel[6][26]"   type="numeric" default="1" />
    <setting title="$lvar(tvtemplate_10505) #26" desc="$lvar(tvtemplate_10503)" var="$dvar(definition_alias_tvfavorites_template)_tvlogo[6][26]"      type="picture" default="transparentpic" />
    <setting title="$lvar(tvtemplate_10504) #27" desc="$lvar(tvtemplate_10502)" var="$dvar(definition_alias_tvfavorites_template)_tvchannel[6][27]"   type="numeric" default="1" />
    <setting title="$lvar(tvtemplate_10505) #27" desc="$lvar(tvtemplate_10503)" var="$dvar(definition_alias_tvfavorites_template)_tvlogo[6][27]"      type="picture" default="transparentpic" />

    <setting title="$lvar(tvtemplate_10506) 7" type='section' />
    <setting title="$lvar(tvtemplate_10501)" type="title" />
    <setting title="$lvar(tvtemplate_10509) #7"  desc="$lvar(tvtemplate_10510" var="$dvar(definition_alias_tvfavorites_template)_bouquet_name[7]"     type="string"  default="Bouquet 7" />
    <setting title="$lvar(tvtemplate_10504) #1"  desc="$lvar(tvtemplate_10502)" var="$dvar(definition_alias_tvfavorites_template)_tvchannel[7][1]"    type="numeric" default="1" />
    <setting title="$lvar(tvtemplate_10505) #1"  desc="$lvar(tvtemplate_10503)" var="$dvar(definition_alias_tvfavorites_template)_tvlogo[7][1]"       type="picture" default="transparentpic" />
    <setting title="$lvar(tvtemplate_10504) #2"  desc="$lvar(tvtemplate_10502)" var="$dvar(definition_alias_tvfavorites_template)_tvchannel[7][2]"    type="numeric" default="1" />
    <setting title="$lvar(tvtemplate_10505) #2"  desc="$lvar(tvtemplate_10503)" var="$dvar(definition_alias_tvfavorites_template)_tvlogo[7][2]"       type="picture" default="transparentpic" />
    <setting title="$lvar(tvtemplate_10504) #3"  desc="$lvar(tvtemplate_10502)" var="$dvar(definition_alias_tvfavorites_template)_tvchannel[7][3]"    type="numeric" default="1" />
    <setting title="$lvar(tvtemplate_10505) #3"  desc="$lvar(tvtemplate_10503)" var="$dvar(definition_alias_tvfavorites_template)_tvlogo[7][3]"       type="picture" default="transparentpic" />
    <setting title="$lvar(tvtemplate_10504) #4"  desc="$lvar(tvtemplate_10502)" var="$dvar(definition_alias_tvfavorites_template)_tvchannel[7][4]"    type="numeric" default="1" />
    <setting title="$lvar(tvtemplate_10505) #4"  desc="$lvar(tvtemplate_10503)" var="$dvar(definition_alias_tvfavorites_template)_tvlogo[7][4]"       type="picture" default="transparentpic" />
    <setting title="$lvar(tvtemplate_10504) #5"  desc="$lvar(tvtemplate_10502)" var="$dvar(definition_alias_tvfavorites_template)_tvchannel[7][5]"    type="numeric" default="1" />
    <setting title="$lvar(tvtemplate_10505) #5"  desc="$lvar(tvtemplate_10503)" var="$dvar(definition_alias_tvfavorites_template)_tvlogo[7][5]"       type="picture" default="transparentpic" />
    <setting title="$lvar(tvtemplate_10504) #6"  desc="$lvar(tvtemplate_10502)" var="$dvar(definition_alias_tvfavorites_template)_tvchannel[7][6]"    type="numeric" default="1" />
    <setting title="$lvar(tvtemplate_10505) #6"  desc="$lvar(tvtemplate_10503)" var="$dvar(definition_alias_tvfavorites_template)_tvlogo[7][6]"       type="picture" default="transparentpic" />
    <setting title="$lvar(tvtemplate_10504) #7"  desc="$lvar(tvtemplate_10502)" var="$dvar(definition_alias_tvfavorites_template)_tvchannel[7][7]"    type="numeric" default="1" />
    <setting title="$lvar(tvtemplate_10505) #7"  desc="$lvar(tvtemplate_10503)" var="$dvar(definition_alias_tvfavorites_template)_tvlogo[7][7]"       type="picture" default="transparentpic" />
    <setting title="$lvar(tvtemplate_10504) #8"  desc="$lvar(tvtemplate_10502)" var="$dvar(definition_alias_tvfavorites_template)_tvchannel[7][8]"    type="numeric" default="1" />
    <setting title="$lvar(tvtemplate_10505) #8"  desc="$lvar(tvtemplate_10503)" var="$dvar(definition_alias_tvfavorites_template)_tvlogo[7][8]"       type="picture" default="transparentpic" />
    <setting title="$lvar(tvtemplate_10504) #9"  desc="$lvar(tvtemplate_10502)" var="$dvar(definition_alias_tvfavorites_template)_tvchannel[7][9]"    type="numeric" default="1" />
    <setting title="$lvar(tvtemplate_10505) #9"  desc="$lvar(tvtemplate_10503)" var="$dvar(definition_alias_tvfavorites_template)_tvlogo[7][9]"       type="picture" default="transparentpic" />
    <setting title="$lvar(tvtemplate_10504) #10" desc="$lvar(tvtemplate_10502)" var="$dvar(definition_alias_tvfavorites_template)_tvchannel[7][10]"   type="numeric" default="1" />
    <setting title="$lvar(tvtemplate_10505) #10" desc="$lvar(tvtemplate_10503)" var="$dvar(definition_alias_tvfavorites_template)_tvlogo[7][10]"      type="picture" default="transparentpic" />
    <setting title="$lvar(tvtemplate_10504) #11" desc="$lvar(tvtemplate_10502)" var="$dvar(definition_alias_tvfavorites_template)_tvchannel[7][11]"   type="numeric" default="1" />
    <setting title="$lvar(tvtemplate_10505) #11" desc="$lvar(tvtemplate_10503)" var="$dvar(definition_alias_tvfavorites_template)_tvlogo[7][11]"      type="picture" default="transparentpic" />
    <setting title="$lvar(tvtemplate_10504) #12" desc="$lvar(tvtemplate_10502)" var="$dvar(definition_alias_tvfavorites_template)_tvchannel[7][12]"   type="numeric" default="1" />
    <setting title="$lvar(tvtemplate_10505) #12" desc="$lvar(tvtemplate_10503)" var="$dvar(definition_alias_tvfavorites_template)_tvlogo[7][12]"      type="picture" default="transparentpic" />
    <setting title="$lvar(tvtemplate_10504) #13" desc="$lvar(tvtemplate_10502)" var="$dvar(definition_alias_tvfavorites_template)_tvchannel[7][13]"   type="numeric" default="1" />
    <setting title="$lvar(tvtemplate_10505) #13" desc="$lvar(tvtemplate_10503)" var="$dvar(definition_alias_tvfavorites_template)_tvlogo[7][13]"      type="picture" default="transparentpic" />
    <setting title="$lvar(tvtemplate_10504) #14" desc="$lvar(tvtemplate_10502)" var="$dvar(definition_alias_tvfavorites_template)_tvchannel[7][14]"   type="numeric" default="1" />
    <setting title="$lvar(tvtemplate_10505) #14" desc="$lvar(tvtemplate_10503)" var="$dvar(definition_alias_tvfavorites_template)_tvlogo[7][14]"      type="picture" default="transparentpic" />
    <setting title="$lvar(tvtemplate_10504) #15" desc="$lvar(tvtemplate_10502)" var="$dvar(definition_alias_tvfavorites_template)_tvchannel[7][15]"   type="numeric" default="1" />
    <setting title="$lvar(tvtemplate_10505) #15" desc="$lvar(tvtemplate_10503)" var="$dvar(definition_alias_tvfavorites_template)_tvlogo[7][15]"      type="picture" default="transparentpic" />
    <setting title="$lvar(tvtemplate_10504) #16" desc="$lvar(tvtemplate_10502)" var="$dvar(definition_alias_tvfavorites_template)_tvchannel[7][16]"   type="numeric" default="1" />
    <setting title="$lvar(tvtemplate_10505) #16" desc="$lvar(tvtemplate_10503)" var="$dvar(definition_alias_tvfavorites_template)_tvlogo[7][16]"      type="picture" default="transparentpic" />
    <setting title="$lvar(tvtemplate_10504) #17" desc="$lvar(tvtemplate_10502)" var="$dvar(definition_alias_tvfavorites_template)_tvchannel[7][17]"   type="numeric" default="1" />
    <setting title="$lvar(tvtemplate_10505) #17" desc="$lvar(tvtemplate_10503)" var="$dvar(definition_alias_tvfavorites_template)_tvlogo[7][17]"      type="picture" default="transparentpic" />
    <setting title="$lvar(tvtemplate_10504) #18" desc="$lvar(tvtemplate_10502)" var="$dvar(definition_alias_tvfavorites_template)_tvchannel[7][18]"   type="numeric" default="1" />
    <setting title="$lvar(tvtemplate_10505) #18" desc="$lvar(tvtemplate_10503)" var="$dvar(definition_alias_tvfavorites_template)_tvlogo[7][18]"      type="picture" default="transparentpic" />
    <setting title="$lvar(tvtemplate_10504) #19" desc="$lvar(tvtemplate_10502)" var="$dvar(definition_alias_tvfavorites_template)_tvchannel[7][19]"   type="numeric" default="1" />
    <setting title="$lvar(tvtemplate_10505) #19" desc="$lvar(tvtemplate_10503)" var="$dvar(definition_alias_tvfavorites_template)_tvlogo[7][19]"      type="picture" default="transparentpic" />
    <setting title="$lvar(tvtemplate_10504) #20" desc="$lvar(tvtemplate_10502)" var="$dvar(definition_alias_tvfavorites_template)_tvchannel[7][20]"   type="numeric" default="1" />
    <setting title="$lvar(tvtemplate_10505) #20" desc="$lvar(tvtemplate_10503)" var="$dvar(definition_alias_tvfavorites_template)_tvlogo[7][20]"      type="picture" default="transparentpic" />
    <setting title="$lvar(tvtemplate_10504) #21" desc="$lvar(tvtemplate_10502)" var="$dvar(definition_alias_tvfavorites_template)_tvchannel[7][21]"   type="numeric" default="1" />
    <setting title="$lvar(tvtemplate_10505) #21" desc="$lvar(tvtemplate_10503)" var="$dvar(definition_alias_tvfavorites_template)_tvlogo[7][21]"      type="picture" default="transparentpic" />
    <setting title="$lvar(tvtemplate_10504) #22" desc="$lvar(tvtemplate_10502)" var="$dvar(definition_alias_tvfavorites_template)_tvchannel[7][22]"   type="numeric" default="1" />
    <setting title="$lvar(tvtemplate_10505) #22" desc="$lvar(tvtemplate_10503)" var="$dvar(definition_alias_tvfavorites_template)_tvlogo[7][22]"      type="picture" default="transparentpic" />
    <setting title="$lvar(tvtemplate_10504) #23" desc="$lvar(tvtemplate_10502)" var="$dvar(definition_alias_tvfavorites_template)_tvchannel[7][23]"   type="numeric" default="1" />
    <setting title="$lvar(tvtemplate_10505) #23" desc="$lvar(tvtemplate_10503)" var="$dvar(definition_alias_tvfavorites_template)_tvlogo[7][23]"      type="picture" default="transparentpic" />
    <setting title="$lvar(tvtemplate_10504) #24" desc="$lvar(tvtemplate_10502)" var="$dvar(definition_alias_tvfavorites_template)_tvchannel[7][24]"   type="numeric" default="1" />
    <setting title="$lvar(tvtemplate_10505) #24" desc="$lvar(tvtemplate_10503)" var="$dvar(definition_alias_tvfavorites_template)_tvlogo[7][24]"      type="picture" default="transparentpic" />
    <setting title="$lvar(tvtemplate_10504) #25" desc="$lvar(tvtemplate_10502)" var="$dvar(definition_alias_tvfavorites_template)_tvchannel[7][25]"   type="numeric" default="1" />
    <setting title="$lvar(tvtemplate_10505) #25" desc="$lvar(tvtemplate_10503)" var="$dvar(definition_alias_tvfavorites_template)_tvlogo[7][25]"      type="picture" default="transparentpic" />
    <setting title="$lvar(tvtemplate_10504) #26" desc="$lvar(tvtemplate_10502)" var="$dvar(definition_alias_tvfavorites_template)_tvchannel[7][26]"   type="numeric" default="1" />
    <setting title="$lvar(tvtemplate_10505) #26" desc="$lvar(tvtemplate_10503)" var="$dvar(definition_alias_tvfavorites_template)_tvlogo[7][26]"      type="picture" default="transparentpic" />
    <setting title="$lvar(tvtemplate_10504) #27" desc="$lvar(tvtemplate_10502)" var="$dvar(definition_alias_tvfavorites_template)_tvchannel[7][27]"   type="numeric" default="1" />
    <setting title="$lvar(tvtemplate_10505) #27" desc="$lvar(tvtemplate_10503)" var="$dvar(definition_alias_tvfavorites_template)_tvlogo[7][27]"      type="picture" default="transparentpic" />

    <setting title="$lvar(tvtemplate_10506) 8" type='section' />
    <setting title="$lvar(tvtemplate_10501)" type="title" />
    <setting title="$lvar(tvtemplate_10509) #8"  desc="$lvar(tvtemplate_10510" var="$dvar(definition_alias_tvfavorites_template)_bouquet_name[8]"     type="string"  default="Bouquet 8" />
    <setting title="$lvar(tvtemplate_10504) #1"  desc="$lvar(tvtemplate_10502)" var="$dvar(definition_alias_tvfavorites_template)_tvchannel[8][1]"    type="numeric" default="1" />
    <setting title="$lvar(tvtemplate_10505) #1"  desc="$lvar(tvtemplate_10503)" var="$dvar(definition_alias_tvfavorites_template)_tvlogo[8][1]"       type="picture" default="transparentpic" />
    <setting title="$lvar(tvtemplate_10504) #2"  desc="$lvar(tvtemplate_10502)" var="$dvar(definition_alias_tvfavorites_template)_tvchannel[8][2]"    type="numeric" default="1" />
    <setting title="$lvar(tvtemplate_10505) #2"  desc="$lvar(tvtemplate_10503)" var="$dvar(definition_alias_tvfavorites_template)_tvlogo[8][2]"       type="picture" default="transparentpic" />
    <setting title="$lvar(tvtemplate_10504) #3"  desc="$lvar(tvtemplate_10502)" var="$dvar(definition_alias_tvfavorites_template)_tvchannel[8][3]"    type="numeric" default="1" />
    <setting title="$lvar(tvtemplate_10505) #3"  desc="$lvar(tvtemplate_10503)" var="$dvar(definition_alias_tvfavorites_template)_tvlogo[8][3]"       type="picture" default="transparentpic" />
    <setting title="$lvar(tvtemplate_10504) #4"  desc="$lvar(tvtemplate_10502)" var="$dvar(definition_alias_tvfavorites_template)_tvchannel[8][4]"    type="numeric" default="1" />
    <setting title="$lvar(tvtemplate_10505) #4"  desc="$lvar(tvtemplate_10503)" var="$dvar(definition_alias_tvfavorites_template)_tvlogo[8][4]"       type="picture" default="transparentpic" />
    <setting title="$lvar(tvtemplate_10504) #5"  desc="$lvar(tvtemplate_10502)" var="$dvar(definition_alias_tvfavorites_template)_tvchannel[8][5]"    type="numeric" default="1" />
    <setting title="$lvar(tvtemplate_10505) #5"  desc="$lvar(tvtemplate_10503)" var="$dvar(definition_alias_tvfavorites_template)_tvlogo[8][5]"       type="picture" default="transparentpic" />
    <setting title="$lvar(tvtemplate_10504) #6"  desc="$lvar(tvtemplate_10502)" var="$dvar(definition_alias_tvfavorites_template)_tvchannel[8][6]"    type="numeric" default="1" />
    <setting title="$lvar(tvtemplate_10505) #6"  desc="$lvar(tvtemplate_10503)" var="$dvar(definition_alias_tvfavorites_template)_tvlogo[8][6]"       type="picture" default="transparentpic" />
    <setting title="$lvar(tvtemplate_10504) #7"  desc="$lvar(tvtemplate_10502)" var="$dvar(definition_alias_tvfavorites_template)_tvchannel[8][7]"    type="numeric" default="1" />
    <setting title="$lvar(tvtemplate_10505) #7"  desc="$lvar(tvtemplate_10503)" var="$dvar(definition_alias_tvfavorites_template)_tvlogo[8][7]"       type="picture" default="transparentpic" />
    <setting title="$lvar(tvtemplate_10504) #8"  desc="$lvar(tvtemplate_10502)" var="$dvar(definition_alias_tvfavorites_template)_tvchannel[8][8]"    type="numeric" default="1" />
    <setting title="$lvar(tvtemplate_10505) #8"  desc="$lvar(tvtemplate_10503)" var="$dvar(definition_alias_tvfavorites_template)_tvlogo[8][8]"       type="picture" default="transparentpic" />
    <setting title="$lvar(tvtemplate_10504) #9"  desc="$lvar(tvtemplate_10502)" var="$dvar(definition_alias_tvfavorites_template)_tvchannel[8][9]"    type="numeric" default="1" />
    <setting title="$lvar(tvtemplate_10505) #9"  desc="$lvar(tvtemplate_10503)" var="$dvar(definition_alias_tvfavorites_template)_tvlogo[8][9]"       type="picture" default="transparentpic" />
    <setting title="$lvar(tvtemplate_10504) #10" desc="$lvar(tvtemplate_10502)" var="$dvar(definition_alias_tvfavorites_template)_tvchannel[8][10]"   type="numeric" default="1" />
    <setting title="$lvar(tvtemplate_10505) #10" desc="$lvar(tvtemplate_10503)" var="$dvar(definition_alias_tvfavorites_template)_tvlogo[8][10]"      type="picture" default="transparentpic" />
    <setting title="$lvar(tvtemplate_10504) #11" desc="$lvar(tvtemplate_10502)" var="$dvar(definition_alias_tvfavorites_template)_tvchannel[8][11]"   type="numeric" default="1" />
    <setting title="$lvar(tvtemplate_10505) #11" desc="$lvar(tvtemplate_10503)" var="$dvar(definition_alias_tvfavorites_template)_tvlogo[8][11]"      type="picture" default="transparentpic" />
    <setting title="$lvar(tvtemplate_10504) #12" desc="$lvar(tvtemplate_10502)" var="$dvar(definition_alias_tvfavorites_template)_tvchannel[8][12]"   type="numeric" default="1" />
    <setting title="$lvar(tvtemplate_10505) #12" desc="$lvar(tvtemplate_10503)" var="$dvar(definition_alias_tvfavorites_template)_tvlogo[8][12]"      type="picture" default="transparentpic" />
    <setting title="$lvar(tvtemplate_10504) #13" desc="$lvar(tvtemplate_10502)" var="$dvar(definition_alias_tvfavorites_template)_tvchannel[8][13]"   type="numeric" default="1" />
    <setting title="$lvar(tvtemplate_10505) #13" desc="$lvar(tvtemplate_10503)" var="$dvar(definition_alias_tvfavorites_template)_tvlogo[8][13]"      type="picture" default="transparentpic" />
    <setting title="$lvar(tvtemplate_10504) #14" desc="$lvar(tvtemplate_10502)" var="$dvar(definition_alias_tvfavorites_template)_tvchannel[8][14]"   type="numeric" default="1" />
    <setting title="$lvar(tvtemplate_10505) #14" desc="$lvar(tvtemplate_10503)" var="$dvar(definition_alias_tvfavorites_template)_tvlogo[8][14]"      type="picture" default="transparentpic" />
    <setting title="$lvar(tvtemplate_10504) #15" desc="$lvar(tvtemplate_10502)" var="$dvar(definition_alias_tvfavorites_template)_tvchannel[8][15]"   type="numeric" default="1" />
    <setting title="$lvar(tvtemplate_10505) #15" desc="$lvar(tvtemplate_10503)" var="$dvar(definition_alias_tvfavorites_template)_tvlogo[8][15]"      type="picture" default="transparentpic" />
    <setting title="$lvar(tvtemplate_10504) #16" desc="$lvar(tvtemplate_10502)" var="$dvar(definition_alias_tvfavorites_template)_tvchannel[8][16]"   type="numeric" default="1" />
    <setting title="$lvar(tvtemplate_10505) #16" desc="$lvar(tvtemplate_10503)" var="$dvar(definition_alias_tvfavorites_template)_tvlogo[8][16]"      type="picture" default="transparentpic" />
    <setting title="$lvar(tvtemplate_10504) #17" desc="$lvar(tvtemplate_10502)" var="$dvar(definition_alias_tvfavorites_template)_tvchannel[8][17]"   type="numeric" default="1" />
    <setting title="$lvar(tvtemplate_10505) #17" desc="$lvar(tvtemplate_10503)" var="$dvar(definition_alias_tvfavorites_template)_tvlogo[8][17]"      type="picture" default="transparentpic" />
    <setting title="$lvar(tvtemplate_10504) #18" desc="$lvar(tvtemplate_10502)" var="$dvar(definition_alias_tvfavorites_template)_tvchannel[8][18]"   type="numeric" default="1" />
    <setting title="$lvar(tvtemplate_10505) #18" desc="$lvar(tvtemplate_10503)" var="$dvar(definition_alias_tvfavorites_template)_tvlogo[8][18]"      type="picture" default="transparentpic" />
    <setting title="$lvar(tvtemplate_10504) #19" desc="$lvar(tvtemplate_10502)" var="$dvar(definition_alias_tvfavorites_template)_tvchannel[8][19]"   type="numeric" default="1" />
    <setting title="$lvar(tvtemplate_10505) #19" desc="$lvar(tvtemplate_10503)" var="$dvar(definition_alias_tvfavorites_template)_tvlogo[8][19]"      type="picture" default="transparentpic" />
    <setting title="$lvar(tvtemplate_10504) #20" desc="$lvar(tvtemplate_10502)" var="$dvar(definition_alias_tvfavorites_template)_tvchannel[8][20]"   type="numeric" default="1" />
    <setting title="$lvar(tvtemplate_10505) #20" desc="$lvar(tvtemplate_10503)" var="$dvar(definition_alias_tvfavorites_template)_tvlogo[8][20]"      type="picture" default="transparentpic" />
    <setting title="$lvar(tvtemplate_10504) #21" desc="$lvar(tvtemplate_10502)" var="$dvar(definition_alias_tvfavorites_template)_tvchannel[8][21]"   type="numeric" default="1" />
    <setting title="$lvar(tvtemplate_10505) #21" desc="$lvar(tvtemplate_10503)" var="$dvar(definition_alias_tvfavorites_template)_tvlogo[8][21]"      type="picture" default="transparentpic" />
    <setting title="$lvar(tvtemplate_10504) #22" desc="$lvar(tvtemplate_10502)" var="$dvar(definition_alias_tvfavorites_template)_tvchannel[8][22]"   type="numeric" default="1" />
    <setting title="$lvar(tvtemplate_10505) #22" desc="$lvar(tvtemplate_10503)" var="$dvar(definition_alias_tvfavorites_template)_tvlogo[8][22]"      type="picture" default="transparentpic" />
    <setting title="$lvar(tvtemplate_10504) #23" desc="$lvar(tvtemplate_10502)" var="$dvar(definition_alias_tvfavorites_template)_tvchannel[8][23]"   type="numeric" default="1" />
    <setting title="$lvar(tvtemplate_10505) #23" desc="$lvar(tvtemplate_10503)" var="$dvar(definition_alias_tvfavorites_template)_tvlogo[8][23]"      type="picture" default="transparentpic" />
    <setting title="$lvar(tvtemplate_10504) #24" desc="$lvar(tvtemplate_10502)" var="$dvar(definition_alias_tvfavorites_template)_tvchannel[8][24]"   type="numeric" default="1" />
    <setting title="$lvar(tvtemplate_10505) #24" desc="$lvar(tvtemplate_10503)" var="$dvar(definition_alias_tvfavorites_template)_tvlogo[8][24]"      type="picture" default="transparentpic" />
    <setting title="$lvar(tvtemplate_10504) #25" desc="$lvar(tvtemplate_10502)" var="$dvar(definition_alias_tvfavorites_template)_tvchannel[8][25]"   type="numeric" default="1" />
    <setting title="$lvar(tvtemplate_10505) #25" desc="$lvar(tvtemplate_10503)" var="$dvar(definition_alias_tvfavorites_template)_tvlogo[8][25]"      type="picture" default="transparentpic" />
    <setting title="$lvar(tvtemplate_10504) #26" desc="$lvar(tvtemplate_10502)" var="$dvar(definition_alias_tvfavorites_template)_tvchannel[8][26]"   type="numeric" default="1" />
    <setting title="$lvar(tvtemplate_10505) #26" desc="$lvar(tvtemplate_10503)" var="$dvar(definition_alias_tvfavorites_template)_tvlogo[8][26]"      type="picture" default="transparentpic" />
    <setting title="$lvar(tvtemplate_10504) #27" desc="$lvar(tvtemplate_10502)" var="$dvar(definition_alias_tvfavorites_template)_tvchannel[8][27]"   type="numeric" default="1" />
    <setting title="$lvar(tvtemplate_10505) #27" desc="$lvar(tvtemplate_10503)" var="$dvar(definition_alias_tvfavorites_template)_tvlogo[8][27]"      type="picture" default="transparentpic" />

    <setting title="$lvar(tvtemplate_10506) 9" type='section' />
    <setting title="$lvar(tvtemplate_10501)" type="title" />
    <setting title="$lvar(tvtemplate_10509) #9"  desc="$lvar(tvtemplate_10510" var="$dvar(definition_alias_tvfavorites_template)_bouquet_name[9]"     type="string"  default="Bouquet 9" />
    <setting title="$lvar(tvtemplate_10504) #1"  desc="$lvar(tvtemplate_10502)" var="$dvar(definition_alias_tvfavorites_template)_tvchannel[9][1]"    type="numeric" default="1" />
    <setting title="$lvar(tvtemplate_10505) #1"  desc="$lvar(tvtemplate_10503)" var="$dvar(definition_alias_tvfavorites_template)_tvlogo[9][1]"       type="picture" default="transparentpic" />
    <setting title="$lvar(tvtemplate_10504) #2"  desc="$lvar(tvtemplate_10502)" var="$dvar(definition_alias_tvfavorites_template)_tvchannel[9][2]"    type="numeric" default="1" />
    <setting title="$lvar(tvtemplate_10505) #2"  desc="$lvar(tvtemplate_10503)" var="$dvar(definition_alias_tvfavorites_template)_tvlogo[9][2]"       type="picture" default="transparentpic" />
    <setting title="$lvar(tvtemplate_10504) #3"  desc="$lvar(tvtemplate_10502)" var="$dvar(definition_alias_tvfavorites_template)_tvchannel[9][3]"    type="numeric" default="1" />
    <setting title="$lvar(tvtemplate_10505) #3"  desc="$lvar(tvtemplate_10503)" var="$dvar(definition_alias_tvfavorites_template)_tvlogo[9][3]"       type="picture" default="transparentpic" />
    <setting title="$lvar(tvtemplate_10504) #4"  desc="$lvar(tvtemplate_10502)" var="$dvar(definition_alias_tvfavorites_template)_tvchannel[9][4]"    type="numeric" default="1" />
    <setting title="$lvar(tvtemplate_10505) #4"  desc="$lvar(tvtemplate_10503)" var="$dvar(definition_alias_tvfavorites_template)_tvlogo[9][4]"       type="picture" default="transparentpic" />
    <setting title="$lvar(tvtemplate_10504) #5"  desc="$lvar(tvtemplate_10502)" var="$dvar(definition_alias_tvfavorites_template)_tvchannel[9][5]"    type="numeric" default="1" />
    <setting title="$lvar(tvtemplate_10505) #5"  desc="$lvar(tvtemplate_10503)" var="$dvar(definition_alias_tvfavorites_template)_tvlogo[9][5]"       type="picture" default="transparentpic" />
    <setting title="$lvar(tvtemplate_10504) #6"  desc="$lvar(tvtemplate_10502)" var="$dvar(definition_alias_tvfavorites_template)_tvchannel[9][6]"    type="numeric" default="1" />
    <setting title="$lvar(tvtemplate_10505) #6"  desc="$lvar(tvtemplate_10503)" var="$dvar(definition_alias_tvfavorites_template)_tvlogo[9][6]"       type="picture" default="transparentpic" />
    <setting title="$lvar(tvtemplate_10504) #7"  desc="$lvar(tvtemplate_10502)" var="$dvar(definition_alias_tvfavorites_template)_tvchannel[9][7]"    type="numeric" default="1" />
    <setting title="$lvar(tvtemplate_10505) #7"  desc="$lvar(tvtemplate_10503)" var="$dvar(definition_alias_tvfavorites_template)_tvlogo[9][7]"       type="picture" default="transparentpic" />
    <setting title="$lvar(tvtemplate_10504) #8"  desc="$lvar(tvtemplate_10502)" var="$dvar(definition_alias_tvfavorites_template)_tvchannel[9][8]"    type="numeric" default="1" />
    <setting title="$lvar(tvtemplate_10505) #8"  desc="$lvar(tvtemplate_10503)" var="$dvar(definition_alias_tvfavorites_template)_tvlogo[9][8]"       type="picture" default="transparentpic" />
    <setting title="$lvar(tvtemplate_10504) #9"  desc="$lvar(tvtemplate_10502)" var="$dvar(definition_alias_tvfavorites_template)_tvchannel[9][9]"    type="numeric" default="1" />
    <setting title="$lvar(tvtemplate_10505) #9"  desc="$lvar(tvtemplate_10503)" var="$dvar(definition_alias_tvfavorites_template)_tvlogo[9][9]"       type="picture" default="transparentpic" />
    <setting title="$lvar(tvtemplate_10504) #10" desc="$lvar(tvtemplate_10502)" var="$dvar(definition_alias_tvfavorites_template)_tvchannel[9][10]"   type="numeric" default="1" />
    <setting title="$lvar(tvtemplate_10505) #10" desc="$lvar(tvtemplate_10503)" var="$dvar(definition_alias_tvfavorites_template)_tvlogo[9][10]"      type="picture" default="transparentpic" />
    <setting title="$lvar(tvtemplate_10504) #11" desc="$lvar(tvtemplate_10502)" var="$dvar(definition_alias_tvfavorites_template)_tvchannel[9][11]"   type="numeric" default="1" />
    <setting title="$lvar(tvtemplate_10505) #11" desc="$lvar(tvtemplate_10503)" var="$dvar(definition_alias_tvfavorites_template)_tvlogo[9][11]"      type="picture" default="transparentpic" />
    <setting title="$lvar(tvtemplate_10504) #12" desc="$lvar(tvtemplate_10502)" var="$dvar(definition_alias_tvfavorites_template)_tvchannel[9][12]"   type="numeric" default="1" />
    <setting title="$lvar(tvtemplate_10505) #12" desc="$lvar(tvtemplate_10503)" var="$dvar(definition_alias_tvfavorites_template)_tvlogo[9][12]"      type="picture" default="transparentpic" />
    <setting title="$lvar(tvtemplate_10504) #13" desc="$lvar(tvtemplate_10502)" var="$dvar(definition_alias_tvfavorites_template)_tvchannel[9][13]"   type="numeric" default="1" />
    <setting title="$lvar(tvtemplate_10505) #13" desc="$lvar(tvtemplate_10503)" var="$dvar(definition_alias_tvfavorites_template)_tvlogo[9][13]"      type="picture" default="transparentpic" />
    <setting title="$lvar(tvtemplate_10504) #14" desc="$lvar(tvtemplate_10502)" var="$dvar(definition_alias_tvfavorites_template)_tvchannel[9][14]"   type="numeric" default="1" />
    <setting title="$lvar(tvtemplate_10505) #14" desc="$lvar(tvtemplate_10503)" var="$dvar(definition_alias_tvfavorites_template)_tvlogo[9][14]"      type="picture" default="transparentpic" />
    <setting title="$lvar(tvtemplate_10504) #15" desc="$lvar(tvtemplate_10502)" var="$dvar(definition_alias_tvfavorites_template)_tvchannel[9][15]"   type="numeric" default="1" />
    <setting title="$lvar(tvtemplate_10505) #15" desc="$lvar(tvtemplate_10503)" var="$dvar(definition_alias_tvfavorites_template)_tvlogo[9][15]"      type="picture" default="transparentpic" />
    <setting title="$lvar(tvtemplate_10504) #16" desc="$lvar(tvtemplate_10502)" var="$dvar(definition_alias_tvfavorites_template)_tvchannel[9][16]"   type="numeric" default="1" />
    <setting title="$lvar(tvtemplate_10505) #16" desc="$lvar(tvtemplate_10503)" var="$dvar(definition_alias_tvfavorites_template)_tvlogo[9][16]"      type="picture" default="transparentpic" />
    <setting title="$lvar(tvtemplate_10504) #17" desc="$lvar(tvtemplate_10502)" var="$dvar(definition_alias_tvfavorites_template)_tvchannel[9][17]"   type="numeric" default="1" />
    <setting title="$lvar(tvtemplate_10505) #17" desc="$lvar(tvtemplate_10503)" var="$dvar(definition_alias_tvfavorites_template)_tvlogo[9][17]"      type="picture" default="transparentpic" />
    <setting title="$lvar(tvtemplate_10504) #18" desc="$lvar(tvtemplate_10502)" var="$dvar(definition_alias_tvfavorites_template)_tvchannel[9][18]"   type="numeric" default="1" />
    <setting title="$lvar(tvtemplate_10505) #18" desc="$lvar(tvtemplate_10503)" var="$dvar(definition_alias_tvfavorites_template)_tvlogo[9][18]"      type="picture" default="transparentpic" />
    <setting title="$lvar(tvtemplate_10504) #19" desc="$lvar(tvtemplate_10502)" var="$dvar(definition_alias_tvfavorites_template)_tvchannel[9][19]"   type="numeric" default="1" />
    <setting title="$lvar(tvtemplate_10505) #19" desc="$lvar(tvtemplate_10503)" var="$dvar(definition_alias_tvfavorites_template)_tvlogo[9][19]"      type="picture" default="transparentpic" />
    <setting title="$lvar(tvtemplate_10504) #20" desc="$lvar(tvtemplate_10502)" var="$dvar(definition_alias_tvfavorites_template)_tvchannel[9][20]"   type="numeric" default="1" />
    <setting title="$lvar(tvtemplate_10505) #20" desc="$lvar(tvtemplate_10503)" var="$dvar(definition_alias_tvfavorites_template)_tvlogo[9][20]"      type="picture" default="transparentpic" />
    <setting title="$lvar(tvtemplate_10504) #21" desc="$lvar(tvtemplate_10502)" var="$dvar(definition_alias_tvfavorites_template)_tvchannel[9][21]"   type="numeric" default="1" />
    <setting title="$lvar(tvtemplate_10505) #21" desc="$lvar(tvtemplate_10503)" var="$dvar(definition_alias_tvfavorites_template)_tvlogo[9][21]"      type="picture" default="transparentpic" />
    <setting title="$lvar(tvtemplate_10504) #22" desc="$lvar(tvtemplate_10502)" var="$dvar(definition_alias_tvfavorites_template)_tvchannel[9][22]"   type="numeric" default="1" />
    <setting title="$lvar(tvtemplate_10505) #22" desc="$lvar(tvtemplate_10503)" var="$dvar(definition_alias_tvfavorites_template)_tvlogo[9][22]"      type="picture" default="transparentpic" />
    <setting title="$lvar(tvtemplate_10504) #23" desc="$lvar(tvtemplate_10502)" var="$dvar(definition_alias_tvfavorites_template)_tvchannel[9][23]"   type="numeric" default="1" />
    <setting title="$lvar(tvtemplate_10505) #23" desc="$lvar(tvtemplate_10503)" var="$dvar(definition_alias_tvfavorites_template)_tvlogo[9][23]"      type="picture" default="transparentpic" />
    <setting title="$lvar(tvtemplate_10504) #24" desc="$lvar(tvtemplate_10502)" var="$dvar(definition_alias_tvfavorites_template)_tvchannel[9][24]"   type="numeric" default="1" />
    <setting title="$lvar(tvtemplate_10505) #24" desc="$lvar(tvtemplate_10503)" var="$dvar(definition_alias_tvfavorites_template)_tvlogo[9][24]"      type="picture" default="transparentpic" />
    <setting title="$lvar(tvtemplate_10504) #25" desc="$lvar(tvtemplate_10502)" var="$dvar(definition_alias_tvfavorites_template)_tvchannel[9][25]"   type="numeric" default="1" />
    <setting title="$lvar(tvtemplate_10505) #25" desc="$lvar(tvtemplate_10503)" var="$dvar(definition_alias_tvfavorites_template)_tvlogo[9][25]"      type="picture" default="transparentpic" />
    <setting title="$lvar(tvtemplate_10504) #26" desc="$lvar(tvtemplate_10502)" var="$dvar(definition_alias_tvfavorites_template)_tvchannel[9][26]"   type="numeric" default="1" />
    <setting title="$lvar(tvtemplate_10505) #26" desc="$lvar(tvtemplate_10503)" var="$dvar(definition_alias_tvfavorites_template)_tvlogo[9][26]"      type="picture" default="transparentpic" />
    <setting title="$lvar(tvtemplate_10504) #27" desc="$lvar(tvtemplate_10502)" var="$dvar(definition_alias_tvfavorites_template)_tvchannel[9][27]"   type="numeric" default="1" />
    <setting title="$lvar(tvtemplate_10505) #27" desc="$lvar(tvtemplate_10503)" var="$dvar(definition_alias_tvfavorites_template)_tvlogo[9][27]"      type="picture" default="transparentpic" />

  </settings>

  <repositorymanager>
    <entry>
      <name>Standard TV Channels</name>
      <description language='English'>Standard TV Template for channels, not for direct use</description>
      <description language='German'>Standrad TV Template für Kanäle, nicht direkt verwenden</description>
      <author>Carsten Thielepape</author>
      <version>6.0.0</version>
      <minorcaversion>6.0.0</minorcaversion>
      <sources>
        <source>
          <local>$var(APPLICATIONPATH)/definitions/tvfavorites_template</local>
          <sourcefile>$var(REPOSITORYWWWPATH)/definitions/tvfavorites_template.zip</sourcefile>
          <targetpath>definitions</targetpath>
        </source>
      </sources>
      <dependencies>
        <dependency>
          <type>others</type>
          <name>TV Logo Pack Dark Transparent Background</name>
        </dependency>
      </dependencies>
      <skipfiles>
         <file>$var(APPLICATIONPATH)/definitions/tvfavorites_template/atlas*</file>

      </skipfiles>

    </entry>
  </repositorymanager>

</orca>
