<?xml version="1.0" encoding="UTF-8"?>
<elements>
  <element name="Anchor Info" type="ANCHOR" >
    <elements>
      <element name="Background"     type="PICTURE"    picturenormal="background boxes" />

      <element name="Value Room Name"                 type="TEXTFIELD" posx="left"          posy="top"                                                             height="of:height:Anchor Info:/3"              caption="$var($dvar(definition_alias_elv_max)_roomname)"    htextalign='center' fontsize="%h25"/>
      <element name="Headline Temperatures"           type="TEXTFIELD" posx="right"         posy="of:bottom:last"                                                  height="of:height:Anchor Info:/7.6"            caption='$lvar(elvmax_10103)' fontsize="%h40" />
      <element name="Temperatures Caption Eco"        type="BUTTON"    posx="left"          posy="of:bottom:last"                  width="of:width:Anchor Info:/4" height="of:height:last"                        caption="$lvar(elvmax_10105)"  htextalign='center' fontsize="%h40" picturenormal='button square*' action='SetTemperatureToManual_$dvar(definition_alias_elv_max)' actionlongtap="noaction" actionpars='{"TEMPERATUREVAR":"$dvar(definition_alias_elv_max)_temp_eco"}'/>
      <element name="Temperatures Caption Comfort"    type="BUTTON"    posx="of:right:last" posy="of:top:last"                     width="of:width:last"           height="of:height:last"                        caption="$lvar(elvmax_10104)"  htextalign='center' fontsize="%h40" picturenormal='button square*' action='SetTemperatureToManual_$dvar(definition_alias_elv_max)' actionlongtap="noaction" actionpars='{"TEMPERATUREVAR":"$dvar(definition_alias_elv_max)_temp_comfort"}'/>
      <element name="Temperatures Caption Target"     type="BUTTON"    posx="of:right:last" posy="of:top:last"                     width="of:width:last"           height="of:height:last"                        caption="$lvar(elvmax_10106)"  htextalign='center' fontsize="%h40" picturenormal='button square*' action='SetTemperatureToManual_$dvar(definition_alias_elv_max)' actionlongtap="noaction" actionpars='{"TEMPERATUREVAR":"$dvar(definition_alias_elv_max)_temp_target"}'/>
      <element name="Temperatures Caption Current"    type="BUTTON"    posx="of:right:last" posy="of:top:last"                     width="of:width:last"           height="of:height:last"                        caption="$lvar(elvmax_10107)"  htextalign='center' fontsize="%h40" picturenormal='button square*' action='SetTemperatureToManual_$dvar(definition_alias_elv_max)' actionlongtap="noaction" actionpars='{"TEMPERATUREVAR":"$dvar(definition_alias_elv_max)_temp_current"}'/>

      <element name="Temperatures Value Eco"          type="TEXTFIELD" posx="of:left:Temperatures Caption Eco"          posy="of:bottom:Temperatures Caption Eco"      width="of:width:Temperatures Caption Eco"      height="of:height:Headline Temperatures"   caption="$var($dvar(definition_alias_elv_max)_temp_eco) $var($dvar(definition_alias_elv_max)_temperature_unit)"      htextalign='center' />
      <element name="Temperatures Value Comfort"      type="TEXTFIELD" posx="of:left:Temperatures Caption Comfort"      posy="of:bottom:Temperatures Caption Comfort"  width="of:width:Temperatures Caption Comfort"  height="of:height:Headline Temperatures"   caption="$var($dvar(definition_alias_elv_max)_temp_comfort) $var($dvar(definition_alias_elv_max)_temperature_unit)"  htextalign='center' />
      <element name="Temperatures Value Target"       type="TEXTFIELD" posx="of:left:Temperatures Caption Target"       posy="of:bottom:Temperatures Caption Target"   width="of:width:Temperatures Caption Target"   height="of:height:Headline Temperatures"   caption="$var($dvar(definition_alias_elv_max)_temp_target) $var($dvar(definition_alias_elv_max)_temperature_unit)"   htextalign='center' />
      <element name="Temperatures Value Current"      type="TEXTFIELD" posx="of:left:Temperatures Caption Current"      posy="of:bottom:Temperatures Caption Current"  width="of:width:Temperatures Caption Current"  height="of:height:Headline Temperatures"   caption="$var($dvar(definition_alias_elv_max)_temp_current) $var($dvar(definition_alias_elv_max)_temperature_unit)"  htextalign='center' />

      <element name="Mode Value Current"              type="TEXTFIELD" posx="left"          posy="of:bottom:last"                                 height="of:height:last"   caption="$lvar(elvmax_10113): $var($dvar(definition_alias_elv_max)_mode_current_text)"  htextalign='center' />
      <element name="Mode Switch Automatic"           type="SWITCH"    posx="left"          posy="of:bottom:last" width="of:width:Anchor Info:/4" height="of:height:last"   caption="$lvar(elvmax_10115)"  htextalign='center' picturenormal='button square*' group="$dvar(definition_alias_elv_max)_MODEGROUP" destvar="$dvar(definition_alias_elv_max)_GROUP_AUTOMATIC" action='SetModeToAuto_$dvar(definition_alias_elv_max)'/>
      <element name="Mode Switch Manual"              type="SWITCH"    posx="of:right:last" posy="of:top:last"    width="of:width:last"           height="of:height:last"   caption="$lvar(elvmax_10116)"  htextalign='center' picturenormal='button square*' group="$dvar(definition_alias_elv_max)_MODEGROUP" destvar="$dvar(definition_alias_elv_max)_GROUP_MANUAL"    action='SetModeToManual_$dvar(definition_alias_elv_max)' />
      <element name="Mode Switch Vacation"            type="SWITCH"    posx="of:right:last" posy="of:top:last"    width="of:width:last"           height="of:height:last"   caption="$lvar(elvmax_10118)"  htextalign='center' picturenormal='button square*' group="$dvar(definition_alias_elv_max)_MODEGROUP" destvar="$dvar(definition_alias_elv_max)_GROUP_VACATION"  action='SetModeToVacation_$dvar(definition_alias_elv_max)'/>
      <element name="Mode Button Boost"               type="BUTTON"    posx="of:right:last" posy="of:top:last"    width="of:width:last"           height="of:height:last"   caption="$lvar(elvmax_10117)"  htextalign='center' picturenormal='button square*' action='SetModeToBoost_$dvar(definition_alias_elv_max)' />


    </elements>
  </element>
</elements>
