<?xml version="1.0" encoding="UTF-8"?>
<orca>
  <def_parameter>
    <maxx>19200</maxx>
    <maxy>11280</maxy>
    <defaultfont></defaultfont>
    <fontsize_button>%h50</fontsize_button>
    <fontsize_text>%h50</fontsize_text>
    <author>Carsten Thielepape</author>
    <version>6.0.0</version>
    <support>http://www.orca-remote.org/forum/</support>
    <definitionvars>{"definition_alias_cmdfavorites_template":"Command Favorites"}</definitionvars>
  </def_parameter>

  <startskip condition="$dvar(definition_alias_cmdfavorites_template_IMPORTPAGES)=0"/>
    <pages xmlns:xi="http://www.w3.org/2001/XInclude">
      <xi:include href="$var(DEFINITIONPATHSKINELEMENTS)/pages/page_*" parse="xml"></xi:include>
      <xi:include href="$var(STANDARDPAGESPATH)/page_*" parse="xml" condition="$var(ORCASTANDARDPAGESINCLUDED)!=1"></xi:include>
    </pages>
  <stopskip/>

  <settings>
    <setting title="$lvar(cmdtemplate_10500) #1"  desc="$lvar(cmdtemplate_10501)"  var="$dvar(definition_alias_cmdfavorites_template)_cmdname[1]"       type='scrolloptions'  default=""           options='"$LANGUAGELIST"' allowtextinput='1'/>
    <setting title="$lvar(cmdtemplate_10502) #1"  desc="$lvar(cmdtemplate_10503)"  var="$dvar(definition_alias_cmdfavorites_template)_cmdaction[1]"     type='actions'        default="noaction"                             allowtextinput='1'/>
    <setting title="$lvar(cmdtemplate_10505) #1"  desc="$lvar(cmdtemplate_10506)"  var="$dvar(definition_alias_cmdfavorites_template)_cmdparameter[1]"  type="string"         default="" />

    <setting title="$lvar(cmdtemplate_10500) #2"  desc="$lvar(cmdtemplate_10501)"  var="$dvar(definition_alias_cmdfavorites_template)_cmdname[2]"       type='scrolloptions'  default=""           options='"$LANGUAGELIST"' allowtextinput='1'/>
    <setting title="$lvar(cmdtemplate_10502) #2"  desc="$lvar(cmdtemplate_10503)"  var="$dvar(definition_alias_cmdfavorites_template)_cmdaction[2]"     type='actions'        default="noaction"                             allowtextinput='1'/>
    <setting title="$lvar(cmdtemplate_10505) #2"  desc="$lvar(cmdtemplate_10506)"  var="$dvar(definition_alias_cmdfavorites_template)_cmdparameter[2]"  type="string"         default="" />

    <setting title="$lvar(cmdtemplate_10500) #3"  desc="$lvar(cmdtemplate_10501)"  var="$dvar(definition_alias_cmdfavorites_template)_cmdname[3]"       type='scrolloptions'  default=""           options='"$LANGUAGELIST"' allowtextinput='1'/>
    <setting title="$lvar(cmdtemplate_10502) #3"  desc="$lvar(cmdtemplate_10503)"  var="$dvar(definition_alias_cmdfavorites_template)_cmdaction[3]"     type='actions'        default="noaction"                             allowtextinput='1'/>
    <setting title="$lvar(cmdtemplate_10505) #3"  desc="$lvar(cmdtemplate_10506)"  var="$dvar(definition_alias_cmdfavorites_template)_cmdparameter[3]"  type="string"         default="" />

    <setting title="$lvar(cmdtemplate_10500) #4"  desc="$lvar(cmdtemplate_10501)"  var="$dvar(definition_alias_cmdfavorites_template)_cmdname[4]"       type='scrolloptions'  default=""           options='"$LANGUAGELIST"' allowtextinput='1'/>
    <setting title="$lvar(cmdtemplate_10502) #4"  desc="$lvar(cmdtemplate_10503)"  var="$dvar(definition_alias_cmdfavorites_template)_cmdaction[4]"     type='actions'        default="noaction"                             allowtextinput='1'/>
    <setting title="$lvar(cmdtemplate_10505) #4"  desc="$lvar(cmdtemplate_10506)"  var="$dvar(definition_alias_cmdfavorites_template)_cmdparameter[4]"  type="string"         default="" />

    <setting title="$lvar(cmdtemplate_10500) #5"  desc="$lvar(cmdtemplate_10501)"  var="$dvar(definition_alias_cmdfavorites_template)_cmdname[5]"       type='scrolloptions'  default=""           options='"$LANGUAGELIST"' allowtextinput='1'/>
    <setting title="$lvar(cmdtemplate_10502) #5"  desc="$lvar(cmdtemplate_10503)"  var="$dvar(definition_alias_cmdfavorites_template)_cmdaction[5]"     type='actions'        default="noaction"                             allowtextinput='1'/>
    <setting title="$lvar(cmdtemplate_10505) #5"  desc="$lvar(cmdtemplate_10506)"  var="$dvar(definition_alias_cmdfavorites_template)_cmdparameter[5]"  type="string"         default="" />

    <setting title="$lvar(cmdtemplate_10500) #6"  desc="$lvar(cmdtemplate_10501)"  var="$dvar(definition_alias_cmdfavorites_template)_cmdname[6]"       type='scrolloptions'  default=""           options='"$LANGUAGELIST"' allowtextinput='1'/>
    <setting title="$lvar(cmdtemplate_10502) #6"  desc="$lvar(cmdtemplate_10503)"  var="$dvar(definition_alias_cmdfavorites_template)_cmdaction[6]"     type='actions'        default="noaction"                             allowtextinput='1'/>
    <setting title="$lvar(cmdtemplate_10505) #6"  desc="$lvar(cmdtemplate_10506)"  var="$dvar(definition_alias_cmdfavorites_template)_cmdparameter[6]"  type="string"         default="" />

    <setting title="$lvar(cmdtemplate_10500) #7"  desc="$lvar(cmdtemplate_10501)"  var="$dvar(definition_alias_cmdfavorites_template)_cmdname[7]"       type='scrolloptions'  default=""           options='"$LANGUAGELIST"' allowtextinput='1'/>
    <setting title="$lvar(cmdtemplate_10502) #7"  desc="$lvar(cmdtemplate_10503)"  var="$dvar(definition_alias_cmdfavorites_template)_cmdaction[7]"     type='actions'        default="noaction"                             allowtextinput='1'/>
    <setting title="$lvar(cmdtemplate_10505) #7"  desc="$lvar(cmdtemplate_10506)"  var="$dvar(definition_alias_cmdfavorites_template)_cmdparameter[7]"  type="string"         default="" />

    <setting title="$lvar(cmdtemplate_10500) #8"  desc="$lvar(cmdtemplate_10501)"  var="$dvar(definition_alias_cmdfavorites_template)_cmdname[8]"       type='scrolloptions'  default=""           options='"$LANGUAGELIST"' allowtextinput='1'/>
    <setting title="$lvar(cmdtemplate_10502) #8"  desc="$lvar(cmdtemplate_10503)"  var="$dvar(definition_alias_cmdfavorites_template)_cmdaction[8]"     type='actions'        default="noaction"                             allowtextinput='1'/>
    <setting title="$lvar(cmdtemplate_10505) #8"  desc="$lvar(cmdtemplate_10506)"  var="$dvar(definition_alias_cmdfavorites_template)_cmdparameter[8]"  type="string"         default="" />

    <setting title="$lvar(cmdtemplate_10500) #9"  desc="$lvar(cmdtemplate_10501)"  var="$dvar(definition_alias_cmdfavorites_template)_cmdname[9]"       type='scrolloptions'  default=""           options='"$LANGUAGELIST"' allowtextinput='1'/>
    <setting title="$lvar(cmdtemplate_10502) #9"  desc="$lvar(cmdtemplate_10503)"  var="$dvar(definition_alias_cmdfavorites_template)_cmdaction[9]"     type='actions'        default="noaction"                             allowtextinput='1'/>
    <setting title="$lvar(cmdtemplate_10505) #9"  desc="$lvar(cmdtemplate_10506)"  var="$dvar(definition_alias_cmdfavorites_template)_cmdparameter[9]"  type="string"         default="" />

    <setting title="$lvar(cmdtemplate_10500) #10" desc="$lvar(cmdtemplate_10501)"  var="$dvar(definition_alias_cmdfavorites_template)_cmdname[10]"      type='scrolloptions'  default=""           options='"$LANGUAGELIST"' allowtextinput='1'/>
    <setting title="$lvar(cmdtemplate_10502) #10" desc="$lvar(cmdtemplate_10503)"  var="$dvar(definition_alias_cmdfavorites_template)_cmdaction[10]"    type='actions'        default="noaction"                             allowtextinput='1'/>
    <setting title="$lvar(cmdtemplate_10505) #10" desc="$lvar(cmdtemplate_10506)"  var="$dvar(definition_alias_cmdfavorites_template)_cmdparameter[10]" type="string"         default="" />

    <setting title="$lvar(cmdtemplate_10500) #11" desc="$lvar(cmdtemplate_10501)"  var="$dvar(definition_alias_cmdfavorites_template)_cmdname[11]"      type='scrolloptions'  default=""           options='"$LANGUAGELIST"' allowtextinput='1'/>
    <setting title="$lvar(cmdtemplate_10502) #11" desc="$lvar(cmdtemplate_10503)"  var="$dvar(definition_alias_cmdfavorites_template)_cmdaction[11]"    type='actions'        default="noaction"                             allowtextinput='1'/>
    <setting title="$lvar(cmdtemplate_10505) #11" desc="$lvar(cmdtemplate_10506)"  var="$dvar(definition_alias_cmdfavorites_template)_cmdparameter[11]" type="string"         default="" />

    <setting title="$lvar(cmdtemplate_10500) #12" desc="$lvar(cmdtemplate_10501)"  var="$dvar(definition_alias_cmdfavorites_template)_cmdname[12]"      type='scrolloptions'  default=""           options='"$LANGUAGELIST"' allowtextinput='1'/>
    <setting title="$lvar(cmdtemplate_10502) #12" desc="$lvar(cmdtemplate_10503)"  var="$dvar(definition_alias_cmdfavorites_template)_cmdaction[12]"    type='actions'        default="noaction"                             allowtextinput='1'/>
    <setting title="$lvar(cmdtemplate_10505) #12" desc="$lvar(cmdtemplate_10506)"  var="$dvar(definition_alias_cmdfavorites_template)_cmdparameter[12]" type="string"         default="" />

    <setting title="$lvar(cmdtemplate_10500) #13" desc="$lvar(cmdtemplate_10501)"  var="$dvar(definition_alias_cmdfavorites_template)_cmdname[13]"      type='scrolloptions'  default=""           options='"$LANGUAGELIST"' allowtextinput='1'/>
    <setting title="$lvar(cmdtemplate_10502) #13" desc="$lvar(cmdtemplate_10503)"  var="$dvar(definition_alias_cmdfavorites_template)_cmdaction[13]"    type='actions'        default="noaction"                             allowtextinput='1'/>
    <setting title="$lvar(cmdtemplate_10505) #13" desc="$lvar(cmdtemplate_10506)"  var="$dvar(definition_alias_cmdfavorites_template)_cmdparameter[13]" type="string"         default="" />

    <setting title="$lvar(cmdtemplate_10500) #14" desc="$lvar(cmdtemplate_10501)"  var="$dvar(definition_alias_cmdfavorites_template)_cmdname[14]"      type='scrolloptions'  default=""           options='"$LANGUAGELIST"' allowtextinput='1'/>
    <setting title="$lvar(cmdtemplate_10502) #14" desc="$lvar(cmdtemplate_10503)"  var="$dvar(definition_alias_cmdfavorites_template)_cmdaction[14]"    type='actions'        default="noaction"                             allowtextinput='1'/>
    <setting title="$lvar(cmdtemplate_10505) #14" desc="$lvar(cmdtemplate_10506)"  var="$dvar(definition_alias_cmdfavorites_template)_cmdparameter[14]" type="string"         default="" />

  </settings>

  <repositorymanager>
    <entry>
      <name>Standard Commands Template</name>
      <description language='English'>Standard Template to start applications, not for direct use</description>
      <description language='German'>Standard Template um Programme zu starten, nicht direkt verwenden</description>
      <author>Carsten Thielepape</author>
      <version>6.0.0</version>
      <minorcaversion>6.0.0</minorcaversion>
      <sources>
        <source>
          <local>$var(APPLICATIONPATH)/definitions/cmdfavorites_template</local>
          <sourcefile>$var(REPOSITORYWWWPATH)/definitions/cmdfavorites_template.zip</sourcefile>
          <targetpath>definitions</targetpath>
        </source>
      </sources>
      <skipfiles>
        <file>$var(APPLICATIONPATH)/definitions/cndfavorites_template/atlas*</file>

      </skipfiles>

    </entry>
  </repositorymanager>

</orca>
