<?xml version="1.0" encoding="UTF-8"?>
<page name='Page_$dvar(definition_alias_appfavorites_template)_APPS_Popup'>
  <page_parameter>
    <popup>1</popup>
  </page_parameter>
  <elements xmlns:xi="http://www.w3.org/2001/XInclude">
    <element name='Background Dimmed' type='BACKGROUND' backgroundcolor='$var(dimmed)' />
    <element name="Anchor Inner" type="ANCHOR" posx="center" posy="%25" width="%90" height="%75">
      <element name="Frame" type="PICTURE"  picturenormal="background boxes" />
      <element name="Button Back" type="BUTTON" posx="right" posy="top" width="%5" height="of:width:self" picturenormal="button wide*" action="Show Page" actionpars='{"pagename":"$var(LASTPAGE)"}'  fontsize='%h40' caption="icon:close_window" />
      <element name='Anchor Appstart Buttons' type='ANCHOR' posx='center' posy='middle' width='%60' height='of:width:self:*0.7'>
        <xi:include href="$var(DEFINITIONPATHSKINELEMENTS)/block_buttons_appstart.xml" parse="xml" />
      </element>
    </element>
  </elements>
</page>
