<?xml version="1.0" encoding="UTF-8"?>
<orca>
  <repositorymanager>
    <entry>
      <name>Enigma2 Control</name>
      <description language='English'>Enigma2 DVB Control by Webinterface (for mediaplayer template)</description>
      <description language='German'>Enigma2 DVB Kontrolle über das Webinterface  (Für Mediaplayer Template)</description>
      <author>Carsten Thielepape</author>
      <version>5.0.2</version>
      <minorcaversion>5.0.2</minorcaversion>
      <sources>
        <source>
          <local>$var(APPLICATIONPATH)/wizard templates/mediaplayer wizard/enigma2</local>
          <sourcefile>$var(REPOSITORYWWWPATH)/wizard templates/enigma2.zip</sourcefile>
          <targetpath>wizard templates/mediaplayer wizard</targetpath>
        </source>
      </sources>
      <dependencies>
          <dependency>
              <type>definitions</type>
              <name>Mediaplayer Wizard</name>
          </dependency>
          <dependency>
          <type>codesets</type>
          <name>ENIGMA2 Control by Open WebInterface</name>
        </dependency>
        <dependency>
          <type>interfaces</type>
          <name>Wake-On-LAN</name>
        </dependency>
        <dependency>
            <type>interfaces</type>
            <name>Telnet</name>
        </dependency>
        <dependency>
          <type>scripts</type>
          <name>Enigma Discover</name>
        </dependency>
        <dependency>
            <type>scripts</type>
            <name>TV Logos Helper Script</name>
        </dependency>
          <dependency>
          <type>others</type>
          <name>TV Logo Pack Dark Silver Backgound</name>
        </dependency>

      </dependencies>
    </entry>
  </repositorymanager>
</orca>
