<?xml version="1.0" encoding="UTF-8"?>
<page name='Page_Device_$dvar(definition_alias_mediaplayer_template)'>
  <page_parameter>
    <!-- Interface and Config in this section are the default for all elements where these parameters have not been assigned to an ACTION -->
    <interface>$var($dvar(definition_alias_mediaplayer_template)_INTERFACE_MAIN)</interface>
    <configname>$var($dvar(definition_alias_mediaplayer_template)_CONFIGNAME_MAIN)</configname>
  </page_parameter>
  <elements xmlns:xi="http://www.w3.org/2001/XInclude">
    <element name='Background Main Screen' type='BACKGROUND' picturenormal='background'/>
    <element name='Picture Device' type='PICTURE' posx='%90' posy='%12' width='%25' height='of:width:self:*0.5' picturenormal='$var($dvar(definition_alias_mediaplayer_template)_DEVICEPICTURE)' action="Show Page" actionpars='{"pagename":"Page_Device_$dvar(definition_alias_mediaplayer_template)_Popup"}' />
    <element name='Device Pretty Name' type='TEXTFIELD' posx='%90' posy='of:bottom:Picture Device' width='%25' height='of:width:self:*0.1' caption='$var($dvar(definition_alias_mediaplayer_template)_PRETTYNAME)'  fontsize='%h80'/>
    <element name='Anchor BottomGap' type='ANCHOR'  posy='bottom' height='%1' />
    <element name='Anchor Left Buttons' type='ANCHOR' posx='%10' posy='of:totop:Anchor BottomGap' width='%19'  height='of:width:self:*2.8' >
        <xi:include href="$var(DEFINITIONPATHSKINELEMENTS)/block_buttons_left.xml" parse="xml" />
    </element>

    <element name='Anchor PowerOnOff' type='ANCHOR' posx='%1' posy='of:totop:Anchor BottomGap' width='of:height:self:*0.5' height='of:height:Anchor Play Buttons'>
      <xi:include href="$var(STANDARDELEMENTSPATH)/block_buttons_poweronoff.xml" parse="xml" />
    </element>

    <element name='Anchor Media section' type='ANCHOR' posx='center' posy='of:totop:Anchor BottomGap' width='%21' height='%90'>
      <element name='Frame Volumes' type='PICTURE' posx='center' posy='bottom' width='%97' height='%82' picturenormal='background boxes' />
      <element name='Anchor Media Circle' type='ANCHOR' posx='center' posy='top' height='of:width:self'>
        <xi:include href="$var(STANDARDELEMENTSPATH)/block_mediacircle.xml" parse="xml" />
      </element>
      <element name='Anchor Gap Media Circle' type='ANCHOR' posx='center' posy='of:bottom:Anchor Media Circle' height='%2'/>
      <element name='Anchor Menu Buttons' type='ANCHOR' posx='center' posy='%98' width='%90' height='of:width:self:*0.25'>
        <xi:include href="$var(DEFINITIONPATHSKINELEMENTS)/block_buttons_menu_tv.xml" parse="xml" />
      </element>
      <element name='Anchor Volume Slider' type='ANCHOR' posx='center' posy='of:bottom:Anchor Gap Media Circle' width='%90' height='%45' interface='$var($dvar(definition_alias_mediaplayer_template)_INTERFACE_VOLUME)' configname='$var($dvar(definition_alias_mediaplayer_template)_CONFIGNAME_VOLUME)'>
        <xi:include href="$var(DEFINITIONPATHSKINELEMENTS)/block_volume_slider.xml" parse="xml" condition="$var($dvar(definition_alias_mediaplayer_template)_VOLUMECONTROLTYPE)==Slider" />
      </element>
      <element name='Anchor Volume Button' type='ANCHOR' posx='center' posy='of:bottom:Anchor Gap Media Circle' width='%90' height='%45' interface='$var($dvar(definition_alias_mediaplayer_template)_INTERFACE_VOLUME)' configname='$var($dvar(definition_alias_mediaplayer_template)_CONFIGNAME_VOLUME)'>
        <xi:include href="$var(DEFINITIONPATHSKINELEMENTS)/block_volume_buttons.xml" parse="xml" condition="$var($dvar(definition_alias_mediaplayer_template)_VOLUMECONTROLTYPE)==Buttons"/>
      </element>

      <element name='Anchor Channels' type='ANCHOR' posy='of:bottom:Anchor Gap Media Circle' posx='center' width='%90' height='%45'>
        <xi:include href="$var(DEFINITIONPATHSKINELEMENTS)/block_buttons_channels.xml" parse="xml" condition="$var($dvar(definition_alias_mediaplayer_template)_SHOWCHANNELUPDOWN)==1"/>
      </element>
    </element>

    <element name='Anchor TV Logos' type='ANCHOR' posx='%97' posy='of:totop:Anchor BottomGap' width='%35' height='of:width:self' >
      <xi:include href="$var(DEFINITIONPATHSKINELEMENTS[tvfavorites_template])/block_tv_channels.xml" parse="xml" condition="$var($dvar(definition_alias_mediaplayer_template)_FAVORITES_TYPE)==TVICONS" />
    </element>
    <element name='Anchor App Buttons' type='ANCHOR' posx='%97' posy='of:totop:Anchor BottomGap' width='%35' height='of:width:self' >
      <xi:include href="$var(DEFINITIONPATHSKINELEMENTS[appfavorites_template])/block_buttons_appstart.xml" parse="xml" condition="$var($dvar(definition_alias_mediaplayer_template)_FAVORITES_TYPE)==APPBUTTONS" />
    </element>
    <element name='Anchor Cmd Buttons' type='ANCHOR' posx='%97' posy='of:totop:Anchor BottomGap' width='%35' height='of:width:self' >
        <xi:include href="$var(DEFINITIONPATHSKINELEMENTS[cmdfavorites_template])/block_buttons_cmdstart.xml" parse="xml" condition="$var($dvar(definition_alias_mediaplayer_template)_FAVORITES_TYPE)==CMDBUTTONS" />
    </element>

    <element name='Hide_Show_SecondCaption' type='SWITCH' posx='of:left:Anchor PowerOnOff' posy='of:top:Anchor NumberPad'   width='of:width:Anchor PowerOnOff' height='of:width:self' picturenormal='button square*' action='Switch Second Caption Page_Device_$dvar(definition_alias_mediaplayer_template)' destvar="Status_Second_Caption_Page_Device_$dvar(definition_alias_mediaplayer_template)" fontsize='%h30' iconfontsize='%h70' caption='icon:translate' />
  </elements>
</page>
