<?xml version="1.0" ?>
<includes  xmlns:xi="http://www.w3.org/2001/XInclude">
    <repositorymanager>
        <entry>
            <name>MCE (Microsoft) IR simple</name>
            <description language="English">MCE power on command using IR</description>
            <description language="German">MCE power on Befehl über IR</description>
            <author>Carsten Thielepape</author>
            <version>6.0.0</version>
            <minorcaversion>6.0.0</minorcaversion>
            <sources>
                <source>
                    <local>$var(APPLICATIONPATH)/codesets/infrared_ccf/CODESET_infrared_ccf_MCE.xml</local>
                    <sourcefile>$var(REPOSITORYWWWPATH)/codesets/CODESET_infrared_ccf_MCE.zip</sourcefile>
                    <targetpath>codesets/infrared_ccf</targetpath>
                </source>
            </sources>
            <dependencies>
                <dependency>
                    <type>interfaces</type>
                    <name>iTach IR Control</name>
                </dependency>
                <dependency>
                    <type>interfaces</type>
                    <name>Keene Kira IR Control</name>
                </dependency>
                <dependency>
                    <type>interfaces</type>
                    <name>IR Control on Android devices</name>
                </dependency>
            </dependencies>
        </entry>
    </repositorymanager>
    <!--
    WikiDoc:Doc
    WikiDoc:Context:Codesets
    WikiDoc:Page:Userdescription codeset infrared_ccf_MCE
    WikiDoc:TOCTitle:infrared_ccf_DENON RC 1099

    = CCF MCE =

    This codeset defines CCF commands as generic infrared commands, which can be used by th iTAch, Keene Kira, and the IR on Android interfaces
    This codeset defines the available commands for controlling devices by the commands for the Microsoft CE keyboard.
    This is a very reduced codeset, just providing the power_on command which links to he green power button on the keyboard

    WikiDoc:End
     -->

    <action string="codeset" name="power_on_green" cmd_ccf="0000 0073 0000 0042 0061 0020 0010 0010 0010 0010 0011 001F 0010 0020 0030 0020 0010 0010 0010 0010 0010 0010 0010 0010 0010 0010 0010 0010 0010 0010 0010 0010 0010 0010 0010 0006 0020 0010 0011 000F 0011 000F 0011 001F 0010 0010 0010 0010 0010 0010 0010 0010 0020 0020 0010 0010 0010 0010 0010 0010 0010 0010 0010 0010 0020 0010 0011 001F 0020 0920 0061 0020 0010 0010 0011 000F 0011 001F 0010 0020 0030 0020 0010 0010 0011 000F 0010 0010 0010 0010 0010 0010 0010 0010 0010 0010 0010 0010 0010 0010 0010 0010 0020 0010 0010 0010 0011 000F 0011 001F 0010 0010 0010 0010 0010 0010 0010 0010 0020 0020 0010 0010 0010 0010 0010 0010 0010 0010 0010 0010 0020 0010 0011 001F 0020 0E12" repeatcount="1" type="string"/>
    <action string="codeset" name="power_on" cmd_ccf="0000 0073 0000 0044 0061 0020 0010 0010 0010 0010 0010 0020 0010 0020 0030 0020 0010 0010 0010 0010 0010 0010 0010 0010 0010 0010 0010 0010 0010 0010 0010 0010 0010 0010 0010 0010 0020 0010 0011 000F 0010 0010 0011 0010 0010 001F 0010 0010 0010 0010 0010 0010 0020 0020 0010 0010 0010 0010 0010 0010 0010 0010 0010 0010 0020 0010 0010 0020 0010 0010 0010 0180 0061 0020 0010 0010 0010 0010 0010 0020 0010 0020 0030 0020 0010 0010 0010 0010 0010 0010 0010 0010 0010 0010 0010 0010 0010 0010 0010 0010 0010 0010 0010 0010 0020 0010 0010 0010 0010 0010 0010 0010 0010 0020 0010 0010 0010 0010 0010 0010 0020 0020 0010 0010 0010 0010 0010 0010 0010 0010 0010 0010 0020 0010 0010 0020 0010 0010 0010 0E12" repeatcount="1" type="string"/>
</includes>
