<?xml version="1.0" encoding="UTF-8"?>
<elements>
  <element name='Button Number 1' type='BUTTON' posx='left'          posy='top'            width='%33.3' height='of:width:self' picturenormal='button round*' action='$var($dvar(definition_alias_mediaplayer_template)_CMD_NUMBERPADBUTTON[1])'    fontsize='%h40'  caption='$var($dvar(definition_alias_mediaplayer_template)_TEXT_NUMBERPADBUTTON[1])' />
  <element name='Button Number 2' type='BUTTON' posx='of:right:last' posy='top'            width='%33.3' height='of:width:self' picturenormal='button round*' action='$var($dvar(definition_alias_mediaplayer_template)_CMD_NUMBERPADBUTTON[2])'    fontsize='%h40'  caption='$var($dvar(definition_alias_mediaplayer_template)_TEXT_NUMBERPADBUTTON[2])' />
  <element name='Button Number 3' type='BUTTON' posx='of:right:last' posy='top'            width='%33.3' height='of:width:self' picturenormal='button round*' action='$var($dvar(definition_alias_mediaplayer_template)_CMD_NUMBERPADBUTTON[3])'    fontsize='%h40'  caption='$var($dvar(definition_alias_mediaplayer_template)_TEXT_NUMBERPADBUTTON[3])' />
  <element name='Button Number 4' type='BUTTON' posx='left'          posy='of:bottom:last' width='%33.3' height='of:width:self' picturenormal='button round*' action='$var($dvar(definition_alias_mediaplayer_template)_CMD_NUMBERPADBUTTON[4])'    fontsize='%h40'  caption='$var($dvar(definition_alias_mediaplayer_template)_TEXT_NUMBERPADBUTTON[4])' />
  <element name='Button Number 5' type='BUTTON' posx='of:right:last' posy='of:top:last'    width='%33.3' height='of:width:self' picturenormal='button round*' action='$var($dvar(definition_alias_mediaplayer_template)_CMD_NUMBERPADBUTTON[5])'    fontsize='%h40'  caption='$var($dvar(definition_alias_mediaplayer_template)_TEXT_NUMBERPADBUTTON[5])' />
  <element name='Button Number 6' type='BUTTON' posx='of:right:last' posy='of:top:last'    width='%33.3' height='of:width:self' picturenormal='button round*' action='$var($dvar(definition_alias_mediaplayer_template)_CMD_NUMBERPADBUTTON[6])'    fontsize='%h40'  caption='$var($dvar(definition_alias_mediaplayer_template)_TEXT_NUMBERPADBUTTON[6])' />
  <element name='Button Number 7' type='BUTTON' posx='left'          posy='of:bottom:last' width='%33.3' height='of:width:self' picturenormal='button round*' action='$var($dvar(definition_alias_mediaplayer_template)_CMD_NUMBERPADBUTTON[7])'    fontsize='%h40'  caption='$var($dvar(definition_alias_mediaplayer_template)_TEXT_NUMBERPADBUTTON[7])' />
  <element name='Button Number 8' type='BUTTON' posx='of:right:last' posy='of:top:last'    width='%33.3' height='of:width:self' picturenormal='button round*' action='$var($dvar(definition_alias_mediaplayer_template)_CMD_NUMBERPADBUTTON[8])'    fontsize='%h40'  caption='$var($dvar(definition_alias_mediaplayer_template)_TEXT_NUMBERPADBUTTON[8])' />
  <element name='Button Number 9' type='BUTTON' posx='of:right:last' posy='of:top:last'    width='%33.3' height='of:width:self' picturenormal='button round*' action='$var($dvar(definition_alias_mediaplayer_template)_CMD_NUMBERPADBUTTON[9])'    fontsize='%h40'  caption='$var($dvar(definition_alias_mediaplayer_template)_TEXT_NUMBERPADBUTTON[9])' />
  <element name='Button Number 10' type='BUTTON' posx='left'          posy='of:bottom:last' width='%33.3' height='of:width:self' picturenormal='button round*' action='$var($dvar(definition_alias_mediaplayer_template)_CMD_NUMBERPADBUTTON[10])'  fontsize='%h40'  caption='$var($dvar(definition_alias_mediaplayer_template)_TEXT_NUMBERPADBUTTON[10])' />
  <element name='Button Number 0' type='BUTTON' posx='of:right:last' posy='of:top:last'    width='%33.3' height='of:width:self' picturenormal='button round*' action='$var($dvar(definition_alias_mediaplayer_template)_CMD_NUMBERPADBUTTON[0])'    fontsize='%h40'  caption='$var($dvar(definition_alias_mediaplayer_template)_TEXT_NUMBERPADBUTTON[0])' />
  <element name='Button Number 11' type='BUTTON' posx='of:right:last' posy='of:top:last'    width='%33.3' height='of:width:self' picturenormal='button round*' action='$var($dvar(definition_alias_mediaplayer_template)_CMD_NUMBERPADBUTTON[11])'  fontsize='%h40'  caption='$var($dvar(definition_alias_mediaplayer_template)_TEXT_NUMBERPADBUTTON[11])' />
</elements>
