<?xml version="1.0" encoding="UTF-8"?>
<elements>
  <element name='$dvar(definition_alias_FHEMFS20LIGHTS)_Picture SWITCHBULB all OFF' type='PICTURE' posx='center' posy='top' height='of:width:self:*1.4' picturenormal='bulb off'/>
  <element name='$dvar(definition_alias_FHEMFS20LIGHTS)_Picture SWITCHBULB all ON'  type='PICTURE' posx='center' posy='top' height='of:width:self:*1.4' picturenormal='bulb on' enabled='0'/>
  <element name='Anchor Switch all Gap1' type='ANCHOR' height='%2' posy='of:bottom:$dvar(definition_alias_FHEMFS20LIGHTS)_Picture SWITCHBULB all ON' />
  <element name='Anchor Switch all Inner' type='ANCHOR' width='%80' height='%75' posy='of:bottom:Anchor Switch all Gap1' posx='center'>
    <element name='Button Power On all' type='BUTTON'  posy='top'    height='of:width:self'     picturenormal='button square*' action='$dvar(definition_alias_FHEMFS20LIGHTS)_Send Switch On Switch all'  fontsize='%h60' textcolor='$var(green)' caption='icon:power_on' />
    <element name='Button Power Off all' type='BUTTON' posy='bottom' height='of:width:self'     picturenormal='button square*' action='$dvar(definition_alias_FHEMFS20LIGHTS)_Send Switch Off Switch all' fontsize='%h60' textcolor='$var(red)' caption='icon:power_off' />
  </element>
  <element name="$dvar(definition_alias_FHEMFS20LIGHTS)_Label Switch all" type="TEXTFIELD" posx="center" posy="bottom" width="%145" height="%5"  caption='$var($dvar(definition_alias_FHEMFS20LIGHTS)_SWITCHALL_LABEL)' htextalign='center' vtextalign='bottom' fontsize='%h60'/>
</elements>
