<?xml version="1.0" encoding="UTF-8"?>
<elements xmlns:xi="http://www.w3.org/2001/XInclude">
  <element name='Anchor Dimmer 1' type='ANCHOR' posx='left'  width='%15' >
    <xi:include href="$var(DEFINITIONPATHSKINELEMENTS)/block_dimmer_1.xml" parse="xml" condition="'$var($dvar(definition_alias_FHEMFS20LIGHTS)_DIMMER1_NAME_FHEM)'!=''" />
  </element>
  <element name='Anchor Dimmer 2' type='ANCHOR' posx='%25'  width='%15' >
    <xi:include href="$var(DEFINITIONPATHSKINELEMENTS)/block_dimmer_2.xml" parse="xml" condition="'$var($dvar(definition_alias_FHEMFS20LIGHTS)_DIMMER2_NAME_FHEM)'!=''" />
  </element>
  <element name='Anchor Dimmer 3' type='ANCHOR' posx='%50'  width='%15' >
    <xi:include href="$var(DEFINITIONPATHSKINELEMENTS)/block_dimmer_3.xml" parse="xml" condition="'$var($dvar(definition_alias_FHEMFS20LIGHTS)_DIMMER3_NAME_FHEM)'!=''" />
  </element>
  <element name='Anchor Dimmer 4' type='ANCHOR' posx='%75'  width='%15' >
    <xi:include href="$var(DEFINITIONPATHSKINELEMENTS)/block_dimmer_4.xml" parse="xml" condition="'$var($dvar(definition_alias_FHEMFS20LIGHTS)_DIMMER4_NAME_FHEM)'!=''" />
  </element>
  <element name='Anchor Dimmer all' type='ANCHOR' posx='right'  width='%15' >
    <xi:include href="$var(DEFINITIONPATHSKINELEMENTS)/block_dimmer_all.xml" parse="xml"  condition="$var($dvar(definition_alias_FHEMFS20LIGHTS)_CNTFHEMDIMMERS)&gt;1" />
  </element>
</elements>
