<?xml version="1.0" encoding="UTF-8"?>
<orca>
  <def_parameter>
    <maxx>19200</maxx>
    <maxy>11280</maxy>
    <defaultfont></defaultfont>
    <fontsize_button>%h30</fontsize_button>
    <fontsize_text>%h30</fontsize_text>
    <support>http://www.orca-remote.org/forum/</support>
    <installationhint></installationhint>
    <orientations>landscape,portrait</orientations>
    <definitionvars>{"definition_alias_elv_max":"ELV_MAX"}</definitionvars>
  </def_parameter>

  <startskip condition="$dvar(definition_alias_elv_max_IMPORTPAGES)=0"/>
    <pages xmlns:xi="http://www.w3.org/2001/XInclude">
      <xi:include href="$var(DEFINITIONPATH)/page_*" parse="xml"></xi:include>
      <xi:include href="$var(DEFINITIONPATHSKINELEMENTS)/pages/landscape_largesize/page_*" parse="xml" condition="$var(SCREEN)==SCREEN_LL"></xi:include>
      <xi:include href="$var(DEFINITIONPATHSKINELEMENTS)/pages/landscape_largesize/page_*" parse="xml" condition="$var(SCREEN)==SCREEN_LL"></xi:include>
      <xi:include href="$var(DEFINITIONPATHSKINELEMENTS)/pages/portrait_largesize/page_*" parse="xml" condition="$var(SCREEN)==SCREEN_PL"></xi:include>
      <xi:include href="$var(DEFINITIONPATHSKINELEMENTS)/pages/portrait_largesize/page_*" parse="xml" condition="$var(SCREEN)==SCREEN_PL"></xi:include>
      <xi:include href="$var(STANDARDPAGESPATH)/page_*" parse="xml" condition="$var(ORCASTANDARDPAGESINCLUDED)!=1"></xi:include>
    </pages>
  <stopskip/>

  <interface_setup>
      <interface name="elv_max">
        <configuration name ="DEVICE_$dvar(definition_alias_elv_max)">
          <setting name="Host" parameter="discover"/>
          <setting name="FNCodeset" parameter="CODESET_elv_max_DEFAULT.xml"/>
          <setting name="DiscoverScriptName" parameter="discover_elvmax"/>
          <setting name="SaveDiscoveredIP" parameter="1"/>
          <setting name="OldDiscoveredIP" parameter=""/>
        </configuration>
      </interface>
  </interface_setup>

  <settings>
    <!-- Interfaces -->
    <setting title="$lvar(561)" type='section' />
    <setting title="$lvar(700)"  desc="$lvar(701)" var="$dvar(definition_alias_elv_max)_INTERFACE_MAIN"     type="scrolloptions"    default="elv_max" options='$var(INTERFACENAMES)'/>
    <setting title="$lvar(702)"  desc="$lvar(703)" var="$dvar(definition_alias_elv_max)_CONFIGNAME_MAIN"    type="string"           default="DEVICE_$dvar(definition_alias_elv_max)" />

    <setting title="$lvar(elvmax_10200)"   type='title' />
    <setting title="$lvar(elvmax_10202)" desc="$lvar(elvmax_10203)"    var="$dvar(definition_alias_elv_max)_max_temperature" type="numericslider" default="25" min="0" max="60" roundpos="0"/>
    <setting title="$lvar(elvmax_10204)" desc="$lvar(elvmax_10204)"    var="$dvar(definition_alias_elv_max)_min_temperature" type="numericslider" default="10" min="0" max="60" roundpos="0"/>
    <setting title="$lvar(elvmax_10240)" desc="$lvar(elvmax_10241)"    var="$dvar(definition_alias_elv_max)_NAVIGATIONBAR"   type="string"   default="$var(STANDARDELEMENTSPATH)/block_topline.xml" />
    <setting title="$lvar(elvmax_10242)" desc="$lvar(elvmax_10243)"    var="$dvar(definition_alias_elv_max)_DEVICEPICTURE"   type='string'   default='$var(DEFINITIONPATH[elv max])/pics/logo.png'  />

  </settings>
  <repositorymanager>
    <entry>
      <name>ELV MAX</name>
      <description language='English'>ELV MAX heating control</description>
      <description language='German'>ELV MAX Heizungs Steuerung</description>
      <author>Carsten Thielepape</author>
      <version>5.0.2</version>
      <minorcaversion>5.0.2</minorcaversion>
      <sources>
        <source>
          <local>$var(APPLICATIONPATH)/definitions/elv max</local>
          <sourcefile>$var(REPOSITORYWWWPATH)/definitions/elv max.zip</sourcefile>
          <targetpath>definitions</targetpath>
        </source>
      </sources>
      <dependencies>
        <dependency>
          <type>codesets</type>
          <name>ELV Max</name>
        </dependency>
      </dependencies>
      <skipfiles>
        <file>$var(APPLICATIONPATH)/definitions/elv max/interfacesettings*</file>
        <file>$var(APPLICATIONPATH)/definitions/elv max/atlas*</file>
      </skipfiles>
    </entry>
  </repositorymanager>
</orca>
